ISO-10303-21;
HEADER;
/* Generated by software containing ST-Developer
 * from STEP Tools, Inc. (www.steptools.com) 
 */

FILE_DESCRIPTION(
/* description */ ('KiCad electronic assembly'),
/* implementation_level */ '2;1');

FILE_NAME(
/* name */ 'blandpad-top.step',
/* time_stamp */ '2026-03-27T17:55:53+05:30',
/* author */ (''),
/* organization */ (''),
/* preprocessor_version */ 'ST-DEVELOPER v20.1',
/* originating_system */ 'Autodesk Translation Framework v14.24.0.0',
/* authorisation */ '');

FILE_SCHEMA (('AUTOMOTIVE_DESIGN { 1 0 10303 214 3 1 1 }'));
ENDSEC;

DATA;
#10=MECHANICAL_DESIGN_GEOMETRIC_PRESENTATION_REPRESENTATION('',(#13),#2951);
#11=SHAPE_REPRESENTATION_RELATIONSHIP('SRR','None',#2957,#12);
#12=ADVANCED_BREP_SHAPE_REPRESENTATION('',(#14),#2950);
#13=STYLED_ITEM('',(#2968),#14);
#14=MANIFOLD_SOLID_BREP('Body2',#1751);
#15=CYLINDRICAL_SURFACE('',#1799,0.499999999999998);
#16=CYLINDRICAL_SURFACE('',#1802,0.500000000000003);
#17=CYLINDRICAL_SURFACE('',#1805,0.500000000000003);
#18=CYLINDRICAL_SURFACE('',#1808,0.500000000000003);
#19=CYLINDRICAL_SURFACE('',#1811,0.499999999999998);
#20=CYLINDRICAL_SURFACE('',#1814,0.500000000000003);
#21=CYLINDRICAL_SURFACE('',#1817,0.500000000000003);
#22=CYLINDRICAL_SURFACE('',#1820,0.499999999999998);
#23=CYLINDRICAL_SURFACE('',#1823,0.499999999999998);
#24=CYLINDRICAL_SURFACE('',#1826,0.499999999999998);
#25=CYLINDRICAL_SURFACE('',#1829,0.499999999999998);
#26=CYLINDRICAL_SURFACE('',#1832,0.499999999999998);
#27=CYLINDRICAL_SURFACE('',#1835,0.499999999999998);
#28=CYLINDRICAL_SURFACE('',#1838,0.499999999999998);
#29=CYLINDRICAL_SURFACE('',#1841,0.499999999999998);
#30=CYLINDRICAL_SURFACE('',#1844,0.499999999999998);
#31=CYLINDRICAL_SURFACE('',#1847,0.500000000000003);
#32=CYLINDRICAL_SURFACE('',#1850,0.499999999999998);
#33=CYLINDRICAL_SURFACE('',#1853,2.);
#34=CYLINDRICAL_SURFACE('',#1856,2.);
#35=CYLINDRICAL_SURFACE('',#1883,2.);
#36=CYLINDRICAL_SURFACE('',#1885,2.);
#37=CYLINDRICAL_SURFACE('',#1887,1.45);
#38=CYLINDRICAL_SURFACE('',#1888,1.45);
#39=CYLINDRICAL_SURFACE('',#1889,1.45);
#40=CYLINDRICAL_SURFACE('',#1890,1.45);
#41=CYLINDRICAL_SURFACE('',#1892,0.500000000000003);
#42=CYLINDRICAL_SURFACE('',#1894,0.499999999999998);
#43=CYLINDRICAL_SURFACE('',#1896,0.499999999999998);
#44=CYLINDRICAL_SURFACE('',#1898,0.499999999999998);
#45=CYLINDRICAL_SURFACE('',#1900,0.499999999999998);
#46=CYLINDRICAL_SURFACE('',#1902,0.499999999999998);
#47=CYLINDRICAL_SURFACE('',#1904,0.499999999999998);
#48=CYLINDRICAL_SURFACE('',#1906,0.500000000000003);
#49=CYLINDRICAL_SURFACE('',#1908,0.500000000000003);
#50=CYLINDRICAL_SURFACE('',#1910,0.500000000000003);
#51=CYLINDRICAL_SURFACE('',#1912,0.499999999999998);
#52=CYLINDRICAL_SURFACE('',#1914,0.500000000000003);
#53=CYLINDRICAL_SURFACE('',#1916,0.499999999999998);
#54=CYLINDRICAL_SURFACE('',#1918,0.499999999999998);
#55=CYLINDRICAL_SURFACE('',#1920,0.500000000000003);
#56=CYLINDRICAL_SURFACE('',#1922,0.499999999999998);
#57=CYLINDRICAL_SURFACE('',#1924,0.499999999999998);
#58=CYLINDRICAL_SURFACE('',#1926,0.499999999999998);
#59=FACE_BOUND('',#172,.T.);
#60=FACE_BOUND('',#173,.T.);
#61=FACE_BOUND('',#174,.T.);
#62=FACE_BOUND('',#175,.T.);
#63=FACE_BOUND('',#176,.T.);
#64=FACE_BOUND('',#177,.T.);
#65=FACE_BOUND('',#178,.T.);
#66=FACE_BOUND('',#179,.T.);
#67=FACE_BOUND('',#180,.T.);
#68=FACE_BOUND('',#181,.T.);
#69=FACE_BOUND('',#182,.T.);
#70=FACE_BOUND('',#183,.T.);
#71=FACE_BOUND('',#184,.T.);
#72=FACE_BOUND('',#226,.T.);
#73=FACE_BOUND('',#227,.T.);
#74=FACE_BOUND('',#228,.T.);
#75=FACE_BOUND('',#229,.T.);
#76=FACE_BOUND('',#230,.T.);
#77=FACE_BOUND('',#231,.T.);
#78=FACE_BOUND('',#232,.T.);
#79=FACE_BOUND('',#233,.T.);
#80=FACE_BOUND('',#234,.T.);
#81=FACE_BOUND('',#235,.T.);
#82=FACE_BOUND('',#236,.T.);
#83=FACE_BOUND('',#237,.T.);
#84=FACE_BOUND('',#238,.T.);
#85=FACE_OUTER_BOUND('',#171,.T.);
#86=FACE_OUTER_BOUND('',#185,.T.);
#87=FACE_OUTER_BOUND('',#186,.T.);
#88=FACE_OUTER_BOUND('',#187,.T.);
#89=FACE_OUTER_BOUND('',#188,.T.);
#90=FACE_OUTER_BOUND('',#189,.T.);
#91=FACE_OUTER_BOUND('',#190,.T.);
#92=FACE_OUTER_BOUND('',#191,.T.);
#93=FACE_OUTER_BOUND('',#192,.T.);
#94=FACE_OUTER_BOUND('',#193,.T.);
#95=FACE_OUTER_BOUND('',#194,.T.);
#96=FACE_OUTER_BOUND('',#195,.T.);
#97=FACE_OUTER_BOUND('',#196,.T.);
#98=FACE_OUTER_BOUND('',#197,.T.);
#99=FACE_OUTER_BOUND('',#198,.T.);
#100=FACE_OUTER_BOUND('',#199,.T.);
#101=FACE_OUTER_BOUND('',#200,.T.);
#102=FACE_OUTER_BOUND('',#201,.T.);
#103=FACE_OUTER_BOUND('',#202,.T.);
#104=FACE_OUTER_BOUND('',#203,.T.);
#105=FACE_OUTER_BOUND('',#204,.T.);
#106=FACE_OUTER_BOUND('',#205,.T.);
#107=FACE_OUTER_BOUND('',#206,.T.);
#108=FACE_OUTER_BOUND('',#207,.T.);
#109=FACE_OUTER_BOUND('',#208,.T.);
#110=FACE_OUTER_BOUND('',#209,.T.);
#111=FACE_OUTER_BOUND('',#210,.T.);
#112=FACE_OUTER_BOUND('',#211,.T.);
#113=FACE_OUTER_BOUND('',#212,.T.);
#114=FACE_OUTER_BOUND('',#213,.T.);
#115=FACE_OUTER_BOUND('',#214,.T.);
#116=FACE_OUTER_BOUND('',#215,.T.);
#117=FACE_OUTER_BOUND('',#216,.T.);
#118=FACE_OUTER_BOUND('',#217,.T.);
#119=FACE_OUTER_BOUND('',#218,.T.);
#120=FACE_OUTER_BOUND('',#219,.T.);
#121=FACE_OUTER_BOUND('',#220,.T.);
#122=FACE_OUTER_BOUND('',#221,.T.);
#123=FACE_OUTER_BOUND('',#222,.T.);
#124=FACE_OUTER_BOUND('',#223,.T.);
#125=FACE_OUTER_BOUND('',#224,.T.);
#126=FACE_OUTER_BOUND('',#225,.T.);
#127=FACE_OUTER_BOUND('',#239,.T.);
#128=FACE_OUTER_BOUND('',#240,.T.);
#129=FACE_OUTER_BOUND('',#241,.T.);
#130=FACE_OUTER_BOUND('',#242,.T.);
#131=FACE_OUTER_BOUND('',#243,.T.);
#132=FACE_OUTER_BOUND('',#244,.T.);
#133=FACE_OUTER_BOUND('',#245,.T.);
#134=FACE_OUTER_BOUND('',#246,.T.);
#135=FACE_OUTER_BOUND('',#247,.T.);
#136=FACE_OUTER_BOUND('',#248,.T.);
#137=FACE_OUTER_BOUND('',#249,.T.);
#138=FACE_OUTER_BOUND('',#250,.T.);
#139=FACE_OUTER_BOUND('',#251,.T.);
#140=FACE_OUTER_BOUND('',#252,.T.);
#141=FACE_OUTER_BOUND('',#253,.T.);
#142=FACE_OUTER_BOUND('',#254,.T.);
#143=FACE_OUTER_BOUND('',#255,.T.);
#144=FACE_OUTER_BOUND('',#256,.T.);
#145=FACE_OUTER_BOUND('',#257,.T.);
#146=FACE_OUTER_BOUND('',#258,.T.);
#147=FACE_OUTER_BOUND('',#259,.T.);
#148=FACE_OUTER_BOUND('',#260,.T.);
#149=FACE_OUTER_BOUND('',#261,.T.);
#150=FACE_OUTER_BOUND('',#262,.T.);
#151=FACE_OUTER_BOUND('',#263,.T.);
#152=FACE_OUTER_BOUND('',#264,.T.);
#153=FACE_OUTER_BOUND('',#265,.T.);
#154=FACE_OUTER_BOUND('',#266,.T.);
#155=FACE_OUTER_BOUND('',#267,.T.);
#156=FACE_OUTER_BOUND('',#268,.T.);
#157=FACE_OUTER_BOUND('',#269,.T.);
#158=FACE_OUTER_BOUND('',#270,.T.);
#159=FACE_OUTER_BOUND('',#271,.T.);
#160=FACE_OUTER_BOUND('',#272,.T.);
#161=FACE_OUTER_BOUND('',#273,.T.);
#162=FACE_OUTER_BOUND('',#274,.T.);
#163=FACE_OUTER_BOUND('',#275,.T.);
#164=FACE_OUTER_BOUND('',#276,.T.);
#165=FACE_OUTER_BOUND('',#277,.T.);
#166=FACE_OUTER_BOUND('',#278,.T.);
#167=FACE_OUTER_BOUND('',#279,.T.);
#168=FACE_OUTER_BOUND('',#280,.T.);
#169=FACE_OUTER_BOUND('',#281,.T.);
#170=FACE_OUTER_BOUND('',#282,.T.);
#171=EDGE_LOOP('',(#1119,#1120,#1121,#1122,#1123,#1124,#1125,#1126));
#172=EDGE_LOOP('',(#1127));
#173=EDGE_LOOP('',(#1128));
#174=EDGE_LOOP('',(#1129));
#175=EDGE_LOOP('',(#1130));
#176=EDGE_LOOP('',(#1131,#1132,#1133,#1134,#1135,#1136,#1137,#1138));
#177=EDGE_LOOP('',(#1139,#1140,#1141,#1142,#1143,#1144,#1145,#1146));
#178=EDGE_LOOP('',(#1147,#1148,#1149,#1150,#1151,#1152,#1153,#1154));
#179=EDGE_LOOP('',(#1155,#1156,#1157,#1158,#1159,#1160,#1161,#1162));
#180=EDGE_LOOP('',(#1163,#1164,#1165,#1166,#1167,#1168,#1169,#1170));
#181=EDGE_LOOP('',(#1171,#1172,#1173,#1174,#1175,#1176,#1177,#1178));
#182=EDGE_LOOP('',(#1179,#1180,#1181,#1182,#1183,#1184,#1185,#1186));
#183=EDGE_LOOP('',(#1187,#1188,#1189,#1190,#1191,#1192,#1193,#1194));
#184=EDGE_LOOP('',(#1195,#1196,#1197,#1198,#1199,#1200,#1201,#1202));
#185=EDGE_LOOP('',(#1203,#1204,#1205,#1206));
#186=EDGE_LOOP('',(#1207,#1208,#1209,#1210));
#187=EDGE_LOOP('',(#1211,#1212,#1213,#1214));
#188=EDGE_LOOP('',(#1215,#1216,#1217,#1218));
#189=EDGE_LOOP('',(#1219,#1220,#1221,#1222));
#190=EDGE_LOOP('',(#1223,#1224,#1225,#1226));
#191=EDGE_LOOP('',(#1227,#1228,#1229,#1230));
#192=EDGE_LOOP('',(#1231,#1232,#1233,#1234));
#193=EDGE_LOOP('',(#1235,#1236,#1237,#1238));
#194=EDGE_LOOP('',(#1239,#1240,#1241,#1242));
#195=EDGE_LOOP('',(#1243,#1244,#1245,#1246));
#196=EDGE_LOOP('',(#1247,#1248,#1249,#1250));
#197=EDGE_LOOP('',(#1251,#1252,#1253,#1254));
#198=EDGE_LOOP('',(#1255,#1256,#1257,#1258));
#199=EDGE_LOOP('',(#1259,#1260,#1261,#1262));
#200=EDGE_LOOP('',(#1263,#1264,#1265,#1266));
#201=EDGE_LOOP('',(#1267,#1268,#1269,#1270));
#202=EDGE_LOOP('',(#1271,#1272,#1273,#1274));
#203=EDGE_LOOP('',(#1275,#1276,#1277,#1278));
#204=EDGE_LOOP('',(#1279,#1280,#1281,#1282));
#205=EDGE_LOOP('',(#1283,#1284,#1285,#1286));
#206=EDGE_LOOP('',(#1287,#1288,#1289,#1290));
#207=EDGE_LOOP('',(#1291,#1292,#1293,#1294));
#208=EDGE_LOOP('',(#1295,#1296,#1297,#1298));
#209=EDGE_LOOP('',(#1299,#1300,#1301,#1302));
#210=EDGE_LOOP('',(#1303,#1304,#1305,#1306));
#211=EDGE_LOOP('',(#1307,#1308,#1309,#1310));
#212=EDGE_LOOP('',(#1311,#1312,#1313,#1314));
#213=EDGE_LOOP('',(#1315,#1316,#1317,#1318));
#214=EDGE_LOOP('',(#1319,#1320,#1321,#1322));
#215=EDGE_LOOP('',(#1323,#1324,#1325,#1326));
#216=EDGE_LOOP('',(#1327,#1328,#1329,#1330));
#217=EDGE_LOOP('',(#1331,#1332,#1333,#1334));
#218=EDGE_LOOP('',(#1335,#1336,#1337,#1338));
#219=EDGE_LOOP('',(#1339,#1340,#1341,#1342));
#220=EDGE_LOOP('',(#1343,#1344,#1345,#1346));
#221=EDGE_LOOP('',(#1347,#1348,#1349,#1350));
#222=EDGE_LOOP('',(#1351,#1352,#1353,#1354));
#223=EDGE_LOOP('',(#1355,#1356,#1357,#1358));
#224=EDGE_LOOP('',(#1359,#1360,#1361,#1362));
#225=EDGE_LOOP('',(#1363,#1364,#1365,#1366,#1367,#1368,#1369,#1370));
#226=EDGE_LOOP('',(#1371));
#227=EDGE_LOOP('',(#1372));
#228=EDGE_LOOP('',(#1373));
#229=EDGE_LOOP('',(#1374));
#230=EDGE_LOOP('',(#1375,#1376,#1377,#1378,#1379,#1380,#1381,#1382));
#231=EDGE_LOOP('',(#1383,#1384,#1385,#1386,#1387,#1388,#1389,#1390));
#232=EDGE_LOOP('',(#1391,#1392,#1393,#1394,#1395,#1396,#1397,#1398));
#233=EDGE_LOOP('',(#1399,#1400,#1401,#1402,#1403,#1404,#1405,#1406));
#234=EDGE_LOOP('',(#1407,#1408,#1409,#1410,#1411,#1412,#1413,#1414));
#235=EDGE_LOOP('',(#1415,#1416,#1417,#1418,#1419,#1420,#1421,#1422));
#236=EDGE_LOOP('',(#1423,#1424,#1425,#1426,#1427,#1428,#1429,#1430));
#237=EDGE_LOOP('',(#1431,#1432,#1433,#1434,#1435,#1436,#1437,#1438));
#238=EDGE_LOOP('',(#1439,#1440,#1441,#1442,#1443,#1444,#1445,#1446));
#239=EDGE_LOOP('',(#1447,#1448,#1449,#1450));
#240=EDGE_LOOP('',(#1451,#1452,#1453,#1454));
#241=EDGE_LOOP('',(#1455,#1456,#1457,#1458));
#242=EDGE_LOOP('',(#1459,#1460,#1461,#1462));
#243=EDGE_LOOP('',(#1463,#1464,#1465,#1466));
#244=EDGE_LOOP('',(#1467,#1468,#1469,#1470));
#245=EDGE_LOOP('',(#1471,#1472,#1473,#1474));
#246=EDGE_LOOP('',(#1475,#1476,#1477,#1478));
#247=EDGE_LOOP('',(#1479,#1480,#1481,#1482));
#248=EDGE_LOOP('',(#1483,#1484,#1485,#1486));
#249=EDGE_LOOP('',(#1487,#1488,#1489,#1490));
#250=EDGE_LOOP('',(#1491,#1492,#1493,#1494));
#251=EDGE_LOOP('',(#1495,#1496,#1497,#1498));
#252=EDGE_LOOP('',(#1499,#1500,#1501,#1502));
#253=EDGE_LOOP('',(#1503,#1504,#1505,#1506));
#254=EDGE_LOOP('',(#1507,#1508,#1509,#1510));
#255=EDGE_LOOP('',(#1511,#1512,#1513,#1514));
#256=EDGE_LOOP('',(#1515,#1516,#1517,#1518));
#257=EDGE_LOOP('',(#1519,#1520,#1521,#1522));
#258=EDGE_LOOP('',(#1523,#1524,#1525,#1526));
#259=EDGE_LOOP('',(#1527,#1528,#1529,#1530));
#260=EDGE_LOOP('',(#1531,#1532,#1533,#1534));
#261=EDGE_LOOP('',(#1535,#1536,#1537,#1538));
#262=EDGE_LOOP('',(#1539,#1540,#1541,#1542));
#263=EDGE_LOOP('',(#1543,#1544,#1545,#1546));
#264=EDGE_LOOP('',(#1547,#1548,#1549,#1550));
#265=EDGE_LOOP('',(#1551,#1552,#1553,#1554));
#266=EDGE_LOOP('',(#1555,#1556,#1557,#1558));
#267=EDGE_LOOP('',(#1559,#1560,#1561,#1562));
#268=EDGE_LOOP('',(#1563,#1564,#1565,#1566));
#269=EDGE_LOOP('',(#1567,#1568,#1569,#1570));
#270=EDGE_LOOP('',(#1571,#1572,#1573,#1574));
#271=EDGE_LOOP('',(#1575,#1576,#1577,#1578));
#272=EDGE_LOOP('',(#1579,#1580,#1581,#1582));
#273=EDGE_LOOP('',(#1583,#1584,#1585,#1586));
#274=EDGE_LOOP('',(#1587,#1588,#1589,#1590));
#275=EDGE_LOOP('',(#1591,#1592,#1593,#1594));
#276=EDGE_LOOP('',(#1595,#1596,#1597,#1598));
#277=EDGE_LOOP('',(#1599,#1600,#1601,#1602));
#278=EDGE_LOOP('',(#1603,#1604,#1605,#1606));
#279=EDGE_LOOP('',(#1607,#1608,#1609,#1610));
#280=EDGE_LOOP('',(#1611,#1612,#1613,#1614));
#281=EDGE_LOOP('',(#1615,#1616,#1617,#1618));
#282=EDGE_LOOP('',(#1619,#1620,#1621,#1622));
#283=LINE('',#2447,#447);
#284=LINE('',#2451,#448);
#285=LINE('',#2455,#449);
#286=LINE('',#2458,#450);
#287=LINE('',#2471,#451);
#288=LINE('',#2475,#452);
#289=LINE('',#2479,#453);
#290=LINE('',#2482,#454);
#291=LINE('',#2487,#455);
#292=LINE('',#2491,#456);
#293=LINE('',#2495,#457);
#294=LINE('',#2498,#458);
#295=LINE('',#2503,#459);
#296=LINE('',#2507,#460);
#297=LINE('',#2511,#461);
#298=LINE('',#2514,#462);
#299=LINE('',#2519,#463);
#300=LINE('',#2523,#464);
#301=LINE('',#2527,#465);
#302=LINE('',#2530,#466);
#303=LINE('',#2535,#467);
#304=LINE('',#2539,#468);
#305=LINE('',#2543,#469);
#306=LINE('',#2546,#470);
#307=LINE('',#2551,#471);
#308=LINE('',#2555,#472);
#309=LINE('',#2559,#473);
#310=LINE('',#2562,#474);
#311=LINE('',#2567,#475);
#312=LINE('',#2571,#476);
#313=LINE('',#2575,#477);
#314=LINE('',#2578,#478);
#315=LINE('',#2583,#479);
#316=LINE('',#2587,#480);
#317=LINE('',#2591,#481);
#318=LINE('',#2594,#482);
#319=LINE('',#2599,#483);
#320=LINE('',#2603,#484);
#321=LINE('',#2607,#485);
#322=LINE('',#2610,#486);
#323=LINE('',#2613,#487);
#324=LINE('',#2615,#488);
#325=LINE('',#2616,#489);
#326=LINE('',#2619,#490);
#327=LINE('',#2623,#491);
#328=LINE('',#2624,#492);
#329=LINE('',#2627,#493);
#330=LINE('',#2631,#494);
#331=LINE('',#2633,#495);
#332=LINE('',#2634,#496);
#333=LINE('',#2637,#497);
#334=LINE('',#2641,#498);
#335=LINE('',#2642,#499);
#336=LINE('',#2645,#500);
#337=LINE('',#2649,#501);
#338=LINE('',#2651,#502);
#339=LINE('',#2652,#503);
#340=LINE('',#2655,#504);
#341=LINE('',#2659,#505);
#342=LINE('',#2660,#506);
#343=LINE('',#2663,#507);
#344=LINE('',#2667,#508);
#345=LINE('',#2669,#509);
#346=LINE('',#2670,#510);
#347=LINE('',#2673,#511);
#348=LINE('',#2677,#512);
#349=LINE('',#2678,#513);
#350=LINE('',#2681,#514);
#351=LINE('',#2685,#515);
#352=LINE('',#2687,#516);
#353=LINE('',#2688,#517);
#354=LINE('',#2691,#518);
#355=LINE('',#2695,#519);
#356=LINE('',#2696,#520);
#357=LINE('',#2699,#521);
#358=LINE('',#2703,#522);
#359=LINE('',#2705,#523);
#360=LINE('',#2706,#524);
#361=LINE('',#2709,#525);
#362=LINE('',#2713,#526);
#363=LINE('',#2714,#527);
#364=LINE('',#2717,#528);
#365=LINE('',#2721,#529);
#366=LINE('',#2723,#530);
#367=LINE('',#2724,#531);
#368=LINE('',#2727,#532);
#369=LINE('',#2731,#533);
#370=LINE('',#2732,#534);
#371=LINE('',#2735,#535);
#372=LINE('',#2739,#536);
#373=LINE('',#2741,#537);
#374=LINE('',#2742,#538);
#375=LINE('',#2745,#539);
#376=LINE('',#2749,#540);
#377=LINE('',#2750,#541);
#378=LINE('',#2753,#542);
#379=LINE('',#2757,#543);
#380=LINE('',#2759,#544);
#381=LINE('',#2760,#545);
#382=LINE('',#2763,#546);
#383=LINE('',#2767,#547);
#384=LINE('',#2768,#548);
#385=LINE('',#2771,#549);
#386=LINE('',#2775,#550);
#387=LINE('',#2777,#551);
#388=LINE('',#2778,#552);
#389=LINE('',#2781,#553);
#390=LINE('',#2785,#554);
#391=LINE('',#2786,#555);
#392=LINE('',#2789,#556);
#393=LINE('',#2793,#557);
#394=LINE('',#2797,#558);
#395=LINE('',#2808,#559);
#396=LINE('',#2812,#560);
#397=LINE('',#2815,#561);
#398=LINE('',#2819,#562);
#399=LINE('',#2822,#563);
#400=LINE('',#2826,#564);
#401=LINE('',#2829,#565);
#402=LINE('',#2833,#566);
#403=LINE('',#2836,#567);
#404=LINE('',#2840,#568);
#405=LINE('',#2843,#569);
#406=LINE('',#2847,#570);
#407=LINE('',#2850,#571);
#408=LINE('',#2854,#572);
#409=LINE('',#2857,#573);
#410=LINE('',#2861,#574);
#411=LINE('',#2864,#575);
#412=LINE('',#2868,#576);
#413=LINE('',#2871,#577);
#414=LINE('',#2873,#578);
#415=LINE('',#2875,#579);
#416=LINE('',#2878,#580);
#417=LINE('',#2880,#581);
#418=LINE('',#2882,#582);
#419=LINE('',#2884,#583);
#420=LINE('',#2886,#584);
#421=LINE('',#2888,#585);
#422=LINE('',#2890,#586);
#423=LINE('',#2893,#587);
#424=LINE('',#2895,#588);
#425=LINE('',#2897,#589);
#426=LINE('',#2900,#590);
#427=LINE('',#2902,#591);
#428=LINE('',#2904,#592);
#429=LINE('',#2907,#593);
#430=LINE('',#2909,#594);
#431=LINE('',#2911,#595);
#432=LINE('',#2914,#596);
#433=LINE('',#2916,#597);
#434=LINE('',#2918,#598);
#435=LINE('',#2921,#599);
#436=LINE('',#2923,#600);
#437=LINE('',#2925,#601);
#438=LINE('',#2928,#602);
#439=LINE('',#2930,#603);
#440=LINE('',#2932,#604);
#441=LINE('',#2935,#605);
#442=LINE('',#2937,#606);
#443=LINE('',#2939,#607);
#444=LINE('',#2942,#608);
#445=LINE('',#2944,#609);
#446=LINE('',#2946,#610);
#447=VECTOR('',#1933,10.);
#448=VECTOR('',#1936,10.);
#449=VECTOR('',#1939,10.);
#450=VECTOR('',#1942,10.);
#451=VECTOR('',#1953,10.);
#452=VECTOR('',#1956,10.);
#453=VECTOR('',#1959,10.);
#454=VECTOR('',#1962,10.);
#455=VECTOR('',#1965,10.);
#456=VECTOR('',#1968,10.);
#457=VECTOR('',#1971,10.);
#458=VECTOR('',#1974,10.);
#459=VECTOR('',#1977,10.);
#460=VECTOR('',#1980,10.);
#461=VECTOR('',#1983,10.);
#462=VECTOR('',#1986,10.);
#463=VECTOR('',#1989,10.);
#464=VECTOR('',#1992,10.);
#465=VECTOR('',#1995,10.);
#466=VECTOR('',#1998,10.);
#467=VECTOR('',#2001,10.);
#468=VECTOR('',#2004,10.);
#469=VECTOR('',#2007,10.);
#470=VECTOR('',#2010,10.);
#471=VECTOR('',#2013,10.);
#472=VECTOR('',#2016,10.);
#473=VECTOR('',#2019,10.);
#474=VECTOR('',#2022,10.);
#475=VECTOR('',#2025,10.);
#476=VECTOR('',#2028,10.);
#477=VECTOR('',#2031,10.);
#478=VECTOR('',#2034,10.);
#479=VECTOR('',#2037,10.);
#480=VECTOR('',#2040,10.);
#481=VECTOR('',#2043,10.);
#482=VECTOR('',#2046,10.);
#483=VECTOR('',#2049,10.);
#484=VECTOR('',#2052,10.);
#485=VECTOR('',#2055,10.);
#486=VECTOR('',#2058,10.);
#487=VECTOR('',#2061,10.);
#488=VECTOR('',#2062,10.);
#489=VECTOR('',#2063,10.);
#490=VECTOR('',#2066,10.);
#491=VECTOR('',#2071,10.);
#492=VECTOR('',#2072,10.);
#493=VECTOR('',#2075,10.);
#494=VECTOR('',#2080,10.);
#495=VECTOR('',#2081,10.);
#496=VECTOR('',#2082,10.);
#497=VECTOR('',#2085,10.);
#498=VECTOR('',#2090,10.);
#499=VECTOR('',#2091,10.);
#500=VECTOR('',#2094,10.);
#501=VECTOR('',#2099,10.);
#502=VECTOR('',#2100,10.);
#503=VECTOR('',#2101,10.);
#504=VECTOR('',#2104,10.);
#505=VECTOR('',#2109,10.);
#506=VECTOR('',#2110,10.);
#507=VECTOR('',#2113,10.);
#508=VECTOR('',#2118,10.);
#509=VECTOR('',#2119,10.);
#510=VECTOR('',#2120,10.);
#511=VECTOR('',#2123,10.);
#512=VECTOR('',#2128,10.);
#513=VECTOR('',#2129,10.);
#514=VECTOR('',#2132,10.);
#515=VECTOR('',#2137,10.);
#516=VECTOR('',#2138,10.);
#517=VECTOR('',#2139,10.);
#518=VECTOR('',#2142,10.);
#519=VECTOR('',#2147,10.);
#520=VECTOR('',#2148,10.);
#521=VECTOR('',#2151,10.);
#522=VECTOR('',#2156,10.);
#523=VECTOR('',#2157,10.);
#524=VECTOR('',#2158,10.);
#525=VECTOR('',#2161,10.);
#526=VECTOR('',#2166,10.);
#527=VECTOR('',#2167,10.);
#528=VECTOR('',#2170,10.);
#529=VECTOR('',#2175,10.);
#530=VECTOR('',#2176,10.);
#531=VECTOR('',#2177,10.);
#532=VECTOR('',#2180,10.);
#533=VECTOR('',#2185,10.);
#534=VECTOR('',#2186,10.);
#535=VECTOR('',#2189,10.);
#536=VECTOR('',#2194,10.);
#537=VECTOR('',#2195,10.);
#538=VECTOR('',#2196,10.);
#539=VECTOR('',#2199,10.);
#540=VECTOR('',#2204,10.);
#541=VECTOR('',#2205,10.);
#542=VECTOR('',#2208,10.);
#543=VECTOR('',#2213,10.);
#544=VECTOR('',#2214,10.);
#545=VECTOR('',#2215,10.);
#546=VECTOR('',#2218,10.);
#547=VECTOR('',#2223,10.);
#548=VECTOR('',#2224,10.);
#549=VECTOR('',#2227,10.);
#550=VECTOR('',#2232,10.);
#551=VECTOR('',#2233,10.);
#552=VECTOR('',#2234,10.);
#553=VECTOR('',#2237,10.);
#554=VECTOR('',#2242,10.);
#555=VECTOR('',#2243,10.);
#556=VECTOR('',#2246,10.);
#557=VECTOR('',#2251,10.);
#558=VECTOR('',#2254,10.);
#559=VECTOR('',#2265,10.);
#560=VECTOR('',#2268,10.);
#561=VECTOR('',#2271,10.);
#562=VECTOR('',#2274,10.);
#563=VECTOR('',#2277,10.);
#564=VECTOR('',#2280,10.);
#565=VECTOR('',#2283,10.);
#566=VECTOR('',#2286,10.);
#567=VECTOR('',#2289,10.);
#568=VECTOR('',#2292,10.);
#569=VECTOR('',#2295,10.);
#570=VECTOR('',#2298,10.);
#571=VECTOR('',#2301,10.);
#572=VECTOR('',#2304,10.);
#573=VECTOR('',#2307,10.);
#574=VECTOR('',#2310,10.);
#575=VECTOR('',#2313,10.);
#576=VECTOR('',#2316,10.);
#577=VECTOR('',#2321,10.);
#578=VECTOR('',#2324,10.);
#579=VECTOR('',#2327,10.);
#580=VECTOR('',#2332,1.45);
#581=VECTOR('',#2335,1.45);
#582=VECTOR('',#2338,1.45);
#583=VECTOR('',#2341,1.45);
#584=VECTOR('',#2344,10.);
#585=VECTOR('',#2347,10.);
#586=VECTOR('',#2350,10.);
#587=VECTOR('',#2355,10.);
#588=VECTOR('',#2358,10.);
#589=VECTOR('',#2361,10.);
#590=VECTOR('',#2366,10.);
#591=VECTOR('',#2369,10.);
#592=VECTOR('',#2372,10.);
#593=VECTOR('',#2377,10.);
#594=VECTOR('',#2380,10.);
#595=VECTOR('',#2383,10.);
#596=VECTOR('',#2388,10.);
#597=VECTOR('',#2391,10.);
#598=VECTOR('',#2394,10.);
#599=VECTOR('',#2399,10.);
#600=VECTOR('',#2402,10.);
#601=VECTOR('',#2405,10.);
#602=VECTOR('',#2410,10.);
#603=VECTOR('',#2413,10.);
#604=VECTOR('',#2416,10.);
#605=VECTOR('',#2421,10.);
#606=VECTOR('',#2424,10.);
#607=VECTOR('',#2427,10.);
#608=VECTOR('',#2432,10.);
#609=VECTOR('',#2435,10.);
#610=VECTOR('',#2438,10.);
#611=CIRCLE('',#1754,2.);
#612=CIRCLE('',#1755,2.);
#613=CIRCLE('',#1756,2.);
#614=CIRCLE('',#1757,2.);
#615=CIRCLE('',#1758,1.45);
#616=CIRCLE('',#1759,1.45);
#617=CIRCLE('',#1760,1.45);
#618=CIRCLE('',#1761,1.45);
#619=CIRCLE('',#1762,0.499999999999998);
#620=CIRCLE('',#1763,0.500000000000003);
#621=CIRCLE('',#1764,0.499999999999998);
#622=CIRCLE('',#1765,0.499999999999998);
#623=CIRCLE('',#1766,0.499999999999998);
#624=CIRCLE('',#1767,0.499999999999998);
#625=CIRCLE('',#1768,0.499999999999998);
#626=CIRCLE('',#1769,0.500000000000003);
#627=CIRCLE('',#1770,0.499999999999998);
#628=CIRCLE('',#1771,0.499999999999998);
#629=CIRCLE('',#1772,0.499999999999998);
#630=CIRCLE('',#1773,0.499999999999998);
#631=CIRCLE('',#1774,0.499999999999998);
#632=CIRCLE('',#1775,0.499999999999998);
#633=CIRCLE('',#1776,0.500000000000003);
#634=CIRCLE('',#1777,0.499999999999998);
#635=CIRCLE('',#1778,0.499999999999998);
#636=CIRCLE('',#1779,0.499999999999998);
#637=CIRCLE('',#1780,0.500000000000003);
#638=CIRCLE('',#1781,0.500000000000003);
#639=CIRCLE('',#1782,0.499999999999998);
#640=CIRCLE('',#1783,0.500000000000003);
#641=CIRCLE('',#1784,0.500000000000003);
#642=CIRCLE('',#1785,0.499999999999998);
#643=CIRCLE('',#1786,0.500000000000003);
#644=CIRCLE('',#1787,0.499999999999998);
#645=CIRCLE('',#1788,0.499999999999998);
#646=CIRCLE('',#1789,0.499999999999998);
#647=CIRCLE('',#1790,0.500000000000003);
#648=CIRCLE('',#1791,0.500000000000003);
#649=CIRCLE('',#1792,0.499999999999998);
#650=CIRCLE('',#1793,0.499999999999998);
#651=CIRCLE('',#1794,0.500000000000003);
#652=CIRCLE('',#1795,0.499999999999998);
#653=CIRCLE('',#1796,0.499999999999998);
#654=CIRCLE('',#1797,0.500000000000003);
#655=CIRCLE('',#1800,0.499999999999998);
#656=CIRCLE('',#1803,0.500000000000003);
#657=CIRCLE('',#1806,0.500000000000003);
#658=CIRCLE('',#1809,0.500000000000003);
#659=CIRCLE('',#1812,0.499999999999998);
#660=CIRCLE('',#1815,0.500000000000003);
#661=CIRCLE('',#1818,0.500000000000003);
#662=CIRCLE('',#1821,0.499999999999998);
#663=CIRCLE('',#1824,0.499999999999998);
#664=CIRCLE('',#1827,0.499999999999998);
#665=CIRCLE('',#1830,0.499999999999998);
#666=CIRCLE('',#1833,0.499999999999998);
#667=CIRCLE('',#1836,0.499999999999998);
#668=CIRCLE('',#1839,0.499999999999998);
#669=CIRCLE('',#1842,0.499999999999998);
#670=CIRCLE('',#1845,0.499999999999998);
#671=CIRCLE('',#1848,0.500000000000003);
#672=CIRCLE('',#1851,0.499999999999998);
#673=CIRCLE('',#1854,2.);
#674=CIRCLE('',#1857,2.);
#675=CIRCLE('',#1859,2.);
#676=CIRCLE('',#1860,2.);
#677=CIRCLE('',#1861,1.45);
#678=CIRCLE('',#1862,1.45);
#679=CIRCLE('',#1863,1.45);
#680=CIRCLE('',#1864,1.45);
#681=CIRCLE('',#1865,0.499999999999998);
#682=CIRCLE('',#1866,0.499999999999998);
#683=CIRCLE('',#1867,0.500000000000003);
#684=CIRCLE('',#1868,0.499999999999998);
#685=CIRCLE('',#1869,0.499999999999998);
#686=CIRCLE('',#1870,0.499999999999998);
#687=CIRCLE('',#1871,0.499999999999998);
#688=CIRCLE('',#1872,0.500000000000003);
#689=CIRCLE('',#1873,0.500000000000003);
#690=CIRCLE('',#1874,0.500000000000003);
#691=CIRCLE('',#1875,0.499999999999998);
#692=CIRCLE('',#1876,0.500000000000003);
#693=CIRCLE('',#1877,0.499999999999998);
#694=CIRCLE('',#1878,0.499999999999998);
#695=CIRCLE('',#1879,0.499999999999998);
#696=CIRCLE('',#1880,0.499999999999998);
#697=CIRCLE('',#1881,0.500000000000003);
#698=CIRCLE('',#1882,0.499999999999998);
#699=VERTEX_POINT('',#2443);
#700=VERTEX_POINT('',#2444);
#701=VERTEX_POINT('',#2446);
#702=VERTEX_POINT('',#2448);
#703=VERTEX_POINT('',#2450);
#704=VERTEX_POINT('',#2452);
#705=VERTEX_POINT('',#2454);
#706=VERTEX_POINT('',#2456);
#707=VERTEX_POINT('',#2459);
#708=VERTEX_POINT('',#2461);
#709=VERTEX_POINT('',#2463);
#710=VERTEX_POINT('',#2465);
#711=VERTEX_POINT('',#2467);
#712=VERTEX_POINT('',#2468);
#713=VERTEX_POINT('',#2470);
#714=VERTEX_POINT('',#2472);
#715=VERTEX_POINT('',#2474);
#716=VERTEX_POINT('',#2476);
#717=VERTEX_POINT('',#2478);
#718=VERTEX_POINT('',#2480);
#719=VERTEX_POINT('',#2483);
#720=VERTEX_POINT('',#2484);
#721=VERTEX_POINT('',#2486);
#722=VERTEX_POINT('',#2488);
#723=VERTEX_POINT('',#2490);
#724=VERTEX_POINT('',#2492);
#725=VERTEX_POINT('',#2494);
#726=VERTEX_POINT('',#2496);
#727=VERTEX_POINT('',#2499);
#728=VERTEX_POINT('',#2500);
#729=VERTEX_POINT('',#2502);
#730=VERTEX_POINT('',#2504);
#731=VERTEX_POINT('',#2506);
#732=VERTEX_POINT('',#2508);
#733=VERTEX_POINT('',#2510);
#734=VERTEX_POINT('',#2512);
#735=VERTEX_POINT('',#2515);
#736=VERTEX_POINT('',#2516);
#737=VERTEX_POINT('',#2518);
#738=VERTEX_POINT('',#2520);
#739=VERTEX_POINT('',#2522);
#740=VERTEX_POINT('',#2524);
#741=VERTEX_POINT('',#2526);
#742=VERTEX_POINT('',#2528);
#743=VERTEX_POINT('',#2531);
#744=VERTEX_POINT('',#2532);
#745=VERTEX_POINT('',#2534);
#746=VERTEX_POINT('',#2536);
#747=VERTEX_POINT('',#2538);
#748=VERTEX_POINT('',#2540);
#749=VERTEX_POINT('',#2542);
#750=VERTEX_POINT('',#2544);
#751=VERTEX_POINT('',#2547);
#752=VERTEX_POINT('',#2548);
#753=VERTEX_POINT('',#2550);
#754=VERTEX_POINT('',#2552);
#755=VERTEX_POINT('',#2554);
#756=VERTEX_POINT('',#2556);
#757=VERTEX_POINT('',#2558);
#758=VERTEX_POINT('',#2560);
#759=VERTEX_POINT('',#2563);
#760=VERTEX_POINT('',#2564);
#761=VERTEX_POINT('',#2566);
#762=VERTEX_POINT('',#2568);
#763=VERTEX_POINT('',#2570);
#764=VERTEX_POINT('',#2572);
#765=VERTEX_POINT('',#2574);
#766=VERTEX_POINT('',#2576);
#767=VERTEX_POINT('',#2579);
#768=VERTEX_POINT('',#2580);
#769=VERTEX_POINT('',#2582);
#770=VERTEX_POINT('',#2584);
#771=VERTEX_POINT('',#2586);
#772=VERTEX_POINT('',#2588);
#773=VERTEX_POINT('',#2590);
#774=VERTEX_POINT('',#2592);
#775=VERTEX_POINT('',#2595);
#776=VERTEX_POINT('',#2596);
#777=VERTEX_POINT('',#2598);
#778=VERTEX_POINT('',#2600);
#779=VERTEX_POINT('',#2602);
#780=VERTEX_POINT('',#2604);
#781=VERTEX_POINT('',#2606);
#782=VERTEX_POINT('',#2608);
#783=VERTEX_POINT('',#2612);
#784=VERTEX_POINT('',#2614);
#785=VERTEX_POINT('',#2618);
#786=VERTEX_POINT('',#2622);
#787=VERTEX_POINT('',#2626);
#788=VERTEX_POINT('',#2630);
#789=VERTEX_POINT('',#2632);
#790=VERTEX_POINT('',#2636);
#791=VERTEX_POINT('',#2640);
#792=VERTEX_POINT('',#2644);
#793=VERTEX_POINT('',#2648);
#794=VERTEX_POINT('',#2650);
#795=VERTEX_POINT('',#2654);
#796=VERTEX_POINT('',#2658);
#797=VERTEX_POINT('',#2662);
#798=VERTEX_POINT('',#2666);
#799=VERTEX_POINT('',#2668);
#800=VERTEX_POINT('',#2672);
#801=VERTEX_POINT('',#2676);
#802=VERTEX_POINT('',#2680);
#803=VERTEX_POINT('',#2684);
#804=VERTEX_POINT('',#2686);
#805=VERTEX_POINT('',#2690);
#806=VERTEX_POINT('',#2694);
#807=VERTEX_POINT('',#2698);
#808=VERTEX_POINT('',#2702);
#809=VERTEX_POINT('',#2704);
#810=VERTEX_POINT('',#2708);
#811=VERTEX_POINT('',#2712);
#812=VERTEX_POINT('',#2716);
#813=VERTEX_POINT('',#2720);
#814=VERTEX_POINT('',#2722);
#815=VERTEX_POINT('',#2726);
#816=VERTEX_POINT('',#2730);
#817=VERTEX_POINT('',#2734);
#818=VERTEX_POINT('',#2738);
#819=VERTEX_POINT('',#2740);
#820=VERTEX_POINT('',#2744);
#821=VERTEX_POINT('',#2748);
#822=VERTEX_POINT('',#2752);
#823=VERTEX_POINT('',#2756);
#824=VERTEX_POINT('',#2758);
#825=VERTEX_POINT('',#2762);
#826=VERTEX_POINT('',#2766);
#827=VERTEX_POINT('',#2770);
#828=VERTEX_POINT('',#2774);
#829=VERTEX_POINT('',#2776);
#830=VERTEX_POINT('',#2780);
#831=VERTEX_POINT('',#2784);
#832=VERTEX_POINT('',#2788);
#833=VERTEX_POINT('',#2792);
#834=VERTEX_POINT('',#2794);
#835=VERTEX_POINT('',#2796);
#836=VERTEX_POINT('',#2799);
#837=VERTEX_POINT('',#2801);
#838=VERTEX_POINT('',#2803);
#839=VERTEX_POINT('',#2805);
#840=VERTEX_POINT('',#2807);
#841=VERTEX_POINT('',#2809);
#842=VERTEX_POINT('',#2811);
#843=VERTEX_POINT('',#2814);
#844=VERTEX_POINT('',#2816);
#845=VERTEX_POINT('',#2818);
#846=VERTEX_POINT('',#2821);
#847=VERTEX_POINT('',#2823);
#848=VERTEX_POINT('',#2825);
#849=VERTEX_POINT('',#2828);
#850=VERTEX_POINT('',#2830);
#851=VERTEX_POINT('',#2832);
#852=VERTEX_POINT('',#2835);
#853=VERTEX_POINT('',#2837);
#854=VERTEX_POINT('',#2839);
#855=VERTEX_POINT('',#2842);
#856=VERTEX_POINT('',#2844);
#857=VERTEX_POINT('',#2846);
#858=VERTEX_POINT('',#2849);
#859=VERTEX_POINT('',#2851);
#860=VERTEX_POINT('',#2853);
#861=VERTEX_POINT('',#2856);
#862=VERTEX_POINT('',#2858);
#863=VERTEX_POINT('',#2860);
#864=VERTEX_POINT('',#2863);
#865=VERTEX_POINT('',#2865);
#866=VERTEX_POINT('',#2867);
#867=EDGE_CURVE('',#699,#700,#611,.T.);
#868=EDGE_CURVE('',#700,#701,#283,.T.);
#869=EDGE_CURVE('',#701,#702,#612,.T.);
#870=EDGE_CURVE('',#702,#703,#284,.T.);
#871=EDGE_CURVE('',#703,#704,#613,.T.);
#872=EDGE_CURVE('',#704,#705,#285,.T.);
#873=EDGE_CURVE('',#705,#706,#614,.T.);
#874=EDGE_CURVE('',#706,#699,#286,.T.);
#875=EDGE_CURVE('',#707,#707,#615,.T.);
#876=EDGE_CURVE('',#708,#708,#616,.T.);
#877=EDGE_CURVE('',#709,#709,#617,.T.);
#878=EDGE_CURVE('',#710,#710,#618,.T.);
#879=EDGE_CURVE('',#711,#712,#619,.T.);
#880=EDGE_CURVE('',#712,#713,#287,.T.);
#881=EDGE_CURVE('',#713,#714,#620,.T.);
#882=EDGE_CURVE('',#714,#715,#288,.T.);
#883=EDGE_CURVE('',#715,#716,#621,.T.);
#884=EDGE_CURVE('',#716,#717,#289,.T.);
#885=EDGE_CURVE('',#717,#718,#622,.T.);
#886=EDGE_CURVE('',#718,#711,#290,.T.);
#887=EDGE_CURVE('',#719,#720,#623,.T.);
#888=EDGE_CURVE('',#720,#721,#291,.T.);
#889=EDGE_CURVE('',#721,#722,#624,.T.);
#890=EDGE_CURVE('',#722,#723,#292,.T.);
#891=EDGE_CURVE('',#723,#724,#625,.T.);
#892=EDGE_CURVE('',#724,#725,#293,.T.);
#893=EDGE_CURVE('',#725,#726,#626,.T.);
#894=EDGE_CURVE('',#726,#719,#294,.T.);
#895=EDGE_CURVE('',#727,#728,#627,.T.);
#896=EDGE_CURVE('',#728,#729,#295,.T.);
#897=EDGE_CURVE('',#729,#730,#628,.T.);
#898=EDGE_CURVE('',#730,#731,#296,.T.);
#899=EDGE_CURVE('',#731,#732,#629,.T.);
#900=EDGE_CURVE('',#732,#733,#297,.T.);
#901=EDGE_CURVE('',#733,#734,#630,.T.);
#902=EDGE_CURVE('',#734,#727,#298,.T.);
#903=EDGE_CURVE('',#735,#736,#631,.T.);
#904=EDGE_CURVE('',#736,#737,#299,.T.);
#905=EDGE_CURVE('',#737,#738,#632,.T.);
#906=EDGE_CURVE('',#738,#739,#300,.T.);
#907=EDGE_CURVE('',#739,#740,#633,.T.);
#908=EDGE_CURVE('',#740,#741,#301,.T.);
#909=EDGE_CURVE('',#741,#742,#634,.T.);
#910=EDGE_CURVE('',#742,#735,#302,.T.);
#911=EDGE_CURVE('',#743,#744,#635,.T.);
#912=EDGE_CURVE('',#744,#745,#303,.T.);
#913=EDGE_CURVE('',#745,#746,#636,.T.);
#914=EDGE_CURVE('',#746,#747,#304,.T.);
#915=EDGE_CURVE('',#747,#748,#637,.T.);
#916=EDGE_CURVE('',#748,#749,#305,.T.);
#917=EDGE_CURVE('',#749,#750,#638,.T.);
#918=EDGE_CURVE('',#750,#743,#306,.T.);
#919=EDGE_CURVE('',#751,#752,#639,.T.);
#920=EDGE_CURVE('',#752,#753,#307,.T.);
#921=EDGE_CURVE('',#753,#754,#640,.T.);
#922=EDGE_CURVE('',#754,#755,#308,.T.);
#923=EDGE_CURVE('',#755,#756,#641,.T.);
#924=EDGE_CURVE('',#756,#757,#309,.T.);
#925=EDGE_CURVE('',#757,#758,#642,.T.);
#926=EDGE_CURVE('',#758,#751,#310,.T.);
#927=EDGE_CURVE('',#759,#760,#643,.T.);
#928=EDGE_CURVE('',#760,#761,#311,.T.);
#929=EDGE_CURVE('',#761,#762,#644,.T.);
#930=EDGE_CURVE('',#762,#763,#312,.T.);
#931=EDGE_CURVE('',#763,#764,#645,.T.);
#932=EDGE_CURVE('',#764,#765,#313,.T.);
#933=EDGE_CURVE('',#765,#766,#646,.T.);
#934=EDGE_CURVE('',#766,#759,#314,.T.);
#935=EDGE_CURVE('',#767,#768,#647,.T.);
#936=EDGE_CURVE('',#768,#769,#315,.T.);
#937=EDGE_CURVE('',#769,#770,#648,.T.);
#938=EDGE_CURVE('',#770,#771,#316,.T.);
#939=EDGE_CURVE('',#771,#772,#649,.T.);
#940=EDGE_CURVE('',#772,#773,#317,.T.);
#941=EDGE_CURVE('',#773,#774,#650,.T.);
#942=EDGE_CURVE('',#774,#767,#318,.T.);
#943=EDGE_CURVE('',#775,#776,#651,.T.);
#944=EDGE_CURVE('',#776,#777,#319,.T.);
#945=EDGE_CURVE('',#777,#778,#652,.T.);
#946=EDGE_CURVE('',#778,#779,#320,.T.);
#947=EDGE_CURVE('',#779,#780,#653,.T.);
#948=EDGE_CURVE('',#780,#781,#321,.T.);
#949=EDGE_CURVE('',#781,#782,#654,.T.);
#950=EDGE_CURVE('',#782,#775,#322,.T.);
#951=EDGE_CURVE('',#783,#778,#323,.T.);
#952=EDGE_CURVE('',#784,#783,#324,.T.);
#953=EDGE_CURVE('',#784,#779,#325,.T.);
#954=EDGE_CURVE('',#785,#777,#326,.T.);
#955=EDGE_CURVE('',#783,#785,#655,.T.);
#956=EDGE_CURVE('',#786,#776,#327,.T.);
#957=EDGE_CURVE('',#785,#786,#328,.T.);
#958=EDGE_CURVE('',#775,#787,#329,.T.);
#959=EDGE_CURVE('',#786,#787,#656,.T.);
#960=EDGE_CURVE('',#788,#770,#330,.T.);
#961=EDGE_CURVE('',#789,#788,#331,.T.);
#962=EDGE_CURVE('',#789,#771,#332,.T.);
#963=EDGE_CURVE('',#790,#769,#333,.T.);
#964=EDGE_CURVE('',#788,#790,#657,.T.);
#965=EDGE_CURVE('',#791,#768,#334,.T.);
#966=EDGE_CURVE('',#790,#791,#335,.T.);
#967=EDGE_CURVE('',#767,#792,#336,.T.);
#968=EDGE_CURVE('',#791,#792,#658,.T.);
#969=EDGE_CURVE('',#793,#762,#337,.T.);
#970=EDGE_CURVE('',#794,#793,#338,.T.);
#971=EDGE_CURVE('',#794,#763,#339,.T.);
#972=EDGE_CURVE('',#795,#761,#340,.T.);
#973=EDGE_CURVE('',#793,#795,#659,.T.);
#974=EDGE_CURVE('',#796,#760,#341,.T.);
#975=EDGE_CURVE('',#795,#796,#342,.T.);
#976=EDGE_CURVE('',#759,#797,#343,.T.);
#977=EDGE_CURVE('',#796,#797,#660,.T.);
#978=EDGE_CURVE('',#798,#754,#344,.T.);
#979=EDGE_CURVE('',#799,#798,#345,.T.);
#980=EDGE_CURVE('',#799,#755,#346,.T.);
#981=EDGE_CURVE('',#800,#753,#347,.T.);
#982=EDGE_CURVE('',#798,#800,#661,.T.);
#983=EDGE_CURVE('',#801,#752,#348,.T.);
#984=EDGE_CURVE('',#800,#801,#349,.T.);
#985=EDGE_CURVE('',#751,#802,#350,.T.);
#986=EDGE_CURVE('',#801,#802,#662,.T.);
#987=EDGE_CURVE('',#803,#746,#351,.T.);
#988=EDGE_CURVE('',#804,#803,#352,.T.);
#989=EDGE_CURVE('',#804,#747,#353,.T.);
#990=EDGE_CURVE('',#805,#745,#354,.T.);
#991=EDGE_CURVE('',#803,#805,#663,.T.);
#992=EDGE_CURVE('',#806,#744,#355,.T.);
#993=EDGE_CURVE('',#805,#806,#356,.T.);
#994=EDGE_CURVE('',#743,#807,#357,.T.);
#995=EDGE_CURVE('',#806,#807,#664,.T.);
#996=EDGE_CURVE('',#808,#738,#358,.T.);
#997=EDGE_CURVE('',#809,#808,#359,.T.);
#998=EDGE_CURVE('',#809,#739,#360,.T.);
#999=EDGE_CURVE('',#810,#737,#361,.T.);
#1000=EDGE_CURVE('',#808,#810,#665,.T.);
#1001=EDGE_CURVE('',#811,#736,#362,.T.);
#1002=EDGE_CURVE('',#810,#811,#363,.T.);
#1003=EDGE_CURVE('',#735,#812,#364,.T.);
#1004=EDGE_CURVE('',#811,#812,#666,.T.);
#1005=EDGE_CURVE('',#813,#730,#365,.T.);
#1006=EDGE_CURVE('',#814,#813,#366,.T.);
#1007=EDGE_CURVE('',#814,#731,#367,.T.);
#1008=EDGE_CURVE('',#815,#729,#368,.T.);
#1009=EDGE_CURVE('',#813,#815,#667,.T.);
#1010=EDGE_CURVE('',#816,#728,#369,.T.);
#1011=EDGE_CURVE('',#815,#816,#370,.T.);
#1012=EDGE_CURVE('',#727,#817,#371,.T.);
#1013=EDGE_CURVE('',#816,#817,#668,.T.);
#1014=EDGE_CURVE('',#818,#722,#372,.T.);
#1015=EDGE_CURVE('',#819,#818,#373,.T.);
#1016=EDGE_CURVE('',#819,#723,#374,.T.);
#1017=EDGE_CURVE('',#820,#721,#375,.T.);
#1018=EDGE_CURVE('',#818,#820,#669,.T.);
#1019=EDGE_CURVE('',#821,#720,#376,.T.);
#1020=EDGE_CURVE('',#820,#821,#377,.T.);
#1021=EDGE_CURVE('',#719,#822,#378,.T.);
#1022=EDGE_CURVE('',#821,#822,#670,.T.);
#1023=EDGE_CURVE('',#823,#714,#379,.T.);
#1024=EDGE_CURVE('',#824,#823,#380,.T.);
#1025=EDGE_CURVE('',#824,#715,#381,.T.);
#1026=EDGE_CURVE('',#825,#713,#382,.T.);
#1027=EDGE_CURVE('',#823,#825,#671,.T.);
#1028=EDGE_CURVE('',#826,#712,#383,.T.);
#1029=EDGE_CURVE('',#825,#826,#384,.T.);
#1030=EDGE_CURVE('',#711,#827,#385,.T.);
#1031=EDGE_CURVE('',#826,#827,#672,.T.);
#1032=EDGE_CURVE('',#828,#702,#386,.T.);
#1033=EDGE_CURVE('',#829,#828,#387,.T.);
#1034=EDGE_CURVE('',#703,#829,#388,.T.);
#1035=EDGE_CURVE('',#701,#830,#389,.T.);
#1036=EDGE_CURVE('',#830,#828,#673,.T.);
#1037=EDGE_CURVE('',#831,#700,#390,.T.);
#1038=EDGE_CURVE('',#830,#831,#391,.T.);
#1039=EDGE_CURVE('',#699,#832,#392,.T.);
#1040=EDGE_CURVE('',#832,#831,#674,.T.);
#1041=EDGE_CURVE('',#832,#833,#393,.T.);
#1042=EDGE_CURVE('',#834,#833,#675,.T.);
#1043=EDGE_CURVE('',#834,#835,#394,.T.);
#1044=EDGE_CURVE('',#829,#835,#676,.T.);
#1045=EDGE_CURVE('',#836,#836,#677,.T.);
#1046=EDGE_CURVE('',#837,#837,#678,.T.);
#1047=EDGE_CURVE('',#838,#838,#679,.T.);
#1048=EDGE_CURVE('',#839,#839,#680,.T.);
#1049=EDGE_CURVE('',#827,#840,#395,.T.);
#1050=EDGE_CURVE('',#840,#841,#681,.T.);
#1051=EDGE_CURVE('',#841,#842,#396,.T.);
#1052=EDGE_CURVE('',#842,#824,#682,.T.);
#1053=EDGE_CURVE('',#822,#843,#397,.T.);
#1054=EDGE_CURVE('',#843,#844,#683,.T.);
#1055=EDGE_CURVE('',#844,#845,#398,.T.);
#1056=EDGE_CURVE('',#845,#819,#684,.T.);
#1057=EDGE_CURVE('',#817,#846,#399,.T.);
#1058=EDGE_CURVE('',#846,#847,#685,.T.);
#1059=EDGE_CURVE('',#847,#848,#400,.T.);
#1060=EDGE_CURVE('',#848,#814,#686,.T.);
#1061=EDGE_CURVE('',#812,#849,#401,.T.);
#1062=EDGE_CURVE('',#849,#850,#687,.T.);
#1063=EDGE_CURVE('',#850,#851,#402,.T.);
#1064=EDGE_CURVE('',#851,#809,#688,.T.);
#1065=EDGE_CURVE('',#807,#852,#403,.T.);
#1066=EDGE_CURVE('',#852,#853,#689,.T.);
#1067=EDGE_CURVE('',#853,#854,#404,.T.);
#1068=EDGE_CURVE('',#854,#804,#690,.T.);
#1069=EDGE_CURVE('',#802,#855,#405,.T.);
#1070=EDGE_CURVE('',#855,#856,#691,.T.);
#1071=EDGE_CURVE('',#856,#857,#406,.T.);
#1072=EDGE_CURVE('',#857,#799,#692,.T.);
#1073=EDGE_CURVE('',#797,#858,#407,.T.);
#1074=EDGE_CURVE('',#858,#859,#693,.T.);
#1075=EDGE_CURVE('',#859,#860,#408,.T.);
#1076=EDGE_CURVE('',#860,#794,#694,.T.);
#1077=EDGE_CURVE('',#792,#861,#409,.T.);
#1078=EDGE_CURVE('',#861,#862,#695,.T.);
#1079=EDGE_CURVE('',#862,#863,#410,.T.);
#1080=EDGE_CURVE('',#863,#789,#696,.T.);
#1081=EDGE_CURVE('',#787,#864,#411,.T.);
#1082=EDGE_CURVE('',#864,#865,#697,.T.);
#1083=EDGE_CURVE('',#865,#866,#412,.T.);
#1084=EDGE_CURVE('',#866,#784,#698,.T.);
#1085=EDGE_CURVE('',#835,#704,#413,.T.);
#1086=EDGE_CURVE('',#705,#834,#414,.T.);
#1087=EDGE_CURVE('',#833,#706,#415,.T.);
#1088=EDGE_CURVE('',#707,#836,#416,.T.);
#1089=EDGE_CURVE('',#708,#837,#417,.T.);
#1090=EDGE_CURVE('',#709,#838,#418,.T.);
#1091=EDGE_CURVE('',#710,#839,#419,.T.);
#1092=EDGE_CURVE('',#864,#782,#420,.T.);
#1093=EDGE_CURVE('',#865,#781,#421,.T.);
#1094=EDGE_CURVE('',#866,#780,#422,.T.);
#1095=EDGE_CURVE('',#861,#774,#423,.T.);
#1096=EDGE_CURVE('',#862,#773,#424,.T.);
#1097=EDGE_CURVE('',#863,#772,#425,.T.);
#1098=EDGE_CURVE('',#858,#766,#426,.T.);
#1099=EDGE_CURVE('',#859,#765,#427,.T.);
#1100=EDGE_CURVE('',#860,#764,#428,.T.);
#1101=EDGE_CURVE('',#855,#758,#429,.T.);
#1102=EDGE_CURVE('',#856,#757,#430,.T.);
#1103=EDGE_CURVE('',#857,#756,#431,.T.);
#1104=EDGE_CURVE('',#852,#750,#432,.T.);
#1105=EDGE_CURVE('',#853,#749,#433,.T.);
#1106=EDGE_CURVE('',#854,#748,#434,.T.);
#1107=EDGE_CURVE('',#849,#742,#435,.T.);
#1108=EDGE_CURVE('',#850,#741,#436,.T.);
#1109=EDGE_CURVE('',#851,#740,#437,.T.);
#1110=EDGE_CURVE('',#846,#734,#438,.T.);
#1111=EDGE_CURVE('',#847,#733,#439,.T.);
#1112=EDGE_CURVE('',#848,#732,#440,.T.);
#1113=EDGE_CURVE('',#843,#726,#441,.T.);
#1114=EDGE_CURVE('',#844,#725,#442,.T.);
#1115=EDGE_CURVE('',#845,#724,#443,.T.);
#1116=EDGE_CURVE('',#840,#718,#444,.T.);
#1117=EDGE_CURVE('',#841,#717,#445,.T.);
#1118=EDGE_CURVE('',#842,#716,#446,.T.);
#1119=ORIENTED_EDGE('',*,*,#867,.T.);
#1120=ORIENTED_EDGE('',*,*,#868,.T.);
#1121=ORIENTED_EDGE('',*,*,#869,.T.);
#1122=ORIENTED_EDGE('',*,*,#870,.T.);
#1123=ORIENTED_EDGE('',*,*,#871,.T.);
#1124=ORIENTED_EDGE('',*,*,#872,.T.);
#1125=ORIENTED_EDGE('',*,*,#873,.T.);
#1126=ORIENTED_EDGE('',*,*,#874,.T.);
#1127=ORIENTED_EDGE('',*,*,#875,.T.);
#1128=ORIENTED_EDGE('',*,*,#876,.T.);
#1129=ORIENTED_EDGE('',*,*,#877,.T.);
#1130=ORIENTED_EDGE('',*,*,#878,.T.);
#1131=ORIENTED_EDGE('',*,*,#879,.T.);
#1132=ORIENTED_EDGE('',*,*,#880,.T.);
#1133=ORIENTED_EDGE('',*,*,#881,.T.);
#1134=ORIENTED_EDGE('',*,*,#882,.T.);
#1135=ORIENTED_EDGE('',*,*,#883,.T.);
#1136=ORIENTED_EDGE('',*,*,#884,.T.);
#1137=ORIENTED_EDGE('',*,*,#885,.T.);
#1138=ORIENTED_EDGE('',*,*,#886,.T.);
#1139=ORIENTED_EDGE('',*,*,#887,.T.);
#1140=ORIENTED_EDGE('',*,*,#888,.T.);
#1141=ORIENTED_EDGE('',*,*,#889,.T.);
#1142=ORIENTED_EDGE('',*,*,#890,.T.);
#1143=ORIENTED_EDGE('',*,*,#891,.T.);
#1144=ORIENTED_EDGE('',*,*,#892,.T.);
#1145=ORIENTED_EDGE('',*,*,#893,.T.);
#1146=ORIENTED_EDGE('',*,*,#894,.T.);
#1147=ORIENTED_EDGE('',*,*,#895,.T.);
#1148=ORIENTED_EDGE('',*,*,#896,.T.);
#1149=ORIENTED_EDGE('',*,*,#897,.T.);
#1150=ORIENTED_EDGE('',*,*,#898,.T.);
#1151=ORIENTED_EDGE('',*,*,#899,.T.);
#1152=ORIENTED_EDGE('',*,*,#900,.T.);
#1153=ORIENTED_EDGE('',*,*,#901,.T.);
#1154=ORIENTED_EDGE('',*,*,#902,.T.);
#1155=ORIENTED_EDGE('',*,*,#903,.T.);
#1156=ORIENTED_EDGE('',*,*,#904,.T.);
#1157=ORIENTED_EDGE('',*,*,#905,.T.);
#1158=ORIENTED_EDGE('',*,*,#906,.T.);
#1159=ORIENTED_EDGE('',*,*,#907,.T.);
#1160=ORIENTED_EDGE('',*,*,#908,.T.);
#1161=ORIENTED_EDGE('',*,*,#909,.T.);
#1162=ORIENTED_EDGE('',*,*,#910,.T.);
#1163=ORIENTED_EDGE('',*,*,#911,.T.);
#1164=ORIENTED_EDGE('',*,*,#912,.T.);
#1165=ORIENTED_EDGE('',*,*,#913,.T.);
#1166=ORIENTED_EDGE('',*,*,#914,.T.);
#1167=ORIENTED_EDGE('',*,*,#915,.T.);
#1168=ORIENTED_EDGE('',*,*,#916,.T.);
#1169=ORIENTED_EDGE('',*,*,#917,.T.);
#1170=ORIENTED_EDGE('',*,*,#918,.T.);
#1171=ORIENTED_EDGE('',*,*,#919,.T.);
#1172=ORIENTED_EDGE('',*,*,#920,.T.);
#1173=ORIENTED_EDGE('',*,*,#921,.T.);
#1174=ORIENTED_EDGE('',*,*,#922,.T.);
#1175=ORIENTED_EDGE('',*,*,#923,.T.);
#1176=ORIENTED_EDGE('',*,*,#924,.T.);
#1177=ORIENTED_EDGE('',*,*,#925,.T.);
#1178=ORIENTED_EDGE('',*,*,#926,.T.);
#1179=ORIENTED_EDGE('',*,*,#927,.T.);
#1180=ORIENTED_EDGE('',*,*,#928,.T.);
#1181=ORIENTED_EDGE('',*,*,#929,.T.);
#1182=ORIENTED_EDGE('',*,*,#930,.T.);
#1183=ORIENTED_EDGE('',*,*,#931,.T.);
#1184=ORIENTED_EDGE('',*,*,#932,.T.);
#1185=ORIENTED_EDGE('',*,*,#933,.T.);
#1186=ORIENTED_EDGE('',*,*,#934,.T.);
#1187=ORIENTED_EDGE('',*,*,#935,.T.);
#1188=ORIENTED_EDGE('',*,*,#936,.T.);
#1189=ORIENTED_EDGE('',*,*,#937,.T.);
#1190=ORIENTED_EDGE('',*,*,#938,.T.);
#1191=ORIENTED_EDGE('',*,*,#939,.T.);
#1192=ORIENTED_EDGE('',*,*,#940,.T.);
#1193=ORIENTED_EDGE('',*,*,#941,.T.);
#1194=ORIENTED_EDGE('',*,*,#942,.T.);
#1195=ORIENTED_EDGE('',*,*,#943,.T.);
#1196=ORIENTED_EDGE('',*,*,#944,.T.);
#1197=ORIENTED_EDGE('',*,*,#945,.T.);
#1198=ORIENTED_EDGE('',*,*,#946,.T.);
#1199=ORIENTED_EDGE('',*,*,#947,.T.);
#1200=ORIENTED_EDGE('',*,*,#948,.T.);
#1201=ORIENTED_EDGE('',*,*,#949,.T.);
#1202=ORIENTED_EDGE('',*,*,#950,.T.);
#1203=ORIENTED_EDGE('',*,*,#951,.F.);
#1204=ORIENTED_EDGE('',*,*,#952,.F.);
#1205=ORIENTED_EDGE('',*,*,#953,.T.);
#1206=ORIENTED_EDGE('',*,*,#946,.F.);
#1207=ORIENTED_EDGE('',*,*,#954,.F.);
#1208=ORIENTED_EDGE('',*,*,#955,.F.);
#1209=ORIENTED_EDGE('',*,*,#951,.T.);
#1210=ORIENTED_EDGE('',*,*,#945,.F.);
#1211=ORIENTED_EDGE('',*,*,#956,.F.);
#1212=ORIENTED_EDGE('',*,*,#957,.F.);
#1213=ORIENTED_EDGE('',*,*,#954,.T.);
#1214=ORIENTED_EDGE('',*,*,#944,.F.);
#1215=ORIENTED_EDGE('',*,*,#958,.T.);
#1216=ORIENTED_EDGE('',*,*,#959,.F.);
#1217=ORIENTED_EDGE('',*,*,#956,.T.);
#1218=ORIENTED_EDGE('',*,*,#943,.F.);
#1219=ORIENTED_EDGE('',*,*,#960,.F.);
#1220=ORIENTED_EDGE('',*,*,#961,.F.);
#1221=ORIENTED_EDGE('',*,*,#962,.T.);
#1222=ORIENTED_EDGE('',*,*,#938,.F.);
#1223=ORIENTED_EDGE('',*,*,#963,.F.);
#1224=ORIENTED_EDGE('',*,*,#964,.F.);
#1225=ORIENTED_EDGE('',*,*,#960,.T.);
#1226=ORIENTED_EDGE('',*,*,#937,.F.);
#1227=ORIENTED_EDGE('',*,*,#965,.F.);
#1228=ORIENTED_EDGE('',*,*,#966,.F.);
#1229=ORIENTED_EDGE('',*,*,#963,.T.);
#1230=ORIENTED_EDGE('',*,*,#936,.F.);
#1231=ORIENTED_EDGE('',*,*,#967,.T.);
#1232=ORIENTED_EDGE('',*,*,#968,.F.);
#1233=ORIENTED_EDGE('',*,*,#965,.T.);
#1234=ORIENTED_EDGE('',*,*,#935,.F.);
#1235=ORIENTED_EDGE('',*,*,#969,.F.);
#1236=ORIENTED_EDGE('',*,*,#970,.F.);
#1237=ORIENTED_EDGE('',*,*,#971,.T.);
#1238=ORIENTED_EDGE('',*,*,#930,.F.);
#1239=ORIENTED_EDGE('',*,*,#972,.F.);
#1240=ORIENTED_EDGE('',*,*,#973,.F.);
#1241=ORIENTED_EDGE('',*,*,#969,.T.);
#1242=ORIENTED_EDGE('',*,*,#929,.F.);
#1243=ORIENTED_EDGE('',*,*,#974,.F.);
#1244=ORIENTED_EDGE('',*,*,#975,.F.);
#1245=ORIENTED_EDGE('',*,*,#972,.T.);
#1246=ORIENTED_EDGE('',*,*,#928,.F.);
#1247=ORIENTED_EDGE('',*,*,#976,.T.);
#1248=ORIENTED_EDGE('',*,*,#977,.F.);
#1249=ORIENTED_EDGE('',*,*,#974,.T.);
#1250=ORIENTED_EDGE('',*,*,#927,.F.);
#1251=ORIENTED_EDGE('',*,*,#978,.F.);
#1252=ORIENTED_EDGE('',*,*,#979,.F.);
#1253=ORIENTED_EDGE('',*,*,#980,.T.);
#1254=ORIENTED_EDGE('',*,*,#922,.F.);
#1255=ORIENTED_EDGE('',*,*,#981,.F.);
#1256=ORIENTED_EDGE('',*,*,#982,.F.);
#1257=ORIENTED_EDGE('',*,*,#978,.T.);
#1258=ORIENTED_EDGE('',*,*,#921,.F.);
#1259=ORIENTED_EDGE('',*,*,#983,.F.);
#1260=ORIENTED_EDGE('',*,*,#984,.F.);
#1261=ORIENTED_EDGE('',*,*,#981,.T.);
#1262=ORIENTED_EDGE('',*,*,#920,.F.);
#1263=ORIENTED_EDGE('',*,*,#985,.T.);
#1264=ORIENTED_EDGE('',*,*,#986,.F.);
#1265=ORIENTED_EDGE('',*,*,#983,.T.);
#1266=ORIENTED_EDGE('',*,*,#919,.F.);
#1267=ORIENTED_EDGE('',*,*,#987,.F.);
#1268=ORIENTED_EDGE('',*,*,#988,.F.);
#1269=ORIENTED_EDGE('',*,*,#989,.T.);
#1270=ORIENTED_EDGE('',*,*,#914,.F.);
#1271=ORIENTED_EDGE('',*,*,#990,.F.);
#1272=ORIENTED_EDGE('',*,*,#991,.F.);
#1273=ORIENTED_EDGE('',*,*,#987,.T.);
#1274=ORIENTED_EDGE('',*,*,#913,.F.);
#1275=ORIENTED_EDGE('',*,*,#992,.F.);
#1276=ORIENTED_EDGE('',*,*,#993,.F.);
#1277=ORIENTED_EDGE('',*,*,#990,.T.);
#1278=ORIENTED_EDGE('',*,*,#912,.F.);
#1279=ORIENTED_EDGE('',*,*,#994,.T.);
#1280=ORIENTED_EDGE('',*,*,#995,.F.);
#1281=ORIENTED_EDGE('',*,*,#992,.T.);
#1282=ORIENTED_EDGE('',*,*,#911,.F.);
#1283=ORIENTED_EDGE('',*,*,#996,.F.);
#1284=ORIENTED_EDGE('',*,*,#997,.F.);
#1285=ORIENTED_EDGE('',*,*,#998,.T.);
#1286=ORIENTED_EDGE('',*,*,#906,.F.);
#1287=ORIENTED_EDGE('',*,*,#999,.F.);
#1288=ORIENTED_EDGE('',*,*,#1000,.F.);
#1289=ORIENTED_EDGE('',*,*,#996,.T.);
#1290=ORIENTED_EDGE('',*,*,#905,.F.);
#1291=ORIENTED_EDGE('',*,*,#1001,.F.);
#1292=ORIENTED_EDGE('',*,*,#1002,.F.);
#1293=ORIENTED_EDGE('',*,*,#999,.T.);
#1294=ORIENTED_EDGE('',*,*,#904,.F.);
#1295=ORIENTED_EDGE('',*,*,#1003,.T.);
#1296=ORIENTED_EDGE('',*,*,#1004,.F.);
#1297=ORIENTED_EDGE('',*,*,#1001,.T.);
#1298=ORIENTED_EDGE('',*,*,#903,.F.);
#1299=ORIENTED_EDGE('',*,*,#1005,.F.);
#1300=ORIENTED_EDGE('',*,*,#1006,.F.);
#1301=ORIENTED_EDGE('',*,*,#1007,.T.);
#1302=ORIENTED_EDGE('',*,*,#898,.F.);
#1303=ORIENTED_EDGE('',*,*,#1008,.F.);
#1304=ORIENTED_EDGE('',*,*,#1009,.F.);
#1305=ORIENTED_EDGE('',*,*,#1005,.T.);
#1306=ORIENTED_EDGE('',*,*,#897,.F.);
#1307=ORIENTED_EDGE('',*,*,#1010,.F.);
#1308=ORIENTED_EDGE('',*,*,#1011,.F.);
#1309=ORIENTED_EDGE('',*,*,#1008,.T.);
#1310=ORIENTED_EDGE('',*,*,#896,.F.);
#1311=ORIENTED_EDGE('',*,*,#1012,.T.);
#1312=ORIENTED_EDGE('',*,*,#1013,.F.);
#1313=ORIENTED_EDGE('',*,*,#1010,.T.);
#1314=ORIENTED_EDGE('',*,*,#895,.F.);
#1315=ORIENTED_EDGE('',*,*,#1014,.F.);
#1316=ORIENTED_EDGE('',*,*,#1015,.F.);
#1317=ORIENTED_EDGE('',*,*,#1016,.T.);
#1318=ORIENTED_EDGE('',*,*,#890,.F.);
#1319=ORIENTED_EDGE('',*,*,#1017,.F.);
#1320=ORIENTED_EDGE('',*,*,#1018,.F.);
#1321=ORIENTED_EDGE('',*,*,#1014,.T.);
#1322=ORIENTED_EDGE('',*,*,#889,.F.);
#1323=ORIENTED_EDGE('',*,*,#1019,.F.);
#1324=ORIENTED_EDGE('',*,*,#1020,.F.);
#1325=ORIENTED_EDGE('',*,*,#1017,.T.);
#1326=ORIENTED_EDGE('',*,*,#888,.F.);
#1327=ORIENTED_EDGE('',*,*,#1021,.T.);
#1328=ORIENTED_EDGE('',*,*,#1022,.F.);
#1329=ORIENTED_EDGE('',*,*,#1019,.T.);
#1330=ORIENTED_EDGE('',*,*,#887,.F.);
#1331=ORIENTED_EDGE('',*,*,#1023,.F.);
#1332=ORIENTED_EDGE('',*,*,#1024,.F.);
#1333=ORIENTED_EDGE('',*,*,#1025,.T.);
#1334=ORIENTED_EDGE('',*,*,#882,.F.);
#1335=ORIENTED_EDGE('',*,*,#1026,.F.);
#1336=ORIENTED_EDGE('',*,*,#1027,.F.);
#1337=ORIENTED_EDGE('',*,*,#1023,.T.);
#1338=ORIENTED_EDGE('',*,*,#881,.F.);
#1339=ORIENTED_EDGE('',*,*,#1028,.F.);
#1340=ORIENTED_EDGE('',*,*,#1029,.F.);
#1341=ORIENTED_EDGE('',*,*,#1026,.T.);
#1342=ORIENTED_EDGE('',*,*,#880,.F.);
#1343=ORIENTED_EDGE('',*,*,#1030,.T.);
#1344=ORIENTED_EDGE('',*,*,#1031,.F.);
#1345=ORIENTED_EDGE('',*,*,#1028,.T.);
#1346=ORIENTED_EDGE('',*,*,#879,.F.);
#1347=ORIENTED_EDGE('',*,*,#1032,.F.);
#1348=ORIENTED_EDGE('',*,*,#1033,.F.);
#1349=ORIENTED_EDGE('',*,*,#1034,.F.);
#1350=ORIENTED_EDGE('',*,*,#870,.F.);
#1351=ORIENTED_EDGE('',*,*,#1035,.T.);
#1352=ORIENTED_EDGE('',*,*,#1036,.T.);
#1353=ORIENTED_EDGE('',*,*,#1032,.T.);
#1354=ORIENTED_EDGE('',*,*,#869,.F.);
#1355=ORIENTED_EDGE('',*,*,#1037,.F.);
#1356=ORIENTED_EDGE('',*,*,#1038,.F.);
#1357=ORIENTED_EDGE('',*,*,#1035,.F.);
#1358=ORIENTED_EDGE('',*,*,#868,.F.);
#1359=ORIENTED_EDGE('',*,*,#1039,.T.);
#1360=ORIENTED_EDGE('',*,*,#1040,.T.);
#1361=ORIENTED_EDGE('',*,*,#1037,.T.);
#1362=ORIENTED_EDGE('',*,*,#867,.F.);
#1363=ORIENTED_EDGE('',*,*,#1040,.F.);
#1364=ORIENTED_EDGE('',*,*,#1041,.T.);
#1365=ORIENTED_EDGE('',*,*,#1042,.F.);
#1366=ORIENTED_EDGE('',*,*,#1043,.T.);
#1367=ORIENTED_EDGE('',*,*,#1044,.F.);
#1368=ORIENTED_EDGE('',*,*,#1033,.T.);
#1369=ORIENTED_EDGE('',*,*,#1036,.F.);
#1370=ORIENTED_EDGE('',*,*,#1038,.T.);
#1371=ORIENTED_EDGE('',*,*,#1045,.T.);
#1372=ORIENTED_EDGE('',*,*,#1046,.T.);
#1373=ORIENTED_EDGE('',*,*,#1047,.T.);
#1374=ORIENTED_EDGE('',*,*,#1048,.T.);
#1375=ORIENTED_EDGE('',*,*,#1031,.T.);
#1376=ORIENTED_EDGE('',*,*,#1049,.T.);
#1377=ORIENTED_EDGE('',*,*,#1050,.T.);
#1378=ORIENTED_EDGE('',*,*,#1051,.T.);
#1379=ORIENTED_EDGE('',*,*,#1052,.T.);
#1380=ORIENTED_EDGE('',*,*,#1024,.T.);
#1381=ORIENTED_EDGE('',*,*,#1027,.T.);
#1382=ORIENTED_EDGE('',*,*,#1029,.T.);
#1383=ORIENTED_EDGE('',*,*,#1022,.T.);
#1384=ORIENTED_EDGE('',*,*,#1053,.T.);
#1385=ORIENTED_EDGE('',*,*,#1054,.T.);
#1386=ORIENTED_EDGE('',*,*,#1055,.T.);
#1387=ORIENTED_EDGE('',*,*,#1056,.T.);
#1388=ORIENTED_EDGE('',*,*,#1015,.T.);
#1389=ORIENTED_EDGE('',*,*,#1018,.T.);
#1390=ORIENTED_EDGE('',*,*,#1020,.T.);
#1391=ORIENTED_EDGE('',*,*,#1013,.T.);
#1392=ORIENTED_EDGE('',*,*,#1057,.T.);
#1393=ORIENTED_EDGE('',*,*,#1058,.T.);
#1394=ORIENTED_EDGE('',*,*,#1059,.T.);
#1395=ORIENTED_EDGE('',*,*,#1060,.T.);
#1396=ORIENTED_EDGE('',*,*,#1006,.T.);
#1397=ORIENTED_EDGE('',*,*,#1009,.T.);
#1398=ORIENTED_EDGE('',*,*,#1011,.T.);
#1399=ORIENTED_EDGE('',*,*,#1004,.T.);
#1400=ORIENTED_EDGE('',*,*,#1061,.T.);
#1401=ORIENTED_EDGE('',*,*,#1062,.T.);
#1402=ORIENTED_EDGE('',*,*,#1063,.T.);
#1403=ORIENTED_EDGE('',*,*,#1064,.T.);
#1404=ORIENTED_EDGE('',*,*,#997,.T.);
#1405=ORIENTED_EDGE('',*,*,#1000,.T.);
#1406=ORIENTED_EDGE('',*,*,#1002,.T.);
#1407=ORIENTED_EDGE('',*,*,#995,.T.);
#1408=ORIENTED_EDGE('',*,*,#1065,.T.);
#1409=ORIENTED_EDGE('',*,*,#1066,.T.);
#1410=ORIENTED_EDGE('',*,*,#1067,.T.);
#1411=ORIENTED_EDGE('',*,*,#1068,.T.);
#1412=ORIENTED_EDGE('',*,*,#988,.T.);
#1413=ORIENTED_EDGE('',*,*,#991,.T.);
#1414=ORIENTED_EDGE('',*,*,#993,.T.);
#1415=ORIENTED_EDGE('',*,*,#986,.T.);
#1416=ORIENTED_EDGE('',*,*,#1069,.T.);
#1417=ORIENTED_EDGE('',*,*,#1070,.T.);
#1418=ORIENTED_EDGE('',*,*,#1071,.T.);
#1419=ORIENTED_EDGE('',*,*,#1072,.T.);
#1420=ORIENTED_EDGE('',*,*,#979,.T.);
#1421=ORIENTED_EDGE('',*,*,#982,.T.);
#1422=ORIENTED_EDGE('',*,*,#984,.T.);
#1423=ORIENTED_EDGE('',*,*,#977,.T.);
#1424=ORIENTED_EDGE('',*,*,#1073,.T.);
#1425=ORIENTED_EDGE('',*,*,#1074,.T.);
#1426=ORIENTED_EDGE('',*,*,#1075,.T.);
#1427=ORIENTED_EDGE('',*,*,#1076,.T.);
#1428=ORIENTED_EDGE('',*,*,#970,.T.);
#1429=ORIENTED_EDGE('',*,*,#973,.T.);
#1430=ORIENTED_EDGE('',*,*,#975,.T.);
#1431=ORIENTED_EDGE('',*,*,#968,.T.);
#1432=ORIENTED_EDGE('',*,*,#1077,.T.);
#1433=ORIENTED_EDGE('',*,*,#1078,.T.);
#1434=ORIENTED_EDGE('',*,*,#1079,.T.);
#1435=ORIENTED_EDGE('',*,*,#1080,.T.);
#1436=ORIENTED_EDGE('',*,*,#961,.T.);
#1437=ORIENTED_EDGE('',*,*,#964,.T.);
#1438=ORIENTED_EDGE('',*,*,#966,.T.);
#1439=ORIENTED_EDGE('',*,*,#959,.T.);
#1440=ORIENTED_EDGE('',*,*,#1081,.T.);
#1441=ORIENTED_EDGE('',*,*,#1082,.T.);
#1442=ORIENTED_EDGE('',*,*,#1083,.T.);
#1443=ORIENTED_EDGE('',*,*,#1084,.T.);
#1444=ORIENTED_EDGE('',*,*,#952,.T.);
#1445=ORIENTED_EDGE('',*,*,#955,.T.);
#1446=ORIENTED_EDGE('',*,*,#957,.T.);
#1447=ORIENTED_EDGE('',*,*,#1034,.T.);
#1448=ORIENTED_EDGE('',*,*,#1044,.T.);
#1449=ORIENTED_EDGE('',*,*,#1085,.T.);
#1450=ORIENTED_EDGE('',*,*,#871,.F.);
#1451=ORIENTED_EDGE('',*,*,#1085,.F.);
#1452=ORIENTED_EDGE('',*,*,#1043,.F.);
#1453=ORIENTED_EDGE('',*,*,#1086,.F.);
#1454=ORIENTED_EDGE('',*,*,#872,.F.);
#1455=ORIENTED_EDGE('',*,*,#1086,.T.);
#1456=ORIENTED_EDGE('',*,*,#1042,.T.);
#1457=ORIENTED_EDGE('',*,*,#1087,.T.);
#1458=ORIENTED_EDGE('',*,*,#873,.F.);
#1459=ORIENTED_EDGE('',*,*,#1087,.F.);
#1460=ORIENTED_EDGE('',*,*,#1041,.F.);
#1461=ORIENTED_EDGE('',*,*,#1039,.F.);
#1462=ORIENTED_EDGE('',*,*,#874,.F.);
#1463=ORIENTED_EDGE('',*,*,#875,.F.);
#1464=ORIENTED_EDGE('',*,*,#1088,.T.);
#1465=ORIENTED_EDGE('',*,*,#1045,.F.);
#1466=ORIENTED_EDGE('',*,*,#1088,.F.);
#1467=ORIENTED_EDGE('',*,*,#876,.F.);
#1468=ORIENTED_EDGE('',*,*,#1089,.T.);
#1469=ORIENTED_EDGE('',*,*,#1046,.F.);
#1470=ORIENTED_EDGE('',*,*,#1089,.F.);
#1471=ORIENTED_EDGE('',*,*,#877,.F.);
#1472=ORIENTED_EDGE('',*,*,#1090,.T.);
#1473=ORIENTED_EDGE('',*,*,#1047,.F.);
#1474=ORIENTED_EDGE('',*,*,#1090,.F.);
#1475=ORIENTED_EDGE('',*,*,#878,.F.);
#1476=ORIENTED_EDGE('',*,*,#1091,.T.);
#1477=ORIENTED_EDGE('',*,*,#1048,.F.);
#1478=ORIENTED_EDGE('',*,*,#1091,.F.);
#1479=ORIENTED_EDGE('',*,*,#1092,.F.);
#1480=ORIENTED_EDGE('',*,*,#1081,.F.);
#1481=ORIENTED_EDGE('',*,*,#958,.F.);
#1482=ORIENTED_EDGE('',*,*,#950,.F.);
#1483=ORIENTED_EDGE('',*,*,#1093,.F.);
#1484=ORIENTED_EDGE('',*,*,#1082,.F.);
#1485=ORIENTED_EDGE('',*,*,#1092,.T.);
#1486=ORIENTED_EDGE('',*,*,#949,.F.);
#1487=ORIENTED_EDGE('',*,*,#1094,.F.);
#1488=ORIENTED_EDGE('',*,*,#1083,.F.);
#1489=ORIENTED_EDGE('',*,*,#1093,.T.);
#1490=ORIENTED_EDGE('',*,*,#948,.F.);
#1491=ORIENTED_EDGE('',*,*,#953,.F.);
#1492=ORIENTED_EDGE('',*,*,#1084,.F.);
#1493=ORIENTED_EDGE('',*,*,#1094,.T.);
#1494=ORIENTED_EDGE('',*,*,#947,.F.);
#1495=ORIENTED_EDGE('',*,*,#1095,.F.);
#1496=ORIENTED_EDGE('',*,*,#1077,.F.);
#1497=ORIENTED_EDGE('',*,*,#967,.F.);
#1498=ORIENTED_EDGE('',*,*,#942,.F.);
#1499=ORIENTED_EDGE('',*,*,#1096,.F.);
#1500=ORIENTED_EDGE('',*,*,#1078,.F.);
#1501=ORIENTED_EDGE('',*,*,#1095,.T.);
#1502=ORIENTED_EDGE('',*,*,#941,.F.);
#1503=ORIENTED_EDGE('',*,*,#1097,.F.);
#1504=ORIENTED_EDGE('',*,*,#1079,.F.);
#1505=ORIENTED_EDGE('',*,*,#1096,.T.);
#1506=ORIENTED_EDGE('',*,*,#940,.F.);
#1507=ORIENTED_EDGE('',*,*,#962,.F.);
#1508=ORIENTED_EDGE('',*,*,#1080,.F.);
#1509=ORIENTED_EDGE('',*,*,#1097,.T.);
#1510=ORIENTED_EDGE('',*,*,#939,.F.);
#1511=ORIENTED_EDGE('',*,*,#1098,.F.);
#1512=ORIENTED_EDGE('',*,*,#1073,.F.);
#1513=ORIENTED_EDGE('',*,*,#976,.F.);
#1514=ORIENTED_EDGE('',*,*,#934,.F.);
#1515=ORIENTED_EDGE('',*,*,#1099,.F.);
#1516=ORIENTED_EDGE('',*,*,#1074,.F.);
#1517=ORIENTED_EDGE('',*,*,#1098,.T.);
#1518=ORIENTED_EDGE('',*,*,#933,.F.);
#1519=ORIENTED_EDGE('',*,*,#1100,.F.);
#1520=ORIENTED_EDGE('',*,*,#1075,.F.);
#1521=ORIENTED_EDGE('',*,*,#1099,.T.);
#1522=ORIENTED_EDGE('',*,*,#932,.F.);
#1523=ORIENTED_EDGE('',*,*,#971,.F.);
#1524=ORIENTED_EDGE('',*,*,#1076,.F.);
#1525=ORIENTED_EDGE('',*,*,#1100,.T.);
#1526=ORIENTED_EDGE('',*,*,#931,.F.);
#1527=ORIENTED_EDGE('',*,*,#1101,.F.);
#1528=ORIENTED_EDGE('',*,*,#1069,.F.);
#1529=ORIENTED_EDGE('',*,*,#985,.F.);
#1530=ORIENTED_EDGE('',*,*,#926,.F.);
#1531=ORIENTED_EDGE('',*,*,#1102,.F.);
#1532=ORIENTED_EDGE('',*,*,#1070,.F.);
#1533=ORIENTED_EDGE('',*,*,#1101,.T.);
#1534=ORIENTED_EDGE('',*,*,#925,.F.);
#1535=ORIENTED_EDGE('',*,*,#1103,.F.);
#1536=ORIENTED_EDGE('',*,*,#1071,.F.);
#1537=ORIENTED_EDGE('',*,*,#1102,.T.);
#1538=ORIENTED_EDGE('',*,*,#924,.F.);
#1539=ORIENTED_EDGE('',*,*,#980,.F.);
#1540=ORIENTED_EDGE('',*,*,#1072,.F.);
#1541=ORIENTED_EDGE('',*,*,#1103,.T.);
#1542=ORIENTED_EDGE('',*,*,#923,.F.);
#1543=ORIENTED_EDGE('',*,*,#1104,.F.);
#1544=ORIENTED_EDGE('',*,*,#1065,.F.);
#1545=ORIENTED_EDGE('',*,*,#994,.F.);
#1546=ORIENTED_EDGE('',*,*,#918,.F.);
#1547=ORIENTED_EDGE('',*,*,#1105,.F.);
#1548=ORIENTED_EDGE('',*,*,#1066,.F.);
#1549=ORIENTED_EDGE('',*,*,#1104,.T.);
#1550=ORIENTED_EDGE('',*,*,#917,.F.);
#1551=ORIENTED_EDGE('',*,*,#1106,.F.);
#1552=ORIENTED_EDGE('',*,*,#1067,.F.);
#1553=ORIENTED_EDGE('',*,*,#1105,.T.);
#1554=ORIENTED_EDGE('',*,*,#916,.F.);
#1555=ORIENTED_EDGE('',*,*,#989,.F.);
#1556=ORIENTED_EDGE('',*,*,#1068,.F.);
#1557=ORIENTED_EDGE('',*,*,#1106,.T.);
#1558=ORIENTED_EDGE('',*,*,#915,.F.);
#1559=ORIENTED_EDGE('',*,*,#1107,.F.);
#1560=ORIENTED_EDGE('',*,*,#1061,.F.);
#1561=ORIENTED_EDGE('',*,*,#1003,.F.);
#1562=ORIENTED_EDGE('',*,*,#910,.F.);
#1563=ORIENTED_EDGE('',*,*,#1108,.F.);
#1564=ORIENTED_EDGE('',*,*,#1062,.F.);
#1565=ORIENTED_EDGE('',*,*,#1107,.T.);
#1566=ORIENTED_EDGE('',*,*,#909,.F.);
#1567=ORIENTED_EDGE('',*,*,#1109,.F.);
#1568=ORIENTED_EDGE('',*,*,#1063,.F.);
#1569=ORIENTED_EDGE('',*,*,#1108,.T.);
#1570=ORIENTED_EDGE('',*,*,#908,.F.);
#1571=ORIENTED_EDGE('',*,*,#998,.F.);
#1572=ORIENTED_EDGE('',*,*,#1064,.F.);
#1573=ORIENTED_EDGE('',*,*,#1109,.T.);
#1574=ORIENTED_EDGE('',*,*,#907,.F.);
#1575=ORIENTED_EDGE('',*,*,#1110,.F.);
#1576=ORIENTED_EDGE('',*,*,#1057,.F.);
#1577=ORIENTED_EDGE('',*,*,#1012,.F.);
#1578=ORIENTED_EDGE('',*,*,#902,.F.);
#1579=ORIENTED_EDGE('',*,*,#1111,.F.);
#1580=ORIENTED_EDGE('',*,*,#1058,.F.);
#1581=ORIENTED_EDGE('',*,*,#1110,.T.);
#1582=ORIENTED_EDGE('',*,*,#901,.F.);
#1583=ORIENTED_EDGE('',*,*,#1112,.F.);
#1584=ORIENTED_EDGE('',*,*,#1059,.F.);
#1585=ORIENTED_EDGE('',*,*,#1111,.T.);
#1586=ORIENTED_EDGE('',*,*,#900,.F.);
#1587=ORIENTED_EDGE('',*,*,#1007,.F.);
#1588=ORIENTED_EDGE('',*,*,#1060,.F.);
#1589=ORIENTED_EDGE('',*,*,#1112,.T.);
#1590=ORIENTED_EDGE('',*,*,#899,.F.);
#1591=ORIENTED_EDGE('',*,*,#1113,.F.);
#1592=ORIENTED_EDGE('',*,*,#1053,.F.);
#1593=ORIENTED_EDGE('',*,*,#1021,.F.);
#1594=ORIENTED_EDGE('',*,*,#894,.F.);
#1595=ORIENTED_EDGE('',*,*,#1114,.F.);
#1596=ORIENTED_EDGE('',*,*,#1054,.F.);
#1597=ORIENTED_EDGE('',*,*,#1113,.T.);
#1598=ORIENTED_EDGE('',*,*,#893,.F.);
#1599=ORIENTED_EDGE('',*,*,#1115,.F.);
#1600=ORIENTED_EDGE('',*,*,#1055,.F.);
#1601=ORIENTED_EDGE('',*,*,#1114,.T.);
#1602=ORIENTED_EDGE('',*,*,#892,.F.);
#1603=ORIENTED_EDGE('',*,*,#1016,.F.);
#1604=ORIENTED_EDGE('',*,*,#1056,.F.);
#1605=ORIENTED_EDGE('',*,*,#1115,.T.);
#1606=ORIENTED_EDGE('',*,*,#891,.F.);
#1607=ORIENTED_EDGE('',*,*,#1116,.F.);
#1608=ORIENTED_EDGE('',*,*,#1049,.F.);
#1609=ORIENTED_EDGE('',*,*,#1030,.F.);
#1610=ORIENTED_EDGE('',*,*,#886,.F.);
#1611=ORIENTED_EDGE('',*,*,#1117,.F.);
#1612=ORIENTED_EDGE('',*,*,#1050,.F.);
#1613=ORIENTED_EDGE('',*,*,#1116,.T.);
#1614=ORIENTED_EDGE('',*,*,#885,.F.);
#1615=ORIENTED_EDGE('',*,*,#1118,.F.);
#1616=ORIENTED_EDGE('',*,*,#1051,.F.);
#1617=ORIENTED_EDGE('',*,*,#1117,.T.);
#1618=ORIENTED_EDGE('',*,*,#884,.F.);
#1619=ORIENTED_EDGE('',*,*,#1025,.F.);
#1620=ORIENTED_EDGE('',*,*,#1052,.F.);
#1621=ORIENTED_EDGE('',*,*,#1118,.T.);
#1622=ORIENTED_EDGE('',*,*,#883,.F.);
#1623=PLANE('',#1753);
#1624=PLANE('',#1798);
#1625=PLANE('',#1801);
#1626=PLANE('',#1804);
#1627=PLANE('',#1807);
#1628=PLANE('',#1810);
#1629=PLANE('',#1813);
#1630=PLANE('',#1816);
#1631=PLANE('',#1819);
#1632=PLANE('',#1822);
#1633=PLANE('',#1825);
#1634=PLANE('',#1828);
#1635=PLANE('',#1831);
#1636=PLANE('',#1834);
#1637=PLANE('',#1837);
#1638=PLANE('',#1840);
#1639=PLANE('',#1843);
#1640=PLANE('',#1846);
#1641=PLANE('',#1849);
#1642=PLANE('',#1852);
#1643=PLANE('',#1855);
#1644=PLANE('',#1858);
#1645=PLANE('',#1884);
#1646=PLANE('',#1886);
#1647=PLANE('',#1891);
#1648=PLANE('',#1893);
#1649=PLANE('',#1895);
#1650=PLANE('',#1897);
#1651=PLANE('',#1899);
#1652=PLANE('',#1901);
#1653=PLANE('',#1903);
#1654=PLANE('',#1905);
#1655=PLANE('',#1907);
#1656=PLANE('',#1909);
#1657=PLANE('',#1911);
#1658=PLANE('',#1913);
#1659=PLANE('',#1915);
#1660=PLANE('',#1917);
#1661=PLANE('',#1919);
#1662=PLANE('',#1921);
#1663=PLANE('',#1923);
#1664=PLANE('',#1925);
#1665=ADVANCED_FACE('',(#85,#59,#60,#61,#62,#63,#64,#65,#66,#67,#68,#69,
#70,#71),#1623,.T.);
#1666=ADVANCED_FACE('',(#86),#1624,.T.);
#1667=ADVANCED_FACE('',(#87),#15,.F.);
#1668=ADVANCED_FACE('',(#88),#1625,.T.);
#1669=ADVANCED_FACE('',(#89),#16,.F.);
#1670=ADVANCED_FACE('',(#90),#1626,.T.);
#1671=ADVANCED_FACE('',(#91),#17,.F.);
#1672=ADVANCED_FACE('',(#92),#1627,.T.);
#1673=ADVANCED_FACE('',(#93),#18,.F.);
#1674=ADVANCED_FACE('',(#94),#1628,.T.);
#1675=ADVANCED_FACE('',(#95),#19,.F.);
#1676=ADVANCED_FACE('',(#96),#1629,.T.);
#1677=ADVANCED_FACE('',(#97),#20,.F.);
#1678=ADVANCED_FACE('',(#98),#1630,.T.);
#1679=ADVANCED_FACE('',(#99),#21,.F.);
#1680=ADVANCED_FACE('',(#100),#1631,.T.);
#1681=ADVANCED_FACE('',(#101),#22,.F.);
#1682=ADVANCED_FACE('',(#102),#1632,.T.);
#1683=ADVANCED_FACE('',(#103),#23,.F.);
#1684=ADVANCED_FACE('',(#104),#1633,.T.);
#1685=ADVANCED_FACE('',(#105),#24,.F.);
#1686=ADVANCED_FACE('',(#106),#1634,.T.);
#1687=ADVANCED_FACE('',(#107),#25,.F.);
#1688=ADVANCED_FACE('',(#108),#1635,.T.);
#1689=ADVANCED_FACE('',(#109),#26,.F.);
#1690=ADVANCED_FACE('',(#110),#1636,.T.);
#1691=ADVANCED_FACE('',(#111),#27,.F.);
#1692=ADVANCED_FACE('',(#112),#1637,.T.);
#1693=ADVANCED_FACE('',(#113),#28,.F.);
#1694=ADVANCED_FACE('',(#114),#1638,.T.);
#1695=ADVANCED_FACE('',(#115),#29,.F.);
#1696=ADVANCED_FACE('',(#116),#1639,.T.);
#1697=ADVANCED_FACE('',(#117),#30,.F.);
#1698=ADVANCED_FACE('',(#118),#1640,.T.);
#1699=ADVANCED_FACE('',(#119),#31,.F.);
#1700=ADVANCED_FACE('',(#120),#1641,.T.);
#1701=ADVANCED_FACE('',(#121),#32,.F.);
#1702=ADVANCED_FACE('',(#122),#1642,.T.);
#1703=ADVANCED_FACE('',(#123),#33,.T.);
#1704=ADVANCED_FACE('',(#124),#1643,.T.);
#1705=ADVANCED_FACE('',(#125),#34,.T.);
#1706=ADVANCED_FACE('',(#126,#72,#73,#74,#75,#76,#77,#78,#79,#80,#81,#82,
#83,#84),#1644,.F.);
#1707=ADVANCED_FACE('',(#127),#35,.T.);
#1708=ADVANCED_FACE('',(#128),#1645,.T.);
#1709=ADVANCED_FACE('',(#129),#36,.T.);
#1710=ADVANCED_FACE('',(#130),#1646,.T.);
#1711=ADVANCED_FACE('',(#131),#37,.F.);
#1712=ADVANCED_FACE('',(#132),#38,.F.);
#1713=ADVANCED_FACE('',(#133),#39,.F.);
#1714=ADVANCED_FACE('',(#134),#40,.F.);
#1715=ADVANCED_FACE('',(#135),#1647,.T.);
#1716=ADVANCED_FACE('',(#136),#41,.F.);
#1717=ADVANCED_FACE('',(#137),#1648,.T.);
#1718=ADVANCED_FACE('',(#138),#42,.F.);
#1719=ADVANCED_FACE('',(#139),#1649,.T.);
#1720=ADVANCED_FACE('',(#140),#43,.F.);
#1721=ADVANCED_FACE('',(#141),#1650,.T.);
#1722=ADVANCED_FACE('',(#142),#44,.F.);
#1723=ADVANCED_FACE('',(#143),#1651,.T.);
#1724=ADVANCED_FACE('',(#144),#45,.F.);
#1725=ADVANCED_FACE('',(#145),#1652,.T.);
#1726=ADVANCED_FACE('',(#146),#46,.F.);
#1727=ADVANCED_FACE('',(#147),#1653,.T.);
#1728=ADVANCED_FACE('',(#148),#47,.F.);
#1729=ADVANCED_FACE('',(#149),#1654,.T.);
#1730=ADVANCED_FACE('',(#150),#48,.F.);
#1731=ADVANCED_FACE('',(#151),#1655,.T.);
#1732=ADVANCED_FACE('',(#152),#49,.F.);
#1733=ADVANCED_FACE('',(#153),#1656,.T.);
#1734=ADVANCED_FACE('',(#154),#50,.F.);
#1735=ADVANCED_FACE('',(#155),#1657,.T.);
#1736=ADVANCED_FACE('',(#156),#51,.F.);
#1737=ADVANCED_FACE('',(#157),#1658,.T.);
#1738=ADVANCED_FACE('',(#158),#52,.F.);
#1739=ADVANCED_FACE('',(#159),#1659,.T.);
#1740=ADVANCED_FACE('',(#160),#53,.F.);
#1741=ADVANCED_FACE('',(#161),#1660,.T.);
#1742=ADVANCED_FACE('',(#162),#54,.F.);
#1743=ADVANCED_FACE('',(#163),#1661,.T.);
#1744=ADVANCED_FACE('',(#164),#55,.F.);
#1745=ADVANCED_FACE('',(#165),#1662,.T.);
#1746=ADVANCED_FACE('',(#166),#56,.F.);
#1747=ADVANCED_FACE('',(#167),#1663,.T.);
#1748=ADVANCED_FACE('',(#168),#57,.F.);
#1749=ADVANCED_FACE('',(#169),#1664,.T.);
#1750=ADVANCED_FACE('',(#170),#58,.F.);
#1751=CLOSED_SHELL('',(#1665,#1666,#1667,#1668,#1669,#1670,#1671,#1672,
#1673,#1674,#1675,#1676,#1677,#1678,#1679,#1680,#1681,#1682,#1683,#1684,
#1685,#1686,#1687,#1688,#1689,#1690,#1691,#1692,#1693,#1694,#1695,#1696,
#1697,#1698,#1699,#1700,#1701,#1702,#1703,#1704,#1705,#1706,#1707,#1708,
#1709,#1710,#1711,#1712,#1713,#1714,#1715,#1716,#1717,#1718,#1719,#1720,
#1721,#1722,#1723,#1724,#1725,#1726,#1727,#1728,#1729,#1730,#1731,#1732,
#1733,#1734,#1735,#1736,#1737,#1738,#1739,#1740,#1741,#1742,#1743,#1744,
#1745,#1746,#1747,#1748,#1749,#1750));
#1752=AXIS2_PLACEMENT_3D('',#2441,#1927,#1928);
#1753=AXIS2_PLACEMENT_3D('',#2442,#1929,#1930);
#1754=AXIS2_PLACEMENT_3D('',#2445,#1931,#1932);
#1755=AXIS2_PLACEMENT_3D('',#2449,#1934,#1935);
#1756=AXIS2_PLACEMENT_3D('',#2453,#1937,#1938);
#1757=AXIS2_PLACEMENT_3D('',#2457,#1940,#1941);
#1758=AXIS2_PLACEMENT_3D('',#2460,#1943,#1944);
#1759=AXIS2_PLACEMENT_3D('',#2462,#1945,#1946);
#1760=AXIS2_PLACEMENT_3D('',#2464,#1947,#1948);
#1761=AXIS2_PLACEMENT_3D('',#2466,#1949,#1950);
#1762=AXIS2_PLACEMENT_3D('',#2469,#1951,#1952);
#1763=AXIS2_PLACEMENT_3D('',#2473,#1954,#1955);
#1764=AXIS2_PLACEMENT_3D('',#2477,#1957,#1958);
#1765=AXIS2_PLACEMENT_3D('',#2481,#1960,#1961);
#1766=AXIS2_PLACEMENT_3D('',#2485,#1963,#1964);
#1767=AXIS2_PLACEMENT_3D('',#2489,#1966,#1967);
#1768=AXIS2_PLACEMENT_3D('',#2493,#1969,#1970);
#1769=AXIS2_PLACEMENT_3D('',#2497,#1972,#1973);
#1770=AXIS2_PLACEMENT_3D('',#2501,#1975,#1976);
#1771=AXIS2_PLACEMENT_3D('',#2505,#1978,#1979);
#1772=AXIS2_PLACEMENT_3D('',#2509,#1981,#1982);
#1773=AXIS2_PLACEMENT_3D('',#2513,#1984,#1985);
#1774=AXIS2_PLACEMENT_3D('',#2517,#1987,#1988);
#1775=AXIS2_PLACEMENT_3D('',#2521,#1990,#1991);
#1776=AXIS2_PLACEMENT_3D('',#2525,#1993,#1994);
#1777=AXIS2_PLACEMENT_3D('',#2529,#1996,#1997);
#1778=AXIS2_PLACEMENT_3D('',#2533,#1999,#2000);
#1779=AXIS2_PLACEMENT_3D('',#2537,#2002,#2003);
#1780=AXIS2_PLACEMENT_3D('',#2541,#2005,#2006);
#1781=AXIS2_PLACEMENT_3D('',#2545,#2008,#2009);
#1782=AXIS2_PLACEMENT_3D('',#2549,#2011,#2012);
#1783=AXIS2_PLACEMENT_3D('',#2553,#2014,#2015);
#1784=AXIS2_PLACEMENT_3D('',#2557,#2017,#2018);
#1785=AXIS2_PLACEMENT_3D('',#2561,#2020,#2021);
#1786=AXIS2_PLACEMENT_3D('',#2565,#2023,#2024);
#1787=AXIS2_PLACEMENT_3D('',#2569,#2026,#2027);
#1788=AXIS2_PLACEMENT_3D('',#2573,#2029,#2030);
#1789=AXIS2_PLACEMENT_3D('',#2577,#2032,#2033);
#1790=AXIS2_PLACEMENT_3D('',#2581,#2035,#2036);
#1791=AXIS2_PLACEMENT_3D('',#2585,#2038,#2039);
#1792=AXIS2_PLACEMENT_3D('',#2589,#2041,#2042);
#1793=AXIS2_PLACEMENT_3D('',#2593,#2044,#2045);
#1794=AXIS2_PLACEMENT_3D('',#2597,#2047,#2048);
#1795=AXIS2_PLACEMENT_3D('',#2601,#2050,#2051);
#1796=AXIS2_PLACEMENT_3D('',#2605,#2053,#2054);
#1797=AXIS2_PLACEMENT_3D('',#2609,#2056,#2057);
#1798=AXIS2_PLACEMENT_3D('',#2611,#2059,#2060);
#1799=AXIS2_PLACEMENT_3D('',#2617,#2064,#2065);
#1800=AXIS2_PLACEMENT_3D('',#2620,#2067,#2068);
#1801=AXIS2_PLACEMENT_3D('',#2621,#2069,#2070);
#1802=AXIS2_PLACEMENT_3D('',#2625,#2073,#2074);
#1803=AXIS2_PLACEMENT_3D('',#2628,#2076,#2077);
#1804=AXIS2_PLACEMENT_3D('',#2629,#2078,#2079);
#1805=AXIS2_PLACEMENT_3D('',#2635,#2083,#2084);
#1806=AXIS2_PLACEMENT_3D('',#2638,#2086,#2087);
#1807=AXIS2_PLACEMENT_3D('',#2639,#2088,#2089);
#1808=AXIS2_PLACEMENT_3D('',#2643,#2092,#2093);
#1809=AXIS2_PLACEMENT_3D('',#2646,#2095,#2096);
#1810=AXIS2_PLACEMENT_3D('',#2647,#2097,#2098);
#1811=AXIS2_PLACEMENT_3D('',#2653,#2102,#2103);
#1812=AXIS2_PLACEMENT_3D('',#2656,#2105,#2106);
#1813=AXIS2_PLACEMENT_3D('',#2657,#2107,#2108);
#1814=AXIS2_PLACEMENT_3D('',#2661,#2111,#2112);
#1815=AXIS2_PLACEMENT_3D('',#2664,#2114,#2115);
#1816=AXIS2_PLACEMENT_3D('',#2665,#2116,#2117);
#1817=AXIS2_PLACEMENT_3D('',#2671,#2121,#2122);
#1818=AXIS2_PLACEMENT_3D('',#2674,#2124,#2125);
#1819=AXIS2_PLACEMENT_3D('',#2675,#2126,#2127);
#1820=AXIS2_PLACEMENT_3D('',#2679,#2130,#2131);
#1821=AXIS2_PLACEMENT_3D('',#2682,#2133,#2134);
#1822=AXIS2_PLACEMENT_3D('',#2683,#2135,#2136);
#1823=AXIS2_PLACEMENT_3D('',#2689,#2140,#2141);
#1824=AXIS2_PLACEMENT_3D('',#2692,#2143,#2144);
#1825=AXIS2_PLACEMENT_3D('',#2693,#2145,#2146);
#1826=AXIS2_PLACEMENT_3D('',#2697,#2149,#2150);
#1827=AXIS2_PLACEMENT_3D('',#2700,#2152,#2153);
#1828=AXIS2_PLACEMENT_3D('',#2701,#2154,#2155);
#1829=AXIS2_PLACEMENT_3D('',#2707,#2159,#2160);
#1830=AXIS2_PLACEMENT_3D('',#2710,#2162,#2163);
#1831=AXIS2_PLACEMENT_3D('',#2711,#2164,#2165);
#1832=AXIS2_PLACEMENT_3D('',#2715,#2168,#2169);
#1833=AXIS2_PLACEMENT_3D('',#2718,#2171,#2172);
#1834=AXIS2_PLACEMENT_3D('',#2719,#2173,#2174);
#1835=AXIS2_PLACEMENT_3D('',#2725,#2178,#2179);
#1836=AXIS2_PLACEMENT_3D('',#2728,#2181,#2182);
#1837=AXIS2_PLACEMENT_3D('',#2729,#2183,#2184);
#1838=AXIS2_PLACEMENT_3D('',#2733,#2187,#2188);
#1839=AXIS2_PLACEMENT_3D('',#2736,#2190,#2191);
#1840=AXIS2_PLACEMENT_3D('',#2737,#2192,#2193);
#1841=AXIS2_PLACEMENT_3D('',#2743,#2197,#2198);
#1842=AXIS2_PLACEMENT_3D('',#2746,#2200,#2201);
#1843=AXIS2_PLACEMENT_3D('',#2747,#2202,#2203);
#1844=AXIS2_PLACEMENT_3D('',#2751,#2206,#2207);
#1845=AXIS2_PLACEMENT_3D('',#2754,#2209,#2210);
#1846=AXIS2_PLACEMENT_3D('',#2755,#2211,#2212);
#1847=AXIS2_PLACEMENT_3D('',#2761,#2216,#2217);
#1848=AXIS2_PLACEMENT_3D('',#2764,#2219,#2220);
#1849=AXIS2_PLACEMENT_3D('',#2765,#2221,#2222);
#1850=AXIS2_PLACEMENT_3D('',#2769,#2225,#2226);
#1851=AXIS2_PLACEMENT_3D('',#2772,#2228,#2229);
#1852=AXIS2_PLACEMENT_3D('',#2773,#2230,#2231);
#1853=AXIS2_PLACEMENT_3D('',#2779,#2235,#2236);
#1854=AXIS2_PLACEMENT_3D('',#2782,#2238,#2239);
#1855=AXIS2_PLACEMENT_3D('',#2783,#2240,#2241);
#1856=AXIS2_PLACEMENT_3D('',#2787,#2244,#2245);
#1857=AXIS2_PLACEMENT_3D('',#2790,#2247,#2248);
#1858=AXIS2_PLACEMENT_3D('',#2791,#2249,#2250);
#1859=AXIS2_PLACEMENT_3D('',#2795,#2252,#2253);
#1860=AXIS2_PLACEMENT_3D('',#2798,#2255,#2256);
#1861=AXIS2_PLACEMENT_3D('',#2800,#2257,#2258);
#1862=AXIS2_PLACEMENT_3D('',#2802,#2259,#2260);
#1863=AXIS2_PLACEMENT_3D('',#2804,#2261,#2262);
#1864=AXIS2_PLACEMENT_3D('',#2806,#2263,#2264);
#1865=AXIS2_PLACEMENT_3D('',#2810,#2266,#2267);
#1866=AXIS2_PLACEMENT_3D('',#2813,#2269,#2270);
#1867=AXIS2_PLACEMENT_3D('',#2817,#2272,#2273);
#1868=AXIS2_PLACEMENT_3D('',#2820,#2275,#2276);
#1869=AXIS2_PLACEMENT_3D('',#2824,#2278,#2279);
#1870=AXIS2_PLACEMENT_3D('',#2827,#2281,#2282);
#1871=AXIS2_PLACEMENT_3D('',#2831,#2284,#2285);
#1872=AXIS2_PLACEMENT_3D('',#2834,#2287,#2288);
#1873=AXIS2_PLACEMENT_3D('',#2838,#2290,#2291);
#1874=AXIS2_PLACEMENT_3D('',#2841,#2293,#2294);
#1875=AXIS2_PLACEMENT_3D('',#2845,#2296,#2297);
#1876=AXIS2_PLACEMENT_3D('',#2848,#2299,#2300);
#1877=AXIS2_PLACEMENT_3D('',#2852,#2302,#2303);
#1878=AXIS2_PLACEMENT_3D('',#2855,#2305,#2306);
#1879=AXIS2_PLACEMENT_3D('',#2859,#2308,#2309);
#1880=AXIS2_PLACEMENT_3D('',#2862,#2311,#2312);
#1881=AXIS2_PLACEMENT_3D('',#2866,#2314,#2315);
#1882=AXIS2_PLACEMENT_3D('',#2869,#2317,#2318);
#1883=AXIS2_PLACEMENT_3D('',#2870,#2319,#2320);
#1884=AXIS2_PLACEMENT_3D('',#2872,#2322,#2323);
#1885=AXIS2_PLACEMENT_3D('',#2874,#2325,#2326);
#1886=AXIS2_PLACEMENT_3D('',#2876,#2328,#2329);
#1887=AXIS2_PLACEMENT_3D('',#2877,#2330,#2331);
#1888=AXIS2_PLACEMENT_3D('',#2879,#2333,#2334);
#1889=AXIS2_PLACEMENT_3D('',#2881,#2336,#2337);
#1890=AXIS2_PLACEMENT_3D('',#2883,#2339,#2340);
#1891=AXIS2_PLACEMENT_3D('',#2885,#2342,#2343);
#1892=AXIS2_PLACEMENT_3D('',#2887,#2345,#2346);
#1893=AXIS2_PLACEMENT_3D('',#2889,#2348,#2349);
#1894=AXIS2_PLACEMENT_3D('',#2891,#2351,#2352);
#1895=AXIS2_PLACEMENT_3D('',#2892,#2353,#2354);
#1896=AXIS2_PLACEMENT_3D('',#2894,#2356,#2357);
#1897=AXIS2_PLACEMENT_3D('',#2896,#2359,#2360);
#1898=AXIS2_PLACEMENT_3D('',#2898,#2362,#2363);
#1899=AXIS2_PLACEMENT_3D('',#2899,#2364,#2365);
#1900=AXIS2_PLACEMENT_3D('',#2901,#2367,#2368);
#1901=AXIS2_PLACEMENT_3D('',#2903,#2370,#2371);
#1902=AXIS2_PLACEMENT_3D('',#2905,#2373,#2374);
#1903=AXIS2_PLACEMENT_3D('',#2906,#2375,#2376);
#1904=AXIS2_PLACEMENT_3D('',#2908,#2378,#2379);
#1905=AXIS2_PLACEMENT_3D('',#2910,#2381,#2382);
#1906=AXIS2_PLACEMENT_3D('',#2912,#2384,#2385);
#1907=AXIS2_PLACEMENT_3D('',#2913,#2386,#2387);
#1908=AXIS2_PLACEMENT_3D('',#2915,#2389,#2390);
#1909=AXIS2_PLACEMENT_3D('',#2917,#2392,#2393);
#1910=AXIS2_PLACEMENT_3D('',#2919,#2395,#2396);
#1911=AXIS2_PLACEMENT_3D('',#2920,#2397,#2398);
#1912=AXIS2_PLACEMENT_3D('',#2922,#2400,#2401);
#1913=AXIS2_PLACEMENT_3D('',#2924,#2403,#2404);
#1914=AXIS2_PLACEMENT_3D('',#2926,#2406,#2407);
#1915=AXIS2_PLACEMENT_3D('',#2927,#2408,#2409);
#1916=AXIS2_PLACEMENT_3D('',#2929,#2411,#2412);
#1917=AXIS2_PLACEMENT_3D('',#2931,#2414,#2415);
#1918=AXIS2_PLACEMENT_3D('',#2933,#2417,#2418);
#1919=AXIS2_PLACEMENT_3D('',#2934,#2419,#2420);
#1920=AXIS2_PLACEMENT_3D('',#2936,#2422,#2423);
#1921=AXIS2_PLACEMENT_3D('',#2938,#2425,#2426);
#1922=AXIS2_PLACEMENT_3D('',#2940,#2428,#2429);
#1923=AXIS2_PLACEMENT_3D('',#2941,#2430,#2431);
#1924=AXIS2_PLACEMENT_3D('',#2943,#2433,#2434);
#1925=AXIS2_PLACEMENT_3D('',#2945,#2436,#2437);
#1926=AXIS2_PLACEMENT_3D('',#2947,#2439,#2440);
#1927=DIRECTION('axis',(0.,0.,1.));
#1928=DIRECTION('refdir',(1.,0.,0.));
#1929=DIRECTION('center_axis',(0.,0.,1.));
#1930=DIRECTION('ref_axis',(1.,0.,0.));
#1931=DIRECTION('center_axis',(0.,0.,1.));
#1932=DIRECTION('ref_axis',(-0.707106781186548,-0.707106781186548,0.));
#1933=DIRECTION('',(1.,0.,0.));
#1934=DIRECTION('center_axis',(0.,0.,1.));
#1935=DIRECTION('ref_axis',(0.707106781186541,-0.707106781186554,0.));
#1936=DIRECTION('',(0.,1.,0.));
#1937=DIRECTION('center_axis',(0.,0.,1.));
#1938=DIRECTION('ref_axis',(0.707106781186552,0.707106781186543,0.));
#1939=DIRECTION('',(-1.,0.,0.));
#1940=DIRECTION('center_axis',(0.,0.,1.));
#1941=DIRECTION('ref_axis',(-0.707106781186546,0.707106781186549,0.));
#1942=DIRECTION('',(0.,-1.,0.));
#1943=DIRECTION('center_axis',(0.,0.,-1.));
#1944=DIRECTION('ref_axis',(-1.,0.,0.));
#1945=DIRECTION('center_axis',(0.,0.,-1.));
#1946=DIRECTION('ref_axis',(-1.,0.,0.));
#1947=DIRECTION('center_axis',(0.,0.,-1.));
#1948=DIRECTION('ref_axis',(-1.,0.,0.));
#1949=DIRECTION('center_axis',(0.,0.,-1.));
#1950=DIRECTION('ref_axis',(-1.,0.,0.));
#1951=DIRECTION('center_axis',(0.,0.,-1.));
#1952=DIRECTION('ref_axis',(0.,1.,0.));
#1953=DIRECTION('',(1.,0.,0.));
#1954=DIRECTION('center_axis',(0.,0.,-1.));
#1955=DIRECTION('ref_axis',(1.,0.,0.));
#1956=DIRECTION('',(0.,-1.,0.));
#1957=DIRECTION('center_axis',(0.,0.,-1.));
#1958=DIRECTION('ref_axis',(0.,-1.,0.));
#1959=DIRECTION('',(-1.,0.,0.));
#1960=DIRECTION('center_axis',(0.,0.,-1.));
#1961=DIRECTION('ref_axis',(-1.,0.,0.));
#1962=DIRECTION('',(0.,1.,0.));
#1963=DIRECTION('center_axis',(0.,0.,-1.));
#1964=DIRECTION('ref_axis',(0.,1.,0.));
#1965=DIRECTION('',(1.,0.,0.));
#1966=DIRECTION('center_axis',(0.,0.,-1.));
#1967=DIRECTION('ref_axis',(1.,0.,0.));
#1968=DIRECTION('',(0.,-1.,0.));
#1969=DIRECTION('center_axis',(0.,0.,-1.));
#1970=DIRECTION('ref_axis',(4.44089209850064E-15,-1.,0.));
#1971=DIRECTION('',(-1.,0.,0.));
#1972=DIRECTION('center_axis',(0.,0.,-1.));
#1973=DIRECTION('ref_axis',(-1.,0.,0.));
#1974=DIRECTION('',(0.,1.,0.));
#1975=DIRECTION('center_axis',(0.,0.,-1.));
#1976=DIRECTION('ref_axis',(0.,1.,0.));
#1977=DIRECTION('',(1.,0.,0.));
#1978=DIRECTION('center_axis',(0.,0.,-1.));
#1979=DIRECTION('ref_axis',(1.,0.,0.));
#1980=DIRECTION('',(0.,-1.,0.));
#1981=DIRECTION('center_axis',(0.,0.,-1.));
#1982=DIRECTION('ref_axis',(0.,-1.,0.));
#1983=DIRECTION('',(-1.,0.,0.));
#1984=DIRECTION('center_axis',(0.,0.,-1.));
#1985=DIRECTION('ref_axis',(-1.,0.,0.));
#1986=DIRECTION('',(0.,1.,0.));
#1987=DIRECTION('center_axis',(0.,0.,-1.));
#1988=DIRECTION('ref_axis',(0.,1.,0.));
#1989=DIRECTION('',(1.,0.,0.));
#1990=DIRECTION('center_axis',(0.,0.,-1.));
#1991=DIRECTION('ref_axis',(1.,0.,0.));
#1992=DIRECTION('',(0.,-1.,0.));
#1993=DIRECTION('center_axis',(0.,0.,-1.));
#1994=DIRECTION('ref_axis',(0.,-1.,0.));
#1995=DIRECTION('',(-1.,0.,0.));
#1996=DIRECTION('center_axis',(0.,0.,-1.));
#1997=DIRECTION('ref_axis',(-1.,0.,0.));
#1998=DIRECTION('',(0.,1.,0.));
#1999=DIRECTION('center_axis',(0.,0.,-1.));
#2000=DIRECTION('ref_axis',(0.,1.,0.));
#2001=DIRECTION('',(1.,0.,0.));
#2002=DIRECTION('center_axis',(0.,0.,-1.));
#2003=DIRECTION('ref_axis',(1.,0.,0.));
#2004=DIRECTION('',(0.,-1.,0.));
#2005=DIRECTION('center_axis',(0.,0.,-1.));
#2006=DIRECTION('ref_axis',(4.4408920985006E-15,-1.,0.));
#2007=DIRECTION('',(-1.,0.,0.));
#2008=DIRECTION('center_axis',(0.,0.,-1.));
#2009=DIRECTION('ref_axis',(-1.,0.,0.));
#2010=DIRECTION('',(0.,1.,0.));
#2011=DIRECTION('center_axis',(0.,0.,-1.));
#2012=DIRECTION('ref_axis',(0.,1.,0.));
#2013=DIRECTION('',(1.,0.,0.));
#2014=DIRECTION('center_axis',(0.,0.,-1.));
#2015=DIRECTION('ref_axis',(1.,0.,0.));
#2016=DIRECTION('',(0.,-1.,0.));
#2017=DIRECTION('center_axis',(0.,0.,-1.));
#2018=DIRECTION('ref_axis',(0.,-1.,0.));
#2019=DIRECTION('',(-1.,0.,0.));
#2020=DIRECTION('center_axis',(0.,0.,-1.));
#2021=DIRECTION('ref_axis',(-1.,0.,0.));
#2022=DIRECTION('',(0.,1.,0.));
#2023=DIRECTION('center_axis',(0.,0.,-1.));
#2024=DIRECTION('ref_axis',(0.,1.,0.));
#2025=DIRECTION('',(1.,0.,0.));
#2026=DIRECTION('center_axis',(0.,0.,-1.));
#2027=DIRECTION('ref_axis',(1.,0.,0.));
#2028=DIRECTION('',(0.,-1.,0.));
#2029=DIRECTION('center_axis',(0.,0.,-1.));
#2030=DIRECTION('ref_axis',(0.,-1.,0.));
#2031=DIRECTION('',(-1.,0.,0.));
#2032=DIRECTION('center_axis',(0.,0.,-1.));
#2033=DIRECTION('ref_axis',(-1.,-4.44089209850064E-15,0.));
#2034=DIRECTION('',(0.,1.,0.));
#2035=DIRECTION('center_axis',(0.,0.,-1.));
#2036=DIRECTION('ref_axis',(0.,1.,0.));
#2037=DIRECTION('',(1.,0.,0.));
#2038=DIRECTION('center_axis',(0.,0.,-1.));
#2039=DIRECTION('ref_axis',(1.,0.,0.));
#2040=DIRECTION('',(0.,-1.,0.));
#2041=DIRECTION('center_axis',(0.,0.,-1.));
#2042=DIRECTION('ref_axis',(0.,-1.,0.));
#2043=DIRECTION('',(-1.,0.,0.));
#2044=DIRECTION('center_axis',(0.,0.,-1.));
#2045=DIRECTION('ref_axis',(-1.,-4.44089209850064E-15,0.));
#2046=DIRECTION('',(0.,1.,0.));
#2047=DIRECTION('center_axis',(0.,0.,-1.));
#2048=DIRECTION('ref_axis',(0.,1.,0.));
#2049=DIRECTION('',(1.,0.,0.));
#2050=DIRECTION('center_axis',(0.,0.,-1.));
#2051=DIRECTION('ref_axis',(1.,0.,0.));
#2052=DIRECTION('',(0.,-1.,0.));
#2053=DIRECTION('center_axis',(0.,0.,-1.));
#2054=DIRECTION('ref_axis',(4.44089209850064E-15,-1.,0.));
#2055=DIRECTION('',(-1.,0.,0.));
#2056=DIRECTION('center_axis',(0.,0.,-1.));
#2057=DIRECTION('ref_axis',(-1.,-4.4408920985006E-15,0.));
#2058=DIRECTION('',(0.,1.,0.));
#2059=DIRECTION('center_axis',(-1.,0.,0.));
#2060=DIRECTION('ref_axis',(0.,-1.,0.));
#2061=DIRECTION('',(0.,0.,1.));
#2062=DIRECTION('',(0.,1.,0.));
#2063=DIRECTION('',(0.,0.,1.));
#2064=DIRECTION('center_axis',(0.,0.,1.));
#2065=DIRECTION('ref_axis',(1.,0.,0.));
#2066=DIRECTION('',(0.,0.,1.));
#2067=DIRECTION('center_axis',(0.,0.,1.));
#2068=DIRECTION('ref_axis',(1.,0.,0.));
#2069=DIRECTION('center_axis',(0.,-1.,0.));
#2070=DIRECTION('ref_axis',(1.,0.,0.));
#2071=DIRECTION('',(0.,0.,1.));
#2072=DIRECTION('',(-1.,0.,0.));
#2073=DIRECTION('center_axis',(0.,0.,1.));
#2074=DIRECTION('ref_axis',(0.,1.,0.));
#2075=DIRECTION('',(0.,0.,-1.));
#2076=DIRECTION('center_axis',(0.,0.,1.));
#2077=DIRECTION('ref_axis',(0.,1.,0.));
#2078=DIRECTION('center_axis',(-1.,0.,0.));
#2079=DIRECTION('ref_axis',(0.,-1.,0.));
#2080=DIRECTION('',(0.,0.,1.));
#2081=DIRECTION('',(0.,1.,0.));
#2082=DIRECTION('',(0.,0.,1.));
#2083=DIRECTION('center_axis',(0.,0.,1.));
#2084=DIRECTION('ref_axis',(1.,0.,0.));
#2085=DIRECTION('',(0.,0.,1.));
#2086=DIRECTION('center_axis',(0.,0.,1.));
#2087=DIRECTION('ref_axis',(1.,0.,0.));
#2088=DIRECTION('center_axis',(0.,-1.,0.));
#2089=DIRECTION('ref_axis',(1.,0.,0.));
#2090=DIRECTION('',(0.,0.,1.));
#2091=DIRECTION('',(-1.,0.,0.));
#2092=DIRECTION('center_axis',(0.,0.,1.));
#2093=DIRECTION('ref_axis',(0.,1.,0.));
#2094=DIRECTION('',(0.,0.,-1.));
#2095=DIRECTION('center_axis',(0.,0.,1.));
#2096=DIRECTION('ref_axis',(0.,1.,0.));
#2097=DIRECTION('center_axis',(-1.,0.,0.));
#2098=DIRECTION('ref_axis',(0.,-1.,0.));
#2099=DIRECTION('',(0.,0.,1.));
#2100=DIRECTION('',(0.,1.,0.));
#2101=DIRECTION('',(0.,0.,1.));
#2102=DIRECTION('center_axis',(0.,0.,1.));
#2103=DIRECTION('ref_axis',(1.,0.,0.));
#2104=DIRECTION('',(0.,0.,1.));
#2105=DIRECTION('center_axis',(0.,0.,1.));
#2106=DIRECTION('ref_axis',(1.,0.,0.));
#2107=DIRECTION('center_axis',(0.,-1.,0.));
#2108=DIRECTION('ref_axis',(1.,0.,0.));
#2109=DIRECTION('',(0.,0.,1.));
#2110=DIRECTION('',(-1.,0.,0.));
#2111=DIRECTION('center_axis',(0.,0.,1.));
#2112=DIRECTION('ref_axis',(0.,1.,0.));
#2113=DIRECTION('',(0.,0.,-1.));
#2114=DIRECTION('center_axis',(0.,0.,1.));
#2115=DIRECTION('ref_axis',(0.,1.,0.));
#2116=DIRECTION('center_axis',(-1.,0.,0.));
#2117=DIRECTION('ref_axis',(0.,-1.,0.));
#2118=DIRECTION('',(0.,0.,1.));
#2119=DIRECTION('',(0.,1.,0.));
#2120=DIRECTION('',(0.,0.,1.));
#2121=DIRECTION('center_axis',(0.,0.,1.));
#2122=DIRECTION('ref_axis',(1.,0.,0.));
#2123=DIRECTION('',(0.,0.,1.));
#2124=DIRECTION('center_axis',(0.,0.,1.));
#2125=DIRECTION('ref_axis',(1.,0.,0.));
#2126=DIRECTION('center_axis',(0.,-1.,0.));
#2127=DIRECTION('ref_axis',(1.,0.,0.));
#2128=DIRECTION('',(0.,0.,1.));
#2129=DIRECTION('',(-1.,0.,0.));
#2130=DIRECTION('center_axis',(0.,0.,1.));
#2131=DIRECTION('ref_axis',(0.,1.,0.));
#2132=DIRECTION('',(0.,0.,-1.));
#2133=DIRECTION('center_axis',(0.,0.,1.));
#2134=DIRECTION('ref_axis',(0.,1.,0.));
#2135=DIRECTION('center_axis',(-1.,0.,0.));
#2136=DIRECTION('ref_axis',(0.,-1.,0.));
#2137=DIRECTION('',(0.,0.,1.));
#2138=DIRECTION('',(0.,1.,0.));
#2139=DIRECTION('',(0.,0.,1.));
#2140=DIRECTION('center_axis',(0.,0.,1.));
#2141=DIRECTION('ref_axis',(1.,0.,0.));
#2142=DIRECTION('',(0.,0.,1.));
#2143=DIRECTION('center_axis',(0.,0.,1.));
#2144=DIRECTION('ref_axis',(1.,0.,0.));
#2145=DIRECTION('center_axis',(0.,-1.,0.));
#2146=DIRECTION('ref_axis',(1.,0.,0.));
#2147=DIRECTION('',(0.,0.,1.));
#2148=DIRECTION('',(-1.,0.,0.));
#2149=DIRECTION('center_axis',(0.,0.,1.));
#2150=DIRECTION('ref_axis',(0.,1.,0.));
#2151=DIRECTION('',(0.,0.,-1.));
#2152=DIRECTION('center_axis',(0.,0.,1.));
#2153=DIRECTION('ref_axis',(0.,1.,0.));
#2154=DIRECTION('center_axis',(-1.,0.,0.));
#2155=DIRECTION('ref_axis',(0.,-1.,0.));
#2156=DIRECTION('',(0.,0.,1.));
#2157=DIRECTION('',(0.,1.,0.));
#2158=DIRECTION('',(0.,0.,1.));
#2159=DIRECTION('center_axis',(0.,0.,1.));
#2160=DIRECTION('ref_axis',(1.,0.,0.));
#2161=DIRECTION('',(0.,0.,1.));
#2162=DIRECTION('center_axis',(0.,0.,1.));
#2163=DIRECTION('ref_axis',(1.,0.,0.));
#2164=DIRECTION('center_axis',(0.,-1.,0.));
#2165=DIRECTION('ref_axis',(1.,0.,0.));
#2166=DIRECTION('',(0.,0.,1.));
#2167=DIRECTION('',(-1.,0.,0.));
#2168=DIRECTION('center_axis',(0.,0.,1.));
#2169=DIRECTION('ref_axis',(0.,1.,0.));
#2170=DIRECTION('',(0.,0.,-1.));
#2171=DIRECTION('center_axis',(0.,0.,1.));
#2172=DIRECTION('ref_axis',(0.,1.,0.));
#2173=DIRECTION('center_axis',(-1.,0.,0.));
#2174=DIRECTION('ref_axis',(0.,-1.,0.));
#2175=DIRECTION('',(0.,0.,1.));
#2176=DIRECTION('',(0.,1.,0.));
#2177=DIRECTION('',(0.,0.,1.));
#2178=DIRECTION('center_axis',(0.,0.,1.));
#2179=DIRECTION('ref_axis',(1.,0.,0.));
#2180=DIRECTION('',(0.,0.,1.));
#2181=DIRECTION('center_axis',(0.,0.,1.));
#2182=DIRECTION('ref_axis',(1.,0.,0.));
#2183=DIRECTION('center_axis',(0.,-1.,0.));
#2184=DIRECTION('ref_axis',(1.,0.,0.));
#2185=DIRECTION('',(0.,0.,1.));
#2186=DIRECTION('',(-1.,0.,0.));
#2187=DIRECTION('center_axis',(0.,0.,1.));
#2188=DIRECTION('ref_axis',(0.,1.,0.));
#2189=DIRECTION('',(0.,0.,-1.));
#2190=DIRECTION('center_axis',(0.,0.,1.));
#2191=DIRECTION('ref_axis',(0.,1.,0.));
#2192=DIRECTION('center_axis',(-1.,0.,0.));
#2193=DIRECTION('ref_axis',(0.,-1.,0.));
#2194=DIRECTION('',(0.,0.,1.));
#2195=DIRECTION('',(0.,1.,0.));
#2196=DIRECTION('',(0.,0.,1.));
#2197=DIRECTION('center_axis',(0.,0.,1.));
#2198=DIRECTION('ref_axis',(1.,0.,0.));
#2199=DIRECTION('',(0.,0.,1.));
#2200=DIRECTION('center_axis',(0.,0.,1.));
#2201=DIRECTION('ref_axis',(1.,0.,0.));
#2202=DIRECTION('center_axis',(0.,-1.,0.));
#2203=DIRECTION('ref_axis',(1.,0.,0.));
#2204=DIRECTION('',(0.,0.,1.));
#2205=DIRECTION('',(-1.,0.,0.));
#2206=DIRECTION('center_axis',(0.,0.,1.));
#2207=DIRECTION('ref_axis',(0.,1.,0.));
#2208=DIRECTION('',(0.,0.,-1.));
#2209=DIRECTION('center_axis',(0.,0.,1.));
#2210=DIRECTION('ref_axis',(0.,1.,0.));
#2211=DIRECTION('center_axis',(-1.,0.,0.));
#2212=DIRECTION('ref_axis',(0.,-1.,0.));
#2213=DIRECTION('',(0.,0.,1.));
#2214=DIRECTION('',(0.,1.,0.));
#2215=DIRECTION('',(0.,0.,1.));
#2216=DIRECTION('center_axis',(0.,0.,1.));
#2217=DIRECTION('ref_axis',(1.,0.,0.));
#2218=DIRECTION('',(0.,0.,1.));
#2219=DIRECTION('center_axis',(0.,0.,1.));
#2220=DIRECTION('ref_axis',(1.,0.,0.));
#2221=DIRECTION('center_axis',(0.,-1.,0.));
#2222=DIRECTION('ref_axis',(1.,0.,0.));
#2223=DIRECTION('',(0.,0.,1.));
#2224=DIRECTION('',(-1.,0.,0.));
#2225=DIRECTION('center_axis',(0.,0.,1.));
#2226=DIRECTION('ref_axis',(0.,1.,0.));
#2227=DIRECTION('',(0.,0.,-1.));
#2228=DIRECTION('center_axis',(0.,0.,1.));
#2229=DIRECTION('ref_axis',(0.,1.,0.));
#2230=DIRECTION('center_axis',(1.,0.,0.));
#2231=DIRECTION('ref_axis',(0.,1.,0.));
#2232=DIRECTION('',(0.,0.,1.));
#2233=DIRECTION('',(0.,-1.,0.));
#2234=DIRECTION('',(0.,0.,-1.));
#2235=DIRECTION('center_axis',(0.,0.,1.));
#2236=DIRECTION('ref_axis',(0.707106781186541,-0.707106781186554,0.));
#2237=DIRECTION('',(0.,0.,-1.));
#2238=DIRECTION('center_axis',(0.,0.,1.));
#2239=DIRECTION('ref_axis',(0.707106781186541,-0.707106781186554,0.));
#2240=DIRECTION('center_axis',(0.,-1.,0.));
#2241=DIRECTION('ref_axis',(1.,0.,0.));
#2242=DIRECTION('',(0.,0.,1.));
#2243=DIRECTION('',(-1.,0.,0.));
#2244=DIRECTION('center_axis',(0.,0.,-1.));
#2245=DIRECTION('ref_axis',(-0.707106781186548,-0.707106781186548,0.));
#2246=DIRECTION('',(0.,0.,-1.));
#2247=DIRECTION('center_axis',(0.,0.,1.));
#2248=DIRECTION('ref_axis',(-0.707106781186548,-0.707106781186548,0.));
#2249=DIRECTION('center_axis',(0.,0.,1.));
#2250=DIRECTION('ref_axis',(1.,0.,0.));
#2251=DIRECTION('',(0.,1.,0.));
#2252=DIRECTION('center_axis',(0.,0.,1.));
#2253=DIRECTION('ref_axis',(-0.707106781186546,0.707106781186549,0.));
#2254=DIRECTION('',(1.,0.,0.));
#2255=DIRECTION('center_axis',(0.,0.,1.));
#2256=DIRECTION('ref_axis',(0.707106781186552,0.707106781186543,0.));
#2257=DIRECTION('center_axis',(0.,0.,1.));
#2258=DIRECTION('ref_axis',(-1.,0.,0.));
#2259=DIRECTION('center_axis',(0.,0.,1.));
#2260=DIRECTION('ref_axis',(-1.,0.,0.));
#2261=DIRECTION('center_axis',(0.,0.,1.));
#2262=DIRECTION('ref_axis',(-1.,0.,0.));
#2263=DIRECTION('center_axis',(0.,0.,1.));
#2264=DIRECTION('ref_axis',(-1.,0.,0.));
#2265=DIRECTION('',(0.,-1.,0.));
#2266=DIRECTION('center_axis',(0.,0.,1.));
#2267=DIRECTION('ref_axis',(-1.,0.,0.));
#2268=DIRECTION('',(1.,0.,0.));
#2269=DIRECTION('center_axis',(0.,0.,1.));
#2270=DIRECTION('ref_axis',(0.,-1.,0.));
#2271=DIRECTION('',(0.,-1.,0.));
#2272=DIRECTION('center_axis',(0.,0.,1.));
#2273=DIRECTION('ref_axis',(-1.,0.,0.));
#2274=DIRECTION('',(1.,0.,0.));
#2275=DIRECTION('center_axis',(0.,0.,1.));
#2276=DIRECTION('ref_axis',(4.44089209850064E-15,-1.,0.));
#2277=DIRECTION('',(0.,-1.,0.));
#2278=DIRECTION('center_axis',(0.,0.,1.));
#2279=DIRECTION('ref_axis',(-1.,0.,0.));
#2280=DIRECTION('',(1.,0.,0.));
#2281=DIRECTION('center_axis',(0.,0.,1.));
#2282=DIRECTION('ref_axis',(0.,-1.,0.));
#2283=DIRECTION('',(0.,-1.,0.));
#2284=DIRECTION('center_axis',(0.,0.,1.));
#2285=DIRECTION('ref_axis',(-1.,0.,0.));
#2286=DIRECTION('',(1.,0.,0.));
#2287=DIRECTION('center_axis',(0.,0.,1.));
#2288=DIRECTION('ref_axis',(0.,-1.,0.));
#2289=DIRECTION('',(0.,-1.,0.));
#2290=DIRECTION('center_axis',(0.,0.,1.));
#2291=DIRECTION('ref_axis',(-1.,0.,0.));
#2292=DIRECTION('',(1.,0.,0.));
#2293=DIRECTION('center_axis',(0.,0.,1.));
#2294=DIRECTION('ref_axis',(4.4408920985006E-15,-1.,0.));
#2295=DIRECTION('',(0.,-1.,0.));
#2296=DIRECTION('center_axis',(0.,0.,1.));
#2297=DIRECTION('ref_axis',(-1.,0.,0.));
#2298=DIRECTION('',(1.,0.,0.));
#2299=DIRECTION('center_axis',(0.,0.,1.));
#2300=DIRECTION('ref_axis',(0.,-1.,0.));
#2301=DIRECTION('',(0.,-1.,0.));
#2302=DIRECTION('center_axis',(0.,0.,1.));
#2303=DIRECTION('ref_axis',(-1.,-4.44089209850064E-15,0.));
#2304=DIRECTION('',(1.,0.,0.));
#2305=DIRECTION('center_axis',(0.,0.,1.));
#2306=DIRECTION('ref_axis',(0.,-1.,0.));
#2307=DIRECTION('',(0.,-1.,0.));
#2308=DIRECTION('center_axis',(0.,0.,1.));
#2309=DIRECTION('ref_axis',(-1.,-4.44089209850064E-15,0.));
#2310=DIRECTION('',(1.,0.,0.));
#2311=DIRECTION('center_axis',(0.,0.,1.));
#2312=DIRECTION('ref_axis',(0.,-1.,0.));
#2313=DIRECTION('',(0.,-1.,0.));
#2314=DIRECTION('center_axis',(0.,0.,1.));
#2315=DIRECTION('ref_axis',(-1.,-4.4408920985006E-15,0.));
#2316=DIRECTION('',(1.,0.,0.));
#2317=DIRECTION('center_axis',(0.,0.,1.));
#2318=DIRECTION('ref_axis',(4.44089209850064E-15,-1.,0.));
#2319=DIRECTION('center_axis',(0.,0.,1.));
#2320=DIRECTION('ref_axis',(0.707106781186552,0.707106781186543,0.));
#2321=DIRECTION('',(0.,0.,1.));
#2322=DIRECTION('center_axis',(0.,1.,0.));
#2323=DIRECTION('ref_axis',(-1.,0.,0.));
#2324=DIRECTION('',(0.,0.,-1.));
#2325=DIRECTION('center_axis',(0.,0.,1.));
#2326=DIRECTION('ref_axis',(-0.707106781186546,0.707106781186549,0.));
#2327=DIRECTION('',(0.,0.,1.));
#2328=DIRECTION('center_axis',(-1.,0.,0.));
#2329=DIRECTION('ref_axis',(0.,-1.,0.));
#2330=DIRECTION('center_axis',(0.,0.,-1.));
#2331=DIRECTION('ref_axis',(-1.,0.,0.));
#2332=DIRECTION('',(0.,0.,-1.));
#2333=DIRECTION('center_axis',(0.,0.,-1.));
#2334=DIRECTION('ref_axis',(-1.,0.,0.));
#2335=DIRECTION('',(0.,0.,-1.));
#2336=DIRECTION('center_axis',(0.,0.,-1.));
#2337=DIRECTION('ref_axis',(-1.,0.,0.));
#2338=DIRECTION('',(0.,0.,-1.));
#2339=DIRECTION('center_axis',(0.,0.,-1.));
#2340=DIRECTION('ref_axis',(-1.,0.,0.));
#2341=DIRECTION('',(0.,0.,-1.));
#2342=DIRECTION('center_axis',(1.,0.,0.));
#2343=DIRECTION('ref_axis',(0.,1.,0.));
#2344=DIRECTION('',(0.,0.,1.));
#2345=DIRECTION('center_axis',(0.,0.,1.));
#2346=DIRECTION('ref_axis',(-1.,-4.4408920985006E-15,0.));
#2347=DIRECTION('',(0.,0.,1.));
#2348=DIRECTION('center_axis',(0.,1.,0.));
#2349=DIRECTION('ref_axis',(-1.,0.,0.));
#2350=DIRECTION('',(0.,0.,1.));
#2351=DIRECTION('center_axis',(0.,0.,1.));
#2352=DIRECTION('ref_axis',(4.44089209850064E-15,-1.,0.));
#2353=DIRECTION('center_axis',(1.,0.,0.));
#2354=DIRECTION('ref_axis',(0.,1.,0.));
#2355=DIRECTION('',(0.,0.,1.));
#2356=DIRECTION('center_axis',(0.,0.,1.));
#2357=DIRECTION('ref_axis',(-1.,-4.44089209850064E-15,0.));
#2358=DIRECTION('',(0.,0.,1.));
#2359=DIRECTION('center_axis',(0.,1.,0.));
#2360=DIRECTION('ref_axis',(-1.,0.,0.));
#2361=DIRECTION('',(0.,0.,1.));
#2362=DIRECTION('center_axis',(0.,0.,1.));
#2363=DIRECTION('ref_axis',(0.,-1.,0.));
#2364=DIRECTION('center_axis',(1.,0.,0.));
#2365=DIRECTION('ref_axis',(0.,1.,0.));
#2366=DIRECTION('',(0.,0.,1.));
#2367=DIRECTION('center_axis',(0.,0.,1.));
#2368=DIRECTION('ref_axis',(-1.,-4.44089209850064E-15,0.));
#2369=DIRECTION('',(0.,0.,1.));
#2370=DIRECTION('center_axis',(0.,1.,0.));
#2371=DIRECTION('ref_axis',(-1.,0.,0.));
#2372=DIRECTION('',(0.,0.,1.));
#2373=DIRECTION('center_axis',(0.,0.,1.));
#2374=DIRECTION('ref_axis',(0.,-1.,0.));
#2375=DIRECTION('center_axis',(1.,0.,0.));
#2376=DIRECTION('ref_axis',(0.,1.,0.));
#2377=DIRECTION('',(0.,0.,1.));
#2378=DIRECTION('center_axis',(0.,0.,1.));
#2379=DIRECTION('ref_axis',(-1.,0.,0.));
#2380=DIRECTION('',(0.,0.,1.));
#2381=DIRECTION('center_axis',(0.,1.,0.));
#2382=DIRECTION('ref_axis',(-1.,0.,0.));
#2383=DIRECTION('',(0.,0.,1.));
#2384=DIRECTION('center_axis',(0.,0.,1.));
#2385=DIRECTION('ref_axis',(0.,-1.,0.));
#2386=DIRECTION('center_axis',(1.,0.,0.));
#2387=DIRECTION('ref_axis',(0.,1.,0.));
#2388=DIRECTION('',(0.,0.,1.));
#2389=DIRECTION('center_axis',(0.,0.,1.));
#2390=DIRECTION('ref_axis',(-1.,0.,0.));
#2391=DIRECTION('',(0.,0.,1.));
#2392=DIRECTION('center_axis',(0.,1.,0.));
#2393=DIRECTION('ref_axis',(-1.,0.,0.));
#2394=DIRECTION('',(0.,0.,1.));
#2395=DIRECTION('center_axis',(0.,0.,1.));
#2396=DIRECTION('ref_axis',(4.4408920985006E-15,-1.,0.));
#2397=DIRECTION('center_axis',(1.,0.,0.));
#2398=DIRECTION('ref_axis',(0.,1.,0.));
#2399=DIRECTION('',(0.,0.,1.));
#2400=DIRECTION('center_axis',(0.,0.,1.));
#2401=DIRECTION('ref_axis',(-1.,0.,0.));
#2402=DIRECTION('',(0.,0.,1.));
#2403=DIRECTION('center_axis',(0.,1.,0.));
#2404=DIRECTION('ref_axis',(-1.,0.,0.));
#2405=DIRECTION('',(0.,0.,1.));
#2406=DIRECTION('center_axis',(0.,0.,1.));
#2407=DIRECTION('ref_axis',(0.,-1.,0.));
#2408=DIRECTION('center_axis',(1.,0.,0.));
#2409=DIRECTION('ref_axis',(0.,1.,0.));
#2410=DIRECTION('',(0.,0.,1.));
#2411=DIRECTION('center_axis',(0.,0.,1.));
#2412=DIRECTION('ref_axis',(-1.,0.,0.));
#2413=DIRECTION('',(0.,0.,1.));
#2414=DIRECTION('center_axis',(0.,1.,0.));
#2415=DIRECTION('ref_axis',(-1.,0.,0.));
#2416=DIRECTION('',(0.,0.,1.));
#2417=DIRECTION('center_axis',(0.,0.,1.));
#2418=DIRECTION('ref_axis',(0.,-1.,0.));
#2419=DIRECTION('center_axis',(1.,0.,0.));
#2420=DIRECTION('ref_axis',(0.,1.,0.));
#2421=DIRECTION('',(0.,0.,1.));
#2422=DIRECTION('center_axis',(0.,0.,1.));
#2423=DIRECTION('ref_axis',(-1.,0.,0.));
#2424=DIRECTION('',(0.,0.,1.));
#2425=DIRECTION('center_axis',(0.,1.,0.));
#2426=DIRECTION('ref_axis',(-1.,0.,0.));
#2427=DIRECTION('',(0.,0.,1.));
#2428=DIRECTION('center_axis',(0.,0.,1.));
#2429=DIRECTION('ref_axis',(4.44089209850064E-15,-1.,0.));
#2430=DIRECTION('center_axis',(1.,0.,0.));
#2431=DIRECTION('ref_axis',(0.,1.,0.));
#2432=DIRECTION('',(0.,0.,1.));
#2433=DIRECTION('center_axis',(0.,0.,1.));
#2434=DIRECTION('ref_axis',(-1.,0.,0.));
#2435=DIRECTION('',(0.,0.,1.));
#2436=DIRECTION('center_axis',(0.,1.,0.));
#2437=DIRECTION('ref_axis',(-1.,0.,0.));
#2438=DIRECTION('',(0.,0.,1.));
#2439=DIRECTION('center_axis',(0.,0.,1.));
#2440=DIRECTION('ref_axis',(0.,-1.,0.));
#2441=CARTESIAN_POINT('',(0.,0.,0.));
#2442=CARTESIAN_POINT('Origin',(138.067224936504,-82.0896827863876,9.16533481461009));
#2443=CARTESIAN_POINT('',(93.7922249365041,-119.664682786388,9.16533481461009));
#2444=CARTESIAN_POINT('',(95.7922249365041,-121.664682786388,9.16533481461009));
#2445=CARTESIAN_POINT('Origin',(95.7922249365041,-119.664682786388,9.16533481461009));
#2446=CARTESIAN_POINT('',(182.142224936504,-121.664682786388,9.16533481461009));
#2447=CARTESIAN_POINT('',(123.779724936504,-121.664682786388,9.16533481461009));
#2448=CARTESIAN_POINT('',(184.142224936504,-119.664682786388,9.16533481461009));
#2449=CARTESIAN_POINT('Origin',(182.142224936504,-119.664682786388,9.16533481461009));
#2450=CARTESIAN_POINT('',(184.142224936504,-25.2146827863876,9.16533481461009));
#2451=CARTESIAN_POINT('',(184.142224936504,-96.3771827863876,9.16533481461009));
#2452=CARTESIAN_POINT('',(182.142224936504,-23.2146827863876,9.16533481461009));
#2453=CARTESIAN_POINT('Origin',(182.142224936504,-25.2146827863876,9.16533481461009));
#2454=CARTESIAN_POINT('',(95.7922249365041,-23.2146827863876,9.16533481461009));
#2455=CARTESIAN_POINT('',(152.354724936504,-23.2146827863876,9.16533481461009));
#2456=CARTESIAN_POINT('',(93.7922249365041,-25.2146827863876,9.16533481461009));
#2457=CARTESIAN_POINT('Origin',(95.7922249365041,-25.2146827863876,9.16533481461009));
#2458=CARTESIAN_POINT('',(93.7922249365041,-67.8021827863876,9.16533481461009));
#2459=CARTESIAN_POINT('',(180.592224936504,-28.2146827863876,9.16533481461009));
#2460=CARTESIAN_POINT('Origin',(179.142224936504,-28.2146827863876,9.16533481461009));
#2461=CARTESIAN_POINT('',(180.592224936504,-116.664682786388,9.16533481461009));
#2462=CARTESIAN_POINT('Origin',(179.142224936504,-116.664682786388,9.16533481461009));
#2463=CARTESIAN_POINT('',(100.242224936504,-116.664682786388,9.16533481461009));
#2464=CARTESIAN_POINT('Origin',(98.7922249365041,-116.664682786388,9.16533481461009));
#2465=CARTESIAN_POINT('',(100.242224936504,-28.2146827863876,9.16533481461009));
#2466=CARTESIAN_POINT('Origin',(98.7922249365041,-28.2146827863876,9.16533481461009));
#2467=CARTESIAN_POINT('',(131.067224936504,-94.6396827863876,9.16533481461009));
#2468=CARTESIAN_POINT('',(131.567224936504,-94.1396827863876,9.16533481461009));
#2469=CARTESIAN_POINT('Origin',(131.567224936504,-94.6396827863876,9.16533481461009));
#2470=CARTESIAN_POINT('',(144.567224936504,-94.1396827863876,9.16533481461009));
#2471=CARTESIAN_POINT('',(134.817224936504,-94.1396827863876,9.16533481461009));
#2472=CARTESIAN_POINT('',(145.067224936504,-94.6396827863876,9.16533481461009));
#2473=CARTESIAN_POINT('Origin',(144.567224936504,-94.6396827863876,9.16533481461009));
#2474=CARTESIAN_POINT('',(145.067224936504,-107.639682786388,9.16533481461009));
#2475=CARTESIAN_POINT('',(145.067224936504,-88.3646827863876,9.16533481461009));
#2476=CARTESIAN_POINT('',(144.567224936504,-108.139682786388,9.16533481461009));
#2477=CARTESIAN_POINT('Origin',(144.567224936504,-107.639682786388,9.16533481461009));
#2478=CARTESIAN_POINT('',(131.567224936504,-108.139682786388,9.16533481461009));
#2479=CARTESIAN_POINT('',(141.317224936504,-108.139682786388,9.16533481461009));
#2480=CARTESIAN_POINT('',(131.067224936504,-107.639682786388,9.16533481461009));
#2481=CARTESIAN_POINT('Origin',(131.567224936504,-107.639682786388,9.16533481461009));
#2482=CARTESIAN_POINT('',(131.067224936504,-94.8646827863876,9.16533481461009));
#2483=CARTESIAN_POINT('',(112.017224936504,-94.6396827863876,9.16533481461009));
#2484=CARTESIAN_POINT('',(112.517224936504,-94.1396827863876,9.16533481461009));
#2485=CARTESIAN_POINT('Origin',(112.517224936504,-94.6396827863876,9.16533481461009));
#2486=CARTESIAN_POINT('',(125.517224936504,-94.1396827863876,9.16533481461009));
#2487=CARTESIAN_POINT('',(125.292224936504,-94.1396827863876,9.16533481461009));
#2488=CARTESIAN_POINT('',(126.017224936504,-94.6396827863876,9.16533481461009));
#2489=CARTESIAN_POINT('Origin',(125.517224936504,-94.6396827863876,9.16533481461009));
#2490=CARTESIAN_POINT('',(126.017224936504,-107.639682786388,9.16533481461009));
#2491=CARTESIAN_POINT('',(126.017224936504,-88.3646827863876,9.16533481461009));
#2492=CARTESIAN_POINT('',(125.517224936504,-108.139682786388,9.16533481461009));
#2493=CARTESIAN_POINT('Origin',(125.517224936504,-107.639682786388,9.16533481461009));
#2494=CARTESIAN_POINT('',(112.517224936504,-108.139682786388,9.16533481461009));
#2495=CARTESIAN_POINT('',(131.792224936504,-108.139682786388,9.16533481461009));
#2496=CARTESIAN_POINT('',(112.017224936504,-107.639682786388,9.16533481461009));
#2497=CARTESIAN_POINT('Origin',(112.517224936504,-107.639682786388,9.16533481461009));
#2498=CARTESIAN_POINT('',(112.017224936504,-94.8646827863876,9.16533481461009));
#2499=CARTESIAN_POINT('',(150.117224936504,-94.6396827863876,9.16533481461009));
#2500=CARTESIAN_POINT('',(150.617224936504,-94.1396827863876,9.16533481461009));
#2501=CARTESIAN_POINT('Origin',(150.617224936504,-94.6396827863876,9.16533481461009));
#2502=CARTESIAN_POINT('',(163.617224936504,-94.1396827863876,9.16533481461009));
#2503=CARTESIAN_POINT('',(144.342224936504,-94.1396827863876,9.16533481461009));
#2504=CARTESIAN_POINT('',(164.117224936504,-94.6396827863876,9.16533481461009));
#2505=CARTESIAN_POINT('Origin',(163.617224936504,-94.6396827863876,9.16533481461009));
#2506=CARTESIAN_POINT('',(164.117224936504,-107.639682786388,9.16533481461009));
#2507=CARTESIAN_POINT('',(164.117224936504,-88.3646827863876,9.16533481461009));
#2508=CARTESIAN_POINT('',(163.617224936504,-108.139682786388,9.16533481461009));
#2509=CARTESIAN_POINT('Origin',(163.617224936504,-107.639682786388,9.16533481461009));
#2510=CARTESIAN_POINT('',(150.617224936504,-108.139682786388,9.16533481461009));
#2511=CARTESIAN_POINT('',(150.842224936504,-108.139682786388,9.16533481461009));
#2512=CARTESIAN_POINT('',(150.117224936504,-107.639682786388,9.16533481461009));
#2513=CARTESIAN_POINT('Origin',(150.617224936504,-107.639682786388,9.16533481461009));
#2514=CARTESIAN_POINT('',(150.117224936504,-94.8646827863876,9.16533481461009));
#2515=CARTESIAN_POINT('',(150.117224936504,-75.5896827863876,9.16533481461009));
#2516=CARTESIAN_POINT('',(150.617224936504,-75.0896827863876,9.16533481461009));
#2517=CARTESIAN_POINT('Origin',(150.617224936504,-75.5896827863876,9.16533481461009));
#2518=CARTESIAN_POINT('',(163.617224936504,-75.0896827863876,9.16533481461009));
#2519=CARTESIAN_POINT('',(144.342224936504,-75.0896827863876,9.16533481461009));
#2520=CARTESIAN_POINT('',(164.117224936504,-75.5896827863876,9.16533481461009));
#2521=CARTESIAN_POINT('Origin',(163.617224936504,-75.5896827863876,9.16533481461009));
#2522=CARTESIAN_POINT('',(164.117224936504,-88.5896827863876,9.16533481461009));
#2523=CARTESIAN_POINT('',(164.117224936504,-78.8396827863876,9.16533481461009));
#2524=CARTESIAN_POINT('',(163.617224936504,-89.0896827863876,9.16533481461009));
#2525=CARTESIAN_POINT('Origin',(163.617224936504,-88.5896827863876,9.16533481461009));
#2526=CARTESIAN_POINT('',(150.617224936504,-89.0896827863876,9.16533481461009));
#2527=CARTESIAN_POINT('',(150.842224936504,-89.0896827863876,9.16533481461009));
#2528=CARTESIAN_POINT('',(150.117224936504,-88.5896827863876,9.16533481461009));
#2529=CARTESIAN_POINT('Origin',(150.617224936504,-88.5896827863876,9.16533481461009));
#2530=CARTESIAN_POINT('',(150.117224936504,-85.3396827863876,9.16533481461009));
#2531=CARTESIAN_POINT('',(112.017224936504,-75.5896827863876,9.16533481461009));
#2532=CARTESIAN_POINT('',(112.517224936504,-75.0896827863876,9.16533481461009));
#2533=CARTESIAN_POINT('Origin',(112.517224936504,-75.5896827863876,9.16533481461009));
#2534=CARTESIAN_POINT('',(125.517224936504,-75.0896827863876,9.16533481461009));
#2535=CARTESIAN_POINT('',(125.292224936504,-75.0896827863876,9.16533481461009));
#2536=CARTESIAN_POINT('',(126.017224936504,-75.5896827863876,9.16533481461009));
#2537=CARTESIAN_POINT('Origin',(125.517224936504,-75.5896827863876,9.16533481461009));
#2538=CARTESIAN_POINT('',(126.017224936504,-88.5896827863876,9.16533481461009));
#2539=CARTESIAN_POINT('',(126.017224936504,-78.8396827863876,9.16533481461009));
#2540=CARTESIAN_POINT('',(125.517224936504,-89.0896827863876,9.16533481461009));
#2541=CARTESIAN_POINT('Origin',(125.517224936504,-88.5896827863876,9.16533481461009));
#2542=CARTESIAN_POINT('',(112.517224936504,-89.0896827863876,9.16533481461009));
#2543=CARTESIAN_POINT('',(131.792224936504,-89.0896827863876,9.16533481461009));
#2544=CARTESIAN_POINT('',(112.017224936504,-88.5896827863876,9.16533481461009));
#2545=CARTESIAN_POINT('Origin',(112.517224936504,-88.5896827863876,9.16533481461009));
#2546=CARTESIAN_POINT('',(112.017224936504,-85.3396827863876,9.16533481461009));
#2547=CARTESIAN_POINT('',(131.067224936504,-75.5896827863876,9.16533481461009));
#2548=CARTESIAN_POINT('',(131.567224936504,-75.0896827863876,9.16533481461009));
#2549=CARTESIAN_POINT('Origin',(131.567224936504,-75.5896827863876,9.16533481461009));
#2550=CARTESIAN_POINT('',(144.567224936504,-75.0896827863876,9.16533481461009));
#2551=CARTESIAN_POINT('',(134.817224936504,-75.0896827863876,9.16533481461009));
#2552=CARTESIAN_POINT('',(145.067224936504,-75.5896827863876,9.16533481461009));
#2553=CARTESIAN_POINT('Origin',(144.567224936504,-75.5896827863876,9.16533481461009));
#2554=CARTESIAN_POINT('',(145.067224936504,-88.5896827863876,9.16533481461009));
#2555=CARTESIAN_POINT('',(145.067224936504,-78.8396827863876,9.16533481461009));
#2556=CARTESIAN_POINT('',(144.567224936504,-89.0896827863876,9.16533481461009));
#2557=CARTESIAN_POINT('Origin',(144.567224936504,-88.5896827863876,9.16533481461009));
#2558=CARTESIAN_POINT('',(131.567224936504,-89.0896827863876,9.16533481461009));
#2559=CARTESIAN_POINT('',(141.317224936504,-89.0896827863876,9.16533481461009));
#2560=CARTESIAN_POINT('',(131.067224936504,-88.5896827863876,9.16533481461009));
#2561=CARTESIAN_POINT('Origin',(131.567224936504,-88.5896827863876,9.16533481461009));
#2562=CARTESIAN_POINT('',(131.067224936504,-85.3396827863876,9.16533481461009));
#2563=CARTESIAN_POINT('',(150.117224936504,-56.5396827863876,9.16533481461009));
#2564=CARTESIAN_POINT('',(150.617224936504,-56.0396827863876,9.16533481461009));
#2565=CARTESIAN_POINT('Origin',(150.617224936504,-56.5396827863876,9.16533481461009));
#2566=CARTESIAN_POINT('',(163.617224936504,-56.0396827863876,9.16533481461009));
#2567=CARTESIAN_POINT('',(144.342224936504,-56.0396827863876,9.16533481461009));
#2568=CARTESIAN_POINT('',(164.117224936504,-56.5396827863876,9.16533481461009));
#2569=CARTESIAN_POINT('Origin',(163.617224936504,-56.5396827863876,9.16533481461009));
#2570=CARTESIAN_POINT('',(164.117224936504,-69.5396827863876,9.16533481461009));
#2571=CARTESIAN_POINT('',(164.117224936504,-69.3146827863876,9.16533481461009));
#2572=CARTESIAN_POINT('',(163.617224936504,-70.0396827863876,9.16533481461009));
#2573=CARTESIAN_POINT('Origin',(163.617224936504,-69.5396827863876,9.16533481461009));
#2574=CARTESIAN_POINT('',(150.617224936504,-70.0396827863876,9.16533481461009));
#2575=CARTESIAN_POINT('',(150.842224936504,-70.0396827863876,9.16533481461009));
#2576=CARTESIAN_POINT('',(150.117224936504,-69.5396827863876,9.16533481461009));
#2577=CARTESIAN_POINT('Origin',(150.617224936504,-69.5396827863876,9.16533481461009));
#2578=CARTESIAN_POINT('',(150.117224936504,-75.8146827863876,9.16533481461009));
#2579=CARTESIAN_POINT('',(131.067224936504,-56.5396827863876,9.16533481461009));
#2580=CARTESIAN_POINT('',(131.567224936504,-56.0396827863876,9.16533481461009));
#2581=CARTESIAN_POINT('Origin',(131.567224936504,-56.5396827863876,9.16533481461009));
#2582=CARTESIAN_POINT('',(144.567224936504,-56.0396827863876,9.16533481461009));
#2583=CARTESIAN_POINT('',(134.817224936504,-56.0396827863876,9.16533481461009));
#2584=CARTESIAN_POINT('',(145.067224936504,-56.5396827863876,9.16533481461009));
#2585=CARTESIAN_POINT('Origin',(144.567224936504,-56.5396827863876,9.16533481461009));
#2586=CARTESIAN_POINT('',(145.067224936504,-69.5396827863876,9.16533481461009));
#2587=CARTESIAN_POINT('',(145.067224936504,-69.3146827863876,9.16533481461009));
#2588=CARTESIAN_POINT('',(144.567224936504,-70.0396827863876,9.16533481461009));
#2589=CARTESIAN_POINT('Origin',(144.567224936504,-69.5396827863876,9.16533481461009));
#2590=CARTESIAN_POINT('',(131.567224936504,-70.0396827863876,9.16533481461009));
#2591=CARTESIAN_POINT('',(141.317224936504,-70.0396827863876,9.16533481461009));
#2592=CARTESIAN_POINT('',(131.067224936504,-69.5396827863876,9.16533481461009));
#2593=CARTESIAN_POINT('Origin',(131.567224936504,-69.5396827863876,9.16533481461009));
#2594=CARTESIAN_POINT('',(131.067224936504,-75.8146827863876,9.16533481461009));
#2595=CARTESIAN_POINT('',(112.017224936504,-56.5396827863876,9.16533481461009));
#2596=CARTESIAN_POINT('',(112.517224936504,-56.0396827863876,9.16533481461009));
#2597=CARTESIAN_POINT('Origin',(112.517224936504,-56.5396827863876,9.16533481461009));
#2598=CARTESIAN_POINT('',(125.517224936504,-56.0396827863876,9.16533481461009));
#2599=CARTESIAN_POINT('',(125.292224936504,-56.0396827863876,9.16533481461009));
#2600=CARTESIAN_POINT('',(126.017224936504,-56.5396827863876,9.16533481461009));
#2601=CARTESIAN_POINT('Origin',(125.517224936504,-56.5396827863876,9.16533481461009));
#2602=CARTESIAN_POINT('',(126.017224936504,-69.5396827863876,9.16533481461009));
#2603=CARTESIAN_POINT('',(126.017224936504,-69.3146827863876,9.16533481461009));
#2604=CARTESIAN_POINT('',(125.517224936504,-70.0396827863876,9.16533481461009));
#2605=CARTESIAN_POINT('Origin',(125.517224936504,-69.5396827863876,9.16533481461009));
#2606=CARTESIAN_POINT('',(112.517224936504,-70.0396827863876,9.16533481461009));
#2607=CARTESIAN_POINT('',(131.792224936504,-70.0396827863876,9.16533481461009));
#2608=CARTESIAN_POINT('',(112.017224936504,-69.5396827863876,9.16533481461009));
#2609=CARTESIAN_POINT('Origin',(112.517224936504,-69.5396827863876,9.16533481461009));
#2610=CARTESIAN_POINT('',(112.017224936504,-75.8146827863876,9.16533481461009));
#2611=CARTESIAN_POINT('Origin',(126.017224936504,-56.5396827863876,9.66533481461009));
#2612=CARTESIAN_POINT('',(126.017224936504,-56.5396827863876,7.66533481461009));
#2613=CARTESIAN_POINT('',(126.017224936504,-56.5396827863876,8.66533481461009));
#2614=CARTESIAN_POINT('',(126.017224936504,-69.5396827863876,7.66533481461009));
#2615=CARTESIAN_POINT('',(126.017224936504,-56.5396827863876,7.66533481461009));
#2616=CARTESIAN_POINT('',(126.017224936504,-69.5396827863876,8.66533481461009));
#2617=CARTESIAN_POINT('Origin',(125.517224936504,-56.5396827863876,9.66533481461009));
#2618=CARTESIAN_POINT('',(125.517224936504,-56.0396827863876,7.66533481461009));
#2619=CARTESIAN_POINT('',(125.517224936504,-56.0396827863876,8.66533481461009));
#2620=CARTESIAN_POINT('Origin',(125.517224936504,-56.5396827863876,7.66533481461009));
#2621=CARTESIAN_POINT('Origin',(112.517224936504,-56.0396827863876,9.66533481461009));
#2622=CARTESIAN_POINT('',(112.517224936504,-56.0396827863876,7.66533481461009));
#2623=CARTESIAN_POINT('',(112.517224936504,-56.0396827863876,8.66533481461009));
#2624=CARTESIAN_POINT('',(112.517224936504,-56.0396827863876,7.66533481461009));
#2625=CARTESIAN_POINT('Origin',(112.517224936504,-56.5396827863876,9.66533481461009));
#2626=CARTESIAN_POINT('',(112.017224936504,-56.5396827863876,7.66533481461009));
#2627=CARTESIAN_POINT('',(112.017224936504,-56.5396827863876,9.66533481461009));
#2628=CARTESIAN_POINT('Origin',(112.517224936504,-56.5396827863876,7.66533481461009));
#2629=CARTESIAN_POINT('Origin',(145.067224936504,-56.5396827863876,9.66533481461009));
#2630=CARTESIAN_POINT('',(145.067224936504,-56.5396827863876,7.66533481461009));
#2631=CARTESIAN_POINT('',(145.067224936504,-56.5396827863876,8.66533481461009));
#2632=CARTESIAN_POINT('',(145.067224936504,-69.5396827863876,7.66533481461009));
#2633=CARTESIAN_POINT('',(145.067224936504,-56.5396827863876,7.66533481461009));
#2634=CARTESIAN_POINT('',(145.067224936504,-69.5396827863876,8.66533481461009));
#2635=CARTESIAN_POINT('Origin',(144.567224936504,-56.5396827863876,9.66533481461009));
#2636=CARTESIAN_POINT('',(144.567224936504,-56.0396827863876,7.66533481461009));
#2637=CARTESIAN_POINT('',(144.567224936504,-56.0396827863876,8.66533481461009));
#2638=CARTESIAN_POINT('Origin',(144.567224936504,-56.5396827863876,7.66533481461009));
#2639=CARTESIAN_POINT('Origin',(131.567224936504,-56.0396827863876,9.66533481461009));
#2640=CARTESIAN_POINT('',(131.567224936504,-56.0396827863876,7.66533481461009));
#2641=CARTESIAN_POINT('',(131.567224936504,-56.0396827863876,8.66533481461009));
#2642=CARTESIAN_POINT('',(131.567224936504,-56.0396827863876,7.66533481461009));
#2643=CARTESIAN_POINT('Origin',(131.567224936504,-56.5396827863876,9.66533481461009));
#2644=CARTESIAN_POINT('',(131.067224936504,-56.5396827863876,7.66533481461009));
#2645=CARTESIAN_POINT('',(131.067224936504,-56.5396827863876,9.66533481461009));
#2646=CARTESIAN_POINT('Origin',(131.567224936504,-56.5396827863876,7.66533481461009));
#2647=CARTESIAN_POINT('Origin',(164.117224936504,-56.5396827863876,9.66533481461009));
#2648=CARTESIAN_POINT('',(164.117224936504,-56.5396827863876,7.66533481461009));
#2649=CARTESIAN_POINT('',(164.117224936504,-56.5396827863876,8.66533481461009));
#2650=CARTESIAN_POINT('',(164.117224936504,-69.5396827863876,7.66533481461009));
#2651=CARTESIAN_POINT('',(164.117224936504,-56.5396827863876,7.66533481461009));
#2652=CARTESIAN_POINT('',(164.117224936504,-69.5396827863876,8.66533481461009));
#2653=CARTESIAN_POINT('Origin',(163.617224936504,-56.5396827863876,9.66533481461009));
#2654=CARTESIAN_POINT('',(163.617224936504,-56.0396827863876,7.66533481461009));
#2655=CARTESIAN_POINT('',(163.617224936504,-56.0396827863876,8.66533481461009));
#2656=CARTESIAN_POINT('Origin',(163.617224936504,-56.5396827863876,7.66533481461009));
#2657=CARTESIAN_POINT('Origin',(150.617224936504,-56.0396827863876,9.66533481461009));
#2658=CARTESIAN_POINT('',(150.617224936504,-56.0396827863876,7.66533481461009));
#2659=CARTESIAN_POINT('',(150.617224936504,-56.0396827863876,8.66533481461009));
#2660=CARTESIAN_POINT('',(150.617224936504,-56.0396827863876,7.66533481461009));
#2661=CARTESIAN_POINT('Origin',(150.617224936504,-56.5396827863876,9.66533481461009));
#2662=CARTESIAN_POINT('',(150.117224936504,-56.5396827863876,7.66533481461009));
#2663=CARTESIAN_POINT('',(150.117224936504,-56.5396827863876,9.66533481461009));
#2664=CARTESIAN_POINT('Origin',(150.617224936504,-56.5396827863876,7.66533481461009));
#2665=CARTESIAN_POINT('Origin',(145.067224936504,-75.5896827863876,9.66533481461009));
#2666=CARTESIAN_POINT('',(145.067224936504,-75.5896827863876,7.66533481461009));
#2667=CARTESIAN_POINT('',(145.067224936504,-75.5896827863876,8.66533481461009));
#2668=CARTESIAN_POINT('',(145.067224936504,-88.5896827863876,7.66533481461009));
#2669=CARTESIAN_POINT('',(145.067224936504,-75.5896827863876,7.66533481461009));
#2670=CARTESIAN_POINT('',(145.067224936504,-88.5896827863876,8.66533481461009));
#2671=CARTESIAN_POINT('Origin',(144.567224936504,-75.5896827863876,9.66533481461009));
#2672=CARTESIAN_POINT('',(144.567224936504,-75.0896827863876,7.66533481461009));
#2673=CARTESIAN_POINT('',(144.567224936504,-75.0896827863876,8.66533481461009));
#2674=CARTESIAN_POINT('Origin',(144.567224936504,-75.5896827863876,7.66533481461009));
#2675=CARTESIAN_POINT('Origin',(131.567224936504,-75.0896827863876,9.66533481461009));
#2676=CARTESIAN_POINT('',(131.567224936504,-75.0896827863876,7.66533481461009));
#2677=CARTESIAN_POINT('',(131.567224936504,-75.0896827863876,8.66533481461009));
#2678=CARTESIAN_POINT('',(131.567224936504,-75.0896827863876,7.66533481461009));
#2679=CARTESIAN_POINT('Origin',(131.567224936504,-75.5896827863876,9.66533481461009));
#2680=CARTESIAN_POINT('',(131.067224936504,-75.5896827863876,7.66533481461009));
#2681=CARTESIAN_POINT('',(131.067224936504,-75.5896827863876,9.66533481461009));
#2682=CARTESIAN_POINT('Origin',(131.567224936504,-75.5896827863876,7.66533481461009));
#2683=CARTESIAN_POINT('Origin',(126.017224936504,-75.5896827863876,9.66533481461009));
#2684=CARTESIAN_POINT('',(126.017224936504,-75.5896827863876,7.66533481461009));
#2685=CARTESIAN_POINT('',(126.017224936504,-75.5896827863876,8.66533481461009));
#2686=CARTESIAN_POINT('',(126.017224936504,-88.5896827863876,7.66533481461009));
#2687=CARTESIAN_POINT('',(126.017224936504,-75.5896827863876,7.66533481461009));
#2688=CARTESIAN_POINT('',(126.017224936504,-88.5896827863876,8.66533481461009));
#2689=CARTESIAN_POINT('Origin',(125.517224936504,-75.5896827863876,9.66533481461009));
#2690=CARTESIAN_POINT('',(125.517224936504,-75.0896827863876,7.66533481461009));
#2691=CARTESIAN_POINT('',(125.517224936504,-75.0896827863876,8.66533481461009));
#2692=CARTESIAN_POINT('Origin',(125.517224936504,-75.5896827863876,7.66533481461009));
#2693=CARTESIAN_POINT('Origin',(112.517224936504,-75.0896827863876,9.66533481461009));
#2694=CARTESIAN_POINT('',(112.517224936504,-75.0896827863876,7.66533481461009));
#2695=CARTESIAN_POINT('',(112.517224936504,-75.0896827863876,8.66533481461009));
#2696=CARTESIAN_POINT('',(112.517224936504,-75.0896827863876,7.66533481461009));
#2697=CARTESIAN_POINT('Origin',(112.517224936504,-75.5896827863876,9.66533481461009));
#2698=CARTESIAN_POINT('',(112.017224936504,-75.5896827863876,7.66533481461009));
#2699=CARTESIAN_POINT('',(112.017224936504,-75.5896827863876,9.66533481461009));
#2700=CARTESIAN_POINT('Origin',(112.517224936504,-75.5896827863876,7.66533481461009));
#2701=CARTESIAN_POINT('Origin',(164.117224936504,-75.5896827863876,9.66533481461009));
#2702=CARTESIAN_POINT('',(164.117224936504,-75.5896827863876,7.66533481461009));
#2703=CARTESIAN_POINT('',(164.117224936504,-75.5896827863876,8.66533481461009));
#2704=CARTESIAN_POINT('',(164.117224936504,-88.5896827863876,7.66533481461009));
#2705=CARTESIAN_POINT('',(164.117224936504,-75.5896827863876,7.66533481461009));
#2706=CARTESIAN_POINT('',(164.117224936504,-88.5896827863876,8.66533481461009));
#2707=CARTESIAN_POINT('Origin',(163.617224936504,-75.5896827863876,9.66533481461009));
#2708=CARTESIAN_POINT('',(163.617224936504,-75.0896827863876,7.66533481461009));
#2709=CARTESIAN_POINT('',(163.617224936504,-75.0896827863876,8.66533481461009));
#2710=CARTESIAN_POINT('Origin',(163.617224936504,-75.5896827863876,7.66533481461009));
#2711=CARTESIAN_POINT('Origin',(150.617224936504,-75.0896827863876,9.66533481461009));
#2712=CARTESIAN_POINT('',(150.617224936504,-75.0896827863876,7.66533481461009));
#2713=CARTESIAN_POINT('',(150.617224936504,-75.0896827863876,8.66533481461009));
#2714=CARTESIAN_POINT('',(150.617224936504,-75.0896827863876,7.66533481461009));
#2715=CARTESIAN_POINT('Origin',(150.617224936504,-75.5896827863876,9.66533481461009));
#2716=CARTESIAN_POINT('',(150.117224936504,-75.5896827863876,7.66533481461009));
#2717=CARTESIAN_POINT('',(150.117224936504,-75.5896827863876,9.66533481461009));
#2718=CARTESIAN_POINT('Origin',(150.617224936504,-75.5896827863876,7.66533481461009));
#2719=CARTESIAN_POINT('Origin',(164.117224936504,-94.6396827863876,9.66533481461009));
#2720=CARTESIAN_POINT('',(164.117224936504,-94.6396827863876,7.66533481461009));
#2721=CARTESIAN_POINT('',(164.117224936504,-94.6396827863876,8.66533481461009));
#2722=CARTESIAN_POINT('',(164.117224936504,-107.639682786388,7.66533481461009));
#2723=CARTESIAN_POINT('',(164.117224936504,-94.6396827863876,7.66533481461009));
#2724=CARTESIAN_POINT('',(164.117224936504,-107.639682786388,8.66533481461009));
#2725=CARTESIAN_POINT('Origin',(163.617224936504,-94.6396827863876,9.66533481461009));
#2726=CARTESIAN_POINT('',(163.617224936504,-94.1396827863876,7.66533481461009));
#2727=CARTESIAN_POINT('',(163.617224936504,-94.1396827863876,8.66533481461009));
#2728=CARTESIAN_POINT('Origin',(163.617224936504,-94.6396827863876,7.66533481461009));
#2729=CARTESIAN_POINT('Origin',(150.617224936504,-94.1396827863876,9.66533481461009));
#2730=CARTESIAN_POINT('',(150.617224936504,-94.1396827863876,7.66533481461009));
#2731=CARTESIAN_POINT('',(150.617224936504,-94.1396827863876,8.66533481461009));
#2732=CARTESIAN_POINT('',(150.617224936504,-94.1396827863876,7.66533481461009));
#2733=CARTESIAN_POINT('Origin',(150.617224936504,-94.6396827863876,9.66533481461009));
#2734=CARTESIAN_POINT('',(150.117224936504,-94.6396827863876,7.66533481461009));
#2735=CARTESIAN_POINT('',(150.117224936504,-94.6396827863876,9.66533481461009));
#2736=CARTESIAN_POINT('Origin',(150.617224936504,-94.6396827863876,7.66533481461009));
#2737=CARTESIAN_POINT('Origin',(126.017224936504,-94.6396827863876,9.66533481461009));
#2738=CARTESIAN_POINT('',(126.017224936504,-94.6396827863876,7.66533481461009));
#2739=CARTESIAN_POINT('',(126.017224936504,-94.6396827863876,8.66533481461009));
#2740=CARTESIAN_POINT('',(126.017224936504,-107.639682786388,7.66533481461009));
#2741=CARTESIAN_POINT('',(126.017224936504,-94.6396827863876,7.66533481461009));
#2742=CARTESIAN_POINT('',(126.017224936504,-107.639682786388,8.66533481461009));
#2743=CARTESIAN_POINT('Origin',(125.517224936504,-94.6396827863876,9.66533481461009));
#2744=CARTESIAN_POINT('',(125.517224936504,-94.1396827863876,7.66533481461009));
#2745=CARTESIAN_POINT('',(125.517224936504,-94.1396827863876,8.66533481461009));
#2746=CARTESIAN_POINT('Origin',(125.517224936504,-94.6396827863876,7.66533481461009));
#2747=CARTESIAN_POINT('Origin',(112.517224936504,-94.1396827863876,9.66533481461009));
#2748=CARTESIAN_POINT('',(112.517224936504,-94.1396827863876,7.66533481461009));
#2749=CARTESIAN_POINT('',(112.517224936504,-94.1396827863876,8.66533481461009));
#2750=CARTESIAN_POINT('',(112.517224936504,-94.1396827863876,7.66533481461009));
#2751=CARTESIAN_POINT('Origin',(112.517224936504,-94.6396827863876,9.66533481461009));
#2752=CARTESIAN_POINT('',(112.017224936504,-94.6396827863876,7.66533481461009));
#2753=CARTESIAN_POINT('',(112.017224936504,-94.6396827863876,9.66533481461009));
#2754=CARTESIAN_POINT('Origin',(112.517224936504,-94.6396827863876,7.66533481461009));
#2755=CARTESIAN_POINT('Origin',(145.067224936504,-94.6396827863876,9.66533481461009));
#2756=CARTESIAN_POINT('',(145.067224936504,-94.6396827863876,7.66533481461009));
#2757=CARTESIAN_POINT('',(145.067224936504,-94.6396827863876,8.66533481461009));
#2758=CARTESIAN_POINT('',(145.067224936504,-107.639682786388,7.66533481461009));
#2759=CARTESIAN_POINT('',(145.067224936504,-94.6396827863876,7.66533481461009));
#2760=CARTESIAN_POINT('',(145.067224936504,-107.639682786388,8.66533481461009));
#2761=CARTESIAN_POINT('Origin',(144.567224936504,-94.6396827863876,9.66533481461009));
#2762=CARTESIAN_POINT('',(144.567224936504,-94.1396827863876,7.66533481461009));
#2763=CARTESIAN_POINT('',(144.567224936504,-94.1396827863876,8.66533481461009));
#2764=CARTESIAN_POINT('Origin',(144.567224936504,-94.6396827863876,7.66533481461009));
#2765=CARTESIAN_POINT('Origin',(131.567224936504,-94.1396827863876,9.66533481461009));
#2766=CARTESIAN_POINT('',(131.567224936504,-94.1396827863876,7.66533481461009));
#2767=CARTESIAN_POINT('',(131.567224936504,-94.1396827863876,8.66533481461009));
#2768=CARTESIAN_POINT('',(131.567224936504,-94.1396827863876,7.66533481461009));
#2769=CARTESIAN_POINT('Origin',(131.567224936504,-94.6396827863876,9.66533481461009));
#2770=CARTESIAN_POINT('',(131.067224936504,-94.6396827863876,7.66533481461009));
#2771=CARTESIAN_POINT('',(131.067224936504,-94.6396827863876,9.66533481461009));
#2772=CARTESIAN_POINT('Origin',(131.567224936504,-94.6396827863876,7.66533481461009));
#2773=CARTESIAN_POINT('Origin',(184.142224936504,-110.664682786388,9.66533481461009));
#2774=CARTESIAN_POINT('',(184.142224936504,-119.664682786388,7.66533481461009));
#2775=CARTESIAN_POINT('',(184.142224936504,-119.664682786388,8.66533481461009));
#2776=CARTESIAN_POINT('',(184.142224936504,-25.2146827863876,7.66533481461009));
#2777=CARTESIAN_POINT('',(184.142224936504,-96.3771827863876,7.66533481461009));
#2778=CARTESIAN_POINT('',(184.142224936504,-25.2146827863876,9.66533481461009));
#2779=CARTESIAN_POINT('Origin',(182.142224936504,-119.664682786388,9.66533481461009));
#2780=CARTESIAN_POINT('',(182.142224936504,-121.664682786388,7.66533481461009));
#2781=CARTESIAN_POINT('',(182.142224936504,-121.664682786388,9.66533481461009));
#2782=CARTESIAN_POINT('Origin',(182.142224936504,-119.664682786388,7.66533481461009));
#2783=CARTESIAN_POINT('Origin',(109.492224936504,-121.664682786388,9.66533481461009));
#2784=CARTESIAN_POINT('',(95.7922249365041,-121.664682786388,7.66533481461009));
#2785=CARTESIAN_POINT('',(95.7922249365041,-121.664682786388,8.66533481461009));
#2786=CARTESIAN_POINT('',(123.779724936504,-121.664682786388,7.66533481461009));
#2787=CARTESIAN_POINT('Origin',(95.7922249365041,-119.664682786388,9.66533481461009));
#2788=CARTESIAN_POINT('',(93.7922249365041,-119.664682786388,7.66533481461009));
#2789=CARTESIAN_POINT('',(93.7922249365041,-119.664682786388,9.66533481461009));
#2790=CARTESIAN_POINT('Origin',(95.7922249365041,-119.664682786388,7.66533481461009));
#2791=CARTESIAN_POINT('Origin',(138.067224936504,-82.0896827863876,7.66533481461009));
#2792=CARTESIAN_POINT('',(93.7922249365041,-25.2146827863876,7.66533481461009));
#2793=CARTESIAN_POINT('',(93.7922249365041,-67.8021827863876,7.66533481461009));
#2794=CARTESIAN_POINT('',(95.7922249365041,-23.2146827863876,7.66533481461009));
#2795=CARTESIAN_POINT('Origin',(95.7922249365041,-25.2146827863876,7.66533481461009));
#2796=CARTESIAN_POINT('',(182.142224936504,-23.2146827863876,7.66533481461009));
#2797=CARTESIAN_POINT('',(152.354724936504,-23.2146827863876,7.66533481461009));
#2798=CARTESIAN_POINT('Origin',(182.142224936504,-25.2146827863876,7.66533481461009));
#2799=CARTESIAN_POINT('',(180.592224936504,-28.2146827863876,7.66533481461009));
#2800=CARTESIAN_POINT('Origin',(179.142224936504,-28.2146827863876,7.66533481461009));
#2801=CARTESIAN_POINT('',(180.592224936504,-116.664682786388,7.66533481461009));
#2802=CARTESIAN_POINT('Origin',(179.142224936504,-116.664682786388,7.66533481461009));
#2803=CARTESIAN_POINT('',(100.242224936504,-116.664682786388,7.66533481461009));
#2804=CARTESIAN_POINT('Origin',(98.7922249365041,-116.664682786388,7.66533481461009));
#2805=CARTESIAN_POINT('',(100.242224936504,-28.2146827863876,7.66533481461009));
#2806=CARTESIAN_POINT('Origin',(98.7922249365041,-28.2146827863876,7.66533481461009));
#2807=CARTESIAN_POINT('',(131.067224936504,-107.639682786388,7.66533481461009));
#2808=CARTESIAN_POINT('',(131.067224936504,-94.6396827863876,7.66533481461009));
#2809=CARTESIAN_POINT('',(131.567224936504,-108.139682786388,7.66533481461009));
#2810=CARTESIAN_POINT('Origin',(131.567224936504,-107.639682786388,7.66533481461009));
#2811=CARTESIAN_POINT('',(144.567224936504,-108.139682786388,7.66533481461009));
#2812=CARTESIAN_POINT('',(131.567224936504,-108.139682786388,7.66533481461009));
#2813=CARTESIAN_POINT('Origin',(144.567224936504,-107.639682786388,7.66533481461009));
#2814=CARTESIAN_POINT('',(112.017224936504,-107.639682786388,7.66533481461009));
#2815=CARTESIAN_POINT('',(112.017224936504,-94.6396827863876,7.66533481461009));
#2816=CARTESIAN_POINT('',(112.517224936504,-108.139682786388,7.66533481461009));
#2817=CARTESIAN_POINT('Origin',(112.517224936504,-107.639682786388,7.66533481461009));
#2818=CARTESIAN_POINT('',(125.517224936504,-108.139682786388,7.66533481461009));
#2819=CARTESIAN_POINT('',(112.517224936504,-108.139682786388,7.66533481461009));
#2820=CARTESIAN_POINT('Origin',(125.517224936504,-107.639682786388,7.66533481461009));
#2821=CARTESIAN_POINT('',(150.117224936504,-107.639682786388,7.66533481461009));
#2822=CARTESIAN_POINT('',(150.117224936504,-94.6396827863876,7.66533481461009));
#2823=CARTESIAN_POINT('',(150.617224936504,-108.139682786388,7.66533481461009));
#2824=CARTESIAN_POINT('Origin',(150.617224936504,-107.639682786388,7.66533481461009));
#2825=CARTESIAN_POINT('',(163.617224936504,-108.139682786388,7.66533481461009));
#2826=CARTESIAN_POINT('',(150.617224936504,-108.139682786388,7.66533481461009));
#2827=CARTESIAN_POINT('Origin',(163.617224936504,-107.639682786388,7.66533481461009));
#2828=CARTESIAN_POINT('',(150.117224936504,-88.5896827863876,7.66533481461009));
#2829=CARTESIAN_POINT('',(150.117224936504,-75.5896827863876,7.66533481461009));
#2830=CARTESIAN_POINT('',(150.617224936504,-89.0896827863876,7.66533481461009));
#2831=CARTESIAN_POINT('Origin',(150.617224936504,-88.5896827863876,7.66533481461009));
#2832=CARTESIAN_POINT('',(163.617224936504,-89.0896827863876,7.66533481461009));
#2833=CARTESIAN_POINT('',(150.617224936504,-89.0896827863876,7.66533481461009));
#2834=CARTESIAN_POINT('Origin',(163.617224936504,-88.5896827863876,7.66533481461009));
#2835=CARTESIAN_POINT('',(112.017224936504,-88.5896827863876,7.66533481461009));
#2836=CARTESIAN_POINT('',(112.017224936504,-75.5896827863876,7.66533481461009));
#2837=CARTESIAN_POINT('',(112.517224936504,-89.0896827863876,7.66533481461009));
#2838=CARTESIAN_POINT('Origin',(112.517224936504,-88.5896827863876,7.66533481461009));
#2839=CARTESIAN_POINT('',(125.517224936504,-89.0896827863876,7.66533481461009));
#2840=CARTESIAN_POINT('',(112.517224936504,-89.0896827863876,7.66533481461009));
#2841=CARTESIAN_POINT('Origin',(125.517224936504,-88.5896827863876,7.66533481461009));
#2842=CARTESIAN_POINT('',(131.067224936504,-88.5896827863876,7.66533481461009));
#2843=CARTESIAN_POINT('',(131.067224936504,-75.5896827863876,7.66533481461009));
#2844=CARTESIAN_POINT('',(131.567224936504,-89.0896827863876,7.66533481461009));
#2845=CARTESIAN_POINT('Origin',(131.567224936504,-88.5896827863876,7.66533481461009));
#2846=CARTESIAN_POINT('',(144.567224936504,-89.0896827863876,7.66533481461009));
#2847=CARTESIAN_POINT('',(131.567224936504,-89.0896827863876,7.66533481461009));
#2848=CARTESIAN_POINT('Origin',(144.567224936504,-88.5896827863876,7.66533481461009));
#2849=CARTESIAN_POINT('',(150.117224936504,-69.5396827863876,7.66533481461009));
#2850=CARTESIAN_POINT('',(150.117224936504,-56.5396827863876,7.66533481461009));
#2851=CARTESIAN_POINT('',(150.617224936504,-70.0396827863876,7.66533481461009));
#2852=CARTESIAN_POINT('Origin',(150.617224936504,-69.5396827863876,7.66533481461009));
#2853=CARTESIAN_POINT('',(163.617224936504,-70.0396827863876,7.66533481461009));
#2854=CARTESIAN_POINT('',(150.617224936504,-70.0396827863876,7.66533481461009));
#2855=CARTESIAN_POINT('Origin',(163.617224936504,-69.5396827863876,7.66533481461009));
#2856=CARTESIAN_POINT('',(131.067224936504,-69.5396827863876,7.66533481461009));
#2857=CARTESIAN_POINT('',(131.067224936504,-56.5396827863876,7.66533481461009));
#2858=CARTESIAN_POINT('',(131.567224936504,-70.0396827863876,7.66533481461009));
#2859=CARTESIAN_POINT('Origin',(131.567224936504,-69.5396827863876,7.66533481461009));
#2860=CARTESIAN_POINT('',(144.567224936504,-70.0396827863876,7.66533481461009));
#2861=CARTESIAN_POINT('',(131.567224936504,-70.0396827863876,7.66533481461009));
#2862=CARTESIAN_POINT('Origin',(144.567224936504,-69.5396827863876,7.66533481461009));
#2863=CARTESIAN_POINT('',(112.017224936504,-69.5396827863876,7.66533481461009));
#2864=CARTESIAN_POINT('',(112.017224936504,-56.5396827863876,7.66533481461009));
#2865=CARTESIAN_POINT('',(112.517224936504,-70.0396827863876,7.66533481461009));
#2866=CARTESIAN_POINT('Origin',(112.517224936504,-69.5396827863876,7.66533481461009));
#2867=CARTESIAN_POINT('',(125.517224936504,-70.0396827863876,7.66533481461009));
#2868=CARTESIAN_POINT('',(112.517224936504,-70.0396827863876,7.66533481461009));
#2869=CARTESIAN_POINT('Origin',(125.517224936504,-69.5396827863876,7.66533481461009));
#2870=CARTESIAN_POINT('Origin',(182.142224936504,-25.2146827863876,9.66533481461009));
#2871=CARTESIAN_POINT('',(182.142224936504,-23.2146827863876,9.66533481461009));
#2872=CARTESIAN_POINT('Origin',(166.642224936504,-23.2146827863876,9.66533481461009));
#2873=CARTESIAN_POINT('',(95.7922249365041,-23.2146827863876,9.66533481461009));
#2874=CARTESIAN_POINT('Origin',(95.7922249365041,-25.2146827863876,9.66533481461009));
#2875=CARTESIAN_POINT('',(93.7922249365041,-25.2146827863876,9.66533481461009));
#2876=CARTESIAN_POINT('Origin',(93.7922249365041,-53.5146827863876,9.66533481461009));
#2877=CARTESIAN_POINT('Origin',(179.142224936504,-28.2146827863876,12.6653348146101));
#2878=CARTESIAN_POINT('',(180.592224936504,-28.2146827863876,12.6653348146101));
#2879=CARTESIAN_POINT('Origin',(179.142224936504,-116.664682786388,12.6653348146101));
#2880=CARTESIAN_POINT('',(180.592224936504,-116.664682786388,12.6653348146101));
#2881=CARTESIAN_POINT('Origin',(98.7922249365041,-116.664682786388,12.6653348146101));
#2882=CARTESIAN_POINT('',(100.242224936504,-116.664682786388,12.6653348146101));
#2883=CARTESIAN_POINT('Origin',(98.7922249365041,-28.2146827863876,12.6653348146101));
#2884=CARTESIAN_POINT('',(100.242224936504,-28.2146827863876,12.6653348146101));
#2885=CARTESIAN_POINT('Origin',(112.017224936504,-69.5396827863876,9.66533481461009));
#2886=CARTESIAN_POINT('',(112.017224936504,-69.5396827863876,9.66533481461009));
#2887=CARTESIAN_POINT('Origin',(112.517224936504,-69.5396827863876,9.66533481461009));
#2888=CARTESIAN_POINT('',(112.517224936504,-70.0396827863876,9.66533481461009));
#2889=CARTESIAN_POINT('Origin',(125.517224936504,-70.0396827863876,9.66533481461009));
#2890=CARTESIAN_POINT('',(125.517224936504,-70.0396827863876,9.66533481461009));
#2891=CARTESIAN_POINT('Origin',(125.517224936504,-69.5396827863876,9.66533481461009));
#2892=CARTESIAN_POINT('Origin',(131.067224936504,-69.5396827863876,9.66533481461009));
#2893=CARTESIAN_POINT('',(131.067224936504,-69.5396827863876,9.66533481461009));
#2894=CARTESIAN_POINT('Origin',(131.567224936504,-69.5396827863876,9.66533481461009));
#2895=CARTESIAN_POINT('',(131.567224936504,-70.0396827863876,9.66533481461009));
#2896=CARTESIAN_POINT('Origin',(144.567224936504,-70.0396827863876,9.66533481461009));
#2897=CARTESIAN_POINT('',(144.567224936504,-70.0396827863876,9.66533481461009));
#2898=CARTESIAN_POINT('Origin',(144.567224936504,-69.5396827863876,9.66533481461009));
#2899=CARTESIAN_POINT('Origin',(150.117224936504,-69.5396827863876,9.66533481461009));
#2900=CARTESIAN_POINT('',(150.117224936504,-69.5396827863876,9.66533481461009));
#2901=CARTESIAN_POINT('Origin',(150.617224936504,-69.5396827863876,9.66533481461009));
#2902=CARTESIAN_POINT('',(150.617224936504,-70.0396827863876,9.66533481461009));
#2903=CARTESIAN_POINT('Origin',(163.617224936504,-70.0396827863876,9.66533481461009));
#2904=CARTESIAN_POINT('',(163.617224936504,-70.0396827863876,9.66533481461009));
#2905=CARTESIAN_POINT('Origin',(163.617224936504,-69.5396827863876,9.66533481461009));
#2906=CARTESIAN_POINT('Origin',(131.067224936504,-88.5896827863876,9.66533481461009));
#2907=CARTESIAN_POINT('',(131.067224936504,-88.5896827863876,9.66533481461009));
#2908=CARTESIAN_POINT('Origin',(131.567224936504,-88.5896827863876,9.66533481461009));
#2909=CARTESIAN_POINT('',(131.567224936504,-89.0896827863876,9.66533481461009));
#2910=CARTESIAN_POINT('Origin',(144.567224936504,-89.0896827863876,9.66533481461009));
#2911=CARTESIAN_POINT('',(144.567224936504,-89.0896827863876,9.66533481461009));
#2912=CARTESIAN_POINT('Origin',(144.567224936504,-88.5896827863876,9.66533481461009));
#2913=CARTESIAN_POINT('Origin',(112.017224936504,-88.5896827863876,9.66533481461009));
#2914=CARTESIAN_POINT('',(112.017224936504,-88.5896827863876,9.66533481461009));
#2915=CARTESIAN_POINT('Origin',(112.517224936504,-88.5896827863876,9.66533481461009));
#2916=CARTESIAN_POINT('',(112.517224936504,-89.0896827863876,9.66533481461009));
#2917=CARTESIAN_POINT('Origin',(125.517224936504,-89.0896827863876,9.66533481461009));
#2918=CARTESIAN_POINT('',(125.517224936504,-89.0896827863876,9.66533481461009));
#2919=CARTESIAN_POINT('Origin',(125.517224936504,-88.5896827863876,9.66533481461009));
#2920=CARTESIAN_POINT('Origin',(150.117224936504,-88.5896827863876,9.66533481461009));
#2921=CARTESIAN_POINT('',(150.117224936504,-88.5896827863876,9.66533481461009));
#2922=CARTESIAN_POINT('Origin',(150.617224936504,-88.5896827863876,9.66533481461009));
#2923=CARTESIAN_POINT('',(150.617224936504,-89.0896827863876,9.66533481461009));
#2924=CARTESIAN_POINT('Origin',(163.617224936504,-89.0896827863876,9.66533481461009));
#2925=CARTESIAN_POINT('',(163.617224936504,-89.0896827863876,9.66533481461009));
#2926=CARTESIAN_POINT('Origin',(163.617224936504,-88.5896827863876,9.66533481461009));
#2927=CARTESIAN_POINT('Origin',(150.117224936504,-107.639682786388,9.66533481461009));
#2928=CARTESIAN_POINT('',(150.117224936504,-107.639682786388,9.66533481461009));
#2929=CARTESIAN_POINT('Origin',(150.617224936504,-107.639682786388,9.66533481461009));
#2930=CARTESIAN_POINT('',(150.617224936504,-108.139682786388,9.66533481461009));
#2931=CARTESIAN_POINT('Origin',(163.617224936504,-108.139682786388,9.66533481461009));
#2932=CARTESIAN_POINT('',(163.617224936504,-108.139682786388,9.66533481461009));
#2933=CARTESIAN_POINT('Origin',(163.617224936504,-107.639682786388,9.66533481461009));
#2934=CARTESIAN_POINT('Origin',(112.017224936504,-107.639682786388,9.66533481461009));
#2935=CARTESIAN_POINT('',(112.017224936504,-107.639682786388,9.66533481461009));
#2936=CARTESIAN_POINT('Origin',(112.517224936504,-107.639682786388,9.66533481461009));
#2937=CARTESIAN_POINT('',(112.517224936504,-108.139682786388,9.66533481461009));
#2938=CARTESIAN_POINT('Origin',(125.517224936504,-108.139682786388,9.66533481461009));
#2939=CARTESIAN_POINT('',(125.517224936504,-108.139682786388,9.66533481461009));
#2940=CARTESIAN_POINT('Origin',(125.517224936504,-107.639682786388,9.66533481461009));
#2941=CARTESIAN_POINT('Origin',(131.067224936504,-107.639682786388,9.66533481461009));
#2942=CARTESIAN_POINT('',(131.067224936504,-107.639682786388,9.66533481461009));
#2943=CARTESIAN_POINT('Origin',(131.567224936504,-107.639682786388,9.66533481461009));
#2944=CARTESIAN_POINT('',(131.567224936504,-108.139682786388,9.66533481461009));
#2945=CARTESIAN_POINT('Origin',(144.567224936504,-108.139682786388,9.66533481461009));
#2946=CARTESIAN_POINT('',(144.567224936504,-108.139682786388,9.66533481461009));
#2947=CARTESIAN_POINT('Origin',(144.567224936504,-107.639682786388,9.66533481461009));
#2948=UNCERTAINTY_MEASURE_WITH_UNIT(LENGTH_MEASURE(0.01),#2952,
'DISTANCE_ACCURACY_VALUE',
'Maximum model space distance between geometric entities at asserted c
onnectivities');
#2949=UNCERTAINTY_MEASURE_WITH_UNIT(LENGTH_MEASURE(0.01),#2952,
'DISTANCE_ACCURACY_VALUE',
'Maximum model space distance between geometric entities at asserted c
onnectivities');
#2950=(
GEOMETRIC_REPRESENTATION_CONTEXT(3)
GLOBAL_UNCERTAINTY_ASSIGNED_CONTEXT((#2948))
GLOBAL_UNIT_ASSIGNED_CONTEXT((#2952,#2953,#2954))
REPRESENTATION_CONTEXT('','3D')
);
#2951=(
GEOMETRIC_REPRESENTATION_CONTEXT(3)
GLOBAL_UNCERTAINTY_ASSIGNED_CONTEXT((#2949))
GLOBAL_UNIT_ASSIGNED_CONTEXT((#2952,#2953,#2954))
REPRESENTATION_CONTEXT('','3D')
);
#2952=(
LENGTH_UNIT()
NAMED_UNIT(*)
SI_UNIT(.MILLI.,.METRE.)
);
#2953=(
NAMED_UNIT(*)
PLANE_ANGLE_UNIT()
SI_UNIT($,.RADIAN.)
);
#2954=(
NAMED_UNIT(*)
SI_UNIT($,.STERADIAN.)
SOLID_ANGLE_UNIT()
);
#2955=SHAPE_DEFINITION_REPRESENTATION(#2956,#2957);
#2956=PRODUCT_DEFINITION_SHAPE('',$,#2959);
#2957=SHAPE_REPRESENTATION('',(#1752),#2950);
#2958=PRODUCT_DEFINITION_CONTEXT('part definition',#2963,'design');
#2959=PRODUCT_DEFINITION('2026-03-27-12-24-17-172','Macro-final',#2960,
#2958);
#2960=PRODUCT_DEFINITION_FORMATION('',$,#2965);
#2961=PRODUCT_RELATED_PRODUCT_CATEGORY('Macro-final','Macro-final',(#2965));
#2962=APPLICATION_PROTOCOL_DEFINITION('international standard',
'automotive_design',2009,#2963);
#2963=APPLICATION_CONTEXT(
'Core Data for Automotive Mechanical Design Process');
#2964=PRODUCT_CONTEXT('part definition',#2963,'mechanical');
#2965=PRODUCT('2026-03-27-12-24-17-172','Macro-final',
'KiCad electronic assembly',(#2964));
#2966=PRESENTATION_STYLE_ASSIGNMENT((#2969));
#2967=PRESENTATION_STYLE_ASSIGNMENT((#2970));
#2968=PRESENTATION_STYLE_ASSIGNMENT((#2971));
#2969=SURFACE_STYLE_USAGE(.BOTH.,#2972);
#2970=SURFACE_STYLE_USAGE(.BOTH.,#2973);
#2971=SURFACE_STYLE_USAGE(.BOTH.,#2974);
#2972=SURFACE_SIDE_STYLE('',(#2975));
#2973=SURFACE_SIDE_STYLE('',(#2976));
#2974=SURFACE_SIDE_STYLE('',(#2977));
#2975=SURFACE_STYLE_FILL_AREA(#2978);
#2976=SURFACE_STYLE_FILL_AREA(#2979);
#2977=SURFACE_STYLE_FILL_AREA(#2980);
#2978=FILL_AREA_STYLE('Steel - Satin',(#2981));
#2979=FILL_AREA_STYLE(
'PA 12 - Nylon - PA 603-CF (with EOS P 3D Printers)',(#2982));
#2980=FILL_AREA_STYLE('Base material - Transparent',(#2983));
#2981=FILL_AREA_STYLE_COLOUR('Steel - Satin',#2984);
#2982=FILL_AREA_STYLE_COLOUR(
'PA 12 - Nylon - PA 603-CF (with EOS P 3D Printers)',#2985);
#2983=FILL_AREA_STYLE_COLOUR('Base material - Transparent',#2986);
#2984=COLOUR_RGB('Steel - Satin',0.627450980392157,0.627450980392157,0.627450980392157);
#2985=COLOUR_RGB('PA 12 - Nylon - PA 603-CF (with EOS P 3D Printers)',0.247058823529412,
0.247058823529412,0.247058823529412);
#2986=COLOUR_RGB('Base material - Transparent',0.701960784313725,0.701960784313725,
0.701960784313725);
ENDSEC;
END-ISO-10303-21;
