ISO-10303-21;
HEADER;
/* Generated by software containing ST-Developer
 * from STEP Tools, Inc. (www.steptools.com) 
 */

FILE_DESCRIPTION(
/* description */ ('KiCad electronic assembly'),
/* implementation_level */ '2;1');

FILE_NAME(
/* name */ 'blandpad-top.step',
/* time_stamp */ '2026-05-27T13:23:13+05:30',
/* author */ (''),
/* organization */ (''),
/* preprocessor_version */ 'ST-DEVELOPER v20.1',
/* originating_system */ 'Autodesk Translation Framework v15.8.0.0',
/* authorisation */ '');

FILE_SCHEMA (('AUTOMOTIVE_DESIGN { 1 0 10303 214 3 1 1 }'));
ENDSEC;

DATA;
#10=MECHANICAL_DESIGN_GEOMETRIC_PRESENTATION_REPRESENTATION('',(#13),#4310);
#11=SHAPE_REPRESENTATION_RELATIONSHIP('SRR','None',#4427,#12);
#12=ADVANCED_BREP_SHAPE_REPRESENTATION('',(#14),#4291);
#13=STYLED_ITEM('',(#4527),#14);
#14=MANIFOLD_SOLID_BREP('Top',#2095);
#15=FACE_BOUND('',#210,.T.);
#16=FACE_BOUND('',#215,.T.);
#17=FACE_BOUND('',#216,.T.);
#18=FACE_BOUND('',#217,.T.);
#19=FACE_BOUND('',#218,.T.);
#20=FACE_BOUND('',#219,.T.);
#21=FACE_BOUND('',#220,.T.);
#22=FACE_BOUND('',#221,.T.);
#23=FACE_BOUND('',#222,.T.);
#24=FACE_BOUND('',#223,.T.);
#25=FACE_BOUND('',#235,.T.);
#26=FACE_BOUND('',#236,.T.);
#27=FACE_BOUND('',#237,.T.);
#28=FACE_BOUND('',#238,.T.);
#29=FACE_BOUND('',#239,.T.);
#30=FACE_BOUND('',#240,.T.);
#31=FACE_BOUND('',#241,.T.);
#32=FACE_BOUND('',#242,.T.);
#33=FACE_BOUND('',#243,.T.);
#34=FACE_BOUND('',#244,.T.);
#35=FACE_BOUND('',#245,.T.);
#36=FACE_BOUND('',#246,.T.);
#37=FACE_BOUND('',#247,.T.);
#38=PLANE('',#2568);
#39=PLANE('',#2572);
#40=PLANE('',#2576);
#41=PLANE('',#2580);
#42=PLANE('',#2581);
#43=PLANE('',#2582);
#44=PLANE('',#2587);
#45=PLANE('',#2588);
#46=PLANE('',#2589);
#47=PLANE('',#2590);
#48=PLANE('',#2627);
#49=PLANE('',#2628);
#50=PLANE('',#2629);
#51=PLANE('',#2630);
#52=PLANE('',#2641);
#53=PLANE('',#2642);
#54=PLANE('',#2683);
#55=PLANE('',#2686);
#56=PLANE('',#2687);
#57=PLANE('',#2688);
#58=PLANE('',#2689);
#59=PLANE('',#2691);
#60=PLANE('',#2693);
#61=PLANE('',#2695);
#62=PLANE('',#2697);
#63=PLANE('',#2699);
#64=PLANE('',#2701);
#65=PLANE('',#2703);
#66=PLANE('',#2705);
#67=PLANE('',#2707);
#68=PLANE('',#2709);
#69=PLANE('',#2711);
#70=PLANE('',#2713);
#71=PLANE('',#2715);
#72=PLANE('',#2717);
#73=PLANE('',#2719);
#74=PLANE('',#2721);
#75=PLANE('',#2723);
#76=PLANE('',#2725);
#77=PLANE('',#2727);
#78=PLANE('',#2729);
#79=PLANE('',#2731);
#80=PLANE('',#2733);
#81=PLANE('',#2735);
#82=PLANE('',#2737);
#83=PLANE('',#2739);
#84=PLANE('',#2741);
#85=PLANE('',#2743);
#86=PLANE('',#2745);
#87=PLANE('',#2747);
#88=PLANE('',#2749);
#89=PLANE('',#2751);
#90=PLANE('',#2753);
#91=PLANE('',#2755);
#92=PLANE('',#2757);
#93=PLANE('',#2759);
#94=PLANE('',#2761);
#95=FACE_OUTER_BOUND('',#200,.T.);
#96=FACE_OUTER_BOUND('',#201,.T.);
#97=FACE_OUTER_BOUND('',#202,.T.);
#98=FACE_OUTER_BOUND('',#203,.T.);
#99=FACE_OUTER_BOUND('',#204,.T.);
#100=FACE_OUTER_BOUND('',#205,.T.);
#101=FACE_OUTER_BOUND('',#206,.T.);
#102=FACE_OUTER_BOUND('',#207,.T.);
#103=FACE_OUTER_BOUND('',#208,.T.);
#104=FACE_OUTER_BOUND('',#209,.T.);
#105=FACE_OUTER_BOUND('',#211,.T.);
#106=FACE_OUTER_BOUND('',#212,.T.);
#107=FACE_OUTER_BOUND('',#213,.T.);
#108=FACE_OUTER_BOUND('',#214,.T.);
#109=FACE_OUTER_BOUND('',#224,.T.);
#110=FACE_OUTER_BOUND('',#225,.T.);
#111=FACE_OUTER_BOUND('',#226,.T.);
#112=FACE_OUTER_BOUND('',#227,.T.);
#113=FACE_OUTER_BOUND('',#228,.T.);
#114=FACE_OUTER_BOUND('',#229,.T.);
#115=FACE_OUTER_BOUND('',#230,.T.);
#116=FACE_OUTER_BOUND('',#231,.T.);
#117=FACE_OUTER_BOUND('',#232,.T.);
#118=FACE_OUTER_BOUND('',#233,.T.);
#119=FACE_OUTER_BOUND('',#234,.T.);
#120=FACE_OUTER_BOUND('',#248,.T.);
#121=FACE_OUTER_BOUND('',#249,.T.);
#122=FACE_OUTER_BOUND('',#250,.T.);
#123=FACE_OUTER_BOUND('',#251,.T.);
#124=FACE_OUTER_BOUND('',#252,.T.);
#125=FACE_OUTER_BOUND('',#253,.T.);
#126=FACE_OUTER_BOUND('',#254,.T.);
#127=FACE_OUTER_BOUND('',#255,.T.);
#128=FACE_OUTER_BOUND('',#256,.T.);
#129=FACE_OUTER_BOUND('',#257,.T.);
#130=FACE_OUTER_BOUND('',#258,.T.);
#131=FACE_OUTER_BOUND('',#259,.T.);
#132=FACE_OUTER_BOUND('',#260,.T.);
#133=FACE_OUTER_BOUND('',#261,.T.);
#134=FACE_OUTER_BOUND('',#262,.T.);
#135=FACE_OUTER_BOUND('',#263,.T.);
#136=FACE_OUTER_BOUND('',#264,.T.);
#137=FACE_OUTER_BOUND('',#265,.T.);
#138=FACE_OUTER_BOUND('',#266,.T.);
#139=FACE_OUTER_BOUND('',#267,.T.);
#140=FACE_OUTER_BOUND('',#268,.T.);
#141=FACE_OUTER_BOUND('',#269,.T.);
#142=FACE_OUTER_BOUND('',#270,.T.);
#143=FACE_OUTER_BOUND('',#271,.T.);
#144=FACE_OUTER_BOUND('',#272,.T.);
#145=FACE_OUTER_BOUND('',#273,.T.);
#146=FACE_OUTER_BOUND('',#274,.T.);
#147=FACE_OUTER_BOUND('',#275,.T.);
#148=FACE_OUTER_BOUND('',#276,.T.);
#149=FACE_OUTER_BOUND('',#277,.T.);
#150=FACE_OUTER_BOUND('',#278,.T.);
#151=FACE_OUTER_BOUND('',#279,.T.);
#152=FACE_OUTER_BOUND('',#280,.T.);
#153=FACE_OUTER_BOUND('',#281,.T.);
#154=FACE_OUTER_BOUND('',#282,.T.);
#155=FACE_OUTER_BOUND('',#283,.T.);
#156=FACE_OUTER_BOUND('',#284,.T.);
#157=FACE_OUTER_BOUND('',#285,.T.);
#158=FACE_OUTER_BOUND('',#286,.T.);
#159=FACE_OUTER_BOUND('',#287,.T.);
#160=FACE_OUTER_BOUND('',#288,.T.);
#161=FACE_OUTER_BOUND('',#289,.T.);
#162=FACE_OUTER_BOUND('',#290,.T.);
#163=FACE_OUTER_BOUND('',#291,.T.);
#164=FACE_OUTER_BOUND('',#292,.T.);
#165=FACE_OUTER_BOUND('',#293,.T.);
#166=FACE_OUTER_BOUND('',#294,.T.);
#167=FACE_OUTER_BOUND('',#295,.T.);
#168=FACE_OUTER_BOUND('',#296,.T.);
#169=FACE_OUTER_BOUND('',#297,.T.);
#170=FACE_OUTER_BOUND('',#298,.T.);
#171=FACE_OUTER_BOUND('',#299,.T.);
#172=FACE_OUTER_BOUND('',#300,.T.);
#173=FACE_OUTER_BOUND('',#301,.T.);
#174=FACE_OUTER_BOUND('',#302,.T.);
#175=FACE_OUTER_BOUND('',#303,.T.);
#176=FACE_OUTER_BOUND('',#304,.T.);
#177=FACE_OUTER_BOUND('',#305,.T.);
#178=FACE_OUTER_BOUND('',#306,.T.);
#179=FACE_OUTER_BOUND('',#307,.T.);
#180=FACE_OUTER_BOUND('',#308,.T.);
#181=FACE_OUTER_BOUND('',#309,.T.);
#182=FACE_OUTER_BOUND('',#310,.T.);
#183=FACE_OUTER_BOUND('',#311,.T.);
#184=FACE_OUTER_BOUND('',#312,.T.);
#185=FACE_OUTER_BOUND('',#313,.T.);
#186=FACE_OUTER_BOUND('',#314,.T.);
#187=FACE_OUTER_BOUND('',#315,.T.);
#188=FACE_OUTER_BOUND('',#316,.T.);
#189=FACE_OUTER_BOUND('',#317,.T.);
#190=FACE_OUTER_BOUND('',#318,.T.);
#191=FACE_OUTER_BOUND('',#319,.T.);
#192=FACE_OUTER_BOUND('',#320,.T.);
#193=FACE_OUTER_BOUND('',#321,.T.);
#194=FACE_OUTER_BOUND('',#322,.T.);
#195=FACE_OUTER_BOUND('',#323,.T.);
#196=FACE_OUTER_BOUND('',#324,.T.);
#197=FACE_OUTER_BOUND('',#325,.T.);
#198=FACE_OUTER_BOUND('',#326,.T.);
#199=FACE_OUTER_BOUND('',#327,.T.);
#200=EDGE_LOOP('',(#1340,#1341,#1342,#1343));
#201=EDGE_LOOP('',(#1344));
#202=EDGE_LOOP('',(#1345,#1346,#1347,#1348));
#203=EDGE_LOOP('',(#1349));
#204=EDGE_LOOP('',(#1350,#1351,#1352,#1353));
#205=EDGE_LOOP('',(#1354));
#206=EDGE_LOOP('',(#1355,#1356,#1357,#1358));
#207=EDGE_LOOP('',(#1359));
#208=EDGE_LOOP('',(#1360,#1361,#1362,#1363));
#209=EDGE_LOOP('',(#1364,#1365,#1366,#1367,#1368,#1369,#1370,#1371));
#210=EDGE_LOOP('',(#1372,#1373,#1374,#1375));
#211=EDGE_LOOP('',(#1376,#1377,#1378,#1379));
#212=EDGE_LOOP('',(#1380,#1381,#1382,#1383,#1384,#1385,#1386,#1387));
#213=EDGE_LOOP('',(#1388,#1389,#1390,#1391));
#214=EDGE_LOOP('',(#1392,#1393,#1394,#1395,#1396,#1397,#1398,#1399,#1400,
#1401));
#215=EDGE_LOOP('',(#1402,#1403,#1404,#1405,#1406,#1407,#1408,#1409));
#216=EDGE_LOOP('',(#1410,#1411,#1412,#1413,#1414,#1415,#1416,#1417));
#217=EDGE_LOOP('',(#1418,#1419,#1420,#1421,#1422,#1423,#1424,#1425));
#218=EDGE_LOOP('',(#1426,#1427,#1428,#1429,#1430,#1431,#1432,#1433));
#219=EDGE_LOOP('',(#1434,#1435,#1436,#1437,#1438,#1439,#1440,#1441));
#220=EDGE_LOOP('',(#1442,#1443,#1444,#1445,#1446,#1447,#1448,#1449));
#221=EDGE_LOOP('',(#1450,#1451,#1452,#1453,#1454,#1455,#1456,#1457));
#222=EDGE_LOOP('',(#1458,#1459,#1460,#1461,#1462,#1463,#1464,#1465));
#223=EDGE_LOOP('',(#1466,#1467,#1468,#1469,#1470,#1471,#1472,#1473));
#224=EDGE_LOOP('',(#1474,#1475,#1476,#1477));
#225=EDGE_LOOP('',(#1478,#1479,#1480,#1481,#1482,#1483,#1484,#1485,#1486,
#1487,#1488,#1489,#1490));
#226=EDGE_LOOP('',(#1491,#1492,#1493,#1494));
#227=EDGE_LOOP('',(#1495,#1496,#1497,#1498,#1499));
#228=EDGE_LOOP('',(#1500,#1501,#1502,#1503));
#229=EDGE_LOOP('',(#1504,#1505,#1506,#1507));
#230=EDGE_LOOP('',(#1508,#1509,#1510,#1511));
#231=EDGE_LOOP('',(#1512,#1513,#1514,#1515));
#232=EDGE_LOOP('',(#1516,#1517,#1518,#1519));
#233=EDGE_LOOP('',(#1520,#1521,#1522,#1523,#1524,#1525));
#234=EDGE_LOOP('',(#1526,#1527,#1528,#1529,#1530,#1531,#1532,#1533,#1534,
#1535,#1536,#1537));
#235=EDGE_LOOP('',(#1538,#1539,#1540,#1541,#1542,#1543,#1544,#1545));
#236=EDGE_LOOP('',(#1546,#1547,#1548,#1549,#1550,#1551,#1552,#1553));
#237=EDGE_LOOP('',(#1554,#1555,#1556,#1557,#1558,#1559,#1560,#1561));
#238=EDGE_LOOP('',(#1562,#1563,#1564,#1565,#1566,#1567,#1568,#1569));
#239=EDGE_LOOP('',(#1570,#1571,#1572,#1573,#1574,#1575,#1576,#1577));
#240=EDGE_LOOP('',(#1578,#1579,#1580,#1581,#1582,#1583,#1584,#1585));
#241=EDGE_LOOP('',(#1586,#1587,#1588,#1589,#1590,#1591,#1592,#1593));
#242=EDGE_LOOP('',(#1594,#1595,#1596,#1597,#1598,#1599,#1600,#1601));
#243=EDGE_LOOP('',(#1602,#1603,#1604,#1605,#1606,#1607,#1608,#1609));
#244=EDGE_LOOP('',(#1610));
#245=EDGE_LOOP('',(#1611));
#246=EDGE_LOOP('',(#1612));
#247=EDGE_LOOP('',(#1613));
#248=EDGE_LOOP('',(#1614,#1615,#1616,#1617));
#249=EDGE_LOOP('',(#1618,#1619,#1620,#1621,#1622,#1623));
#250=EDGE_LOOP('',(#1624,#1625,#1626,#1627));
#251=EDGE_LOOP('',(#1628,#1629,#1630,#1631));
#252=EDGE_LOOP('',(#1632,#1633,#1634,#1635,#1636,#1637,#1638,#1639));
#253=EDGE_LOOP('',(#1640,#1641,#1642,#1643));
#254=EDGE_LOOP('',(#1644,#1645,#1646,#1647));
#255=EDGE_LOOP('',(#1648,#1649,#1650,#1651));
#256=EDGE_LOOP('',(#1652,#1653,#1654,#1655));
#257=EDGE_LOOP('',(#1656,#1657,#1658,#1659));
#258=EDGE_LOOP('',(#1660,#1661,#1662,#1663));
#259=EDGE_LOOP('',(#1664,#1665,#1666,#1667));
#260=EDGE_LOOP('',(#1668,#1669,#1670,#1671));
#261=EDGE_LOOP('',(#1672,#1673,#1674,#1675));
#262=EDGE_LOOP('',(#1676,#1677,#1678,#1679));
#263=EDGE_LOOP('',(#1680,#1681,#1682,#1683));
#264=EDGE_LOOP('',(#1684,#1685,#1686,#1687));
#265=EDGE_LOOP('',(#1688,#1689,#1690,#1691));
#266=EDGE_LOOP('',(#1692,#1693,#1694,#1695));
#267=EDGE_LOOP('',(#1696,#1697,#1698,#1699));
#268=EDGE_LOOP('',(#1700,#1701,#1702,#1703));
#269=EDGE_LOOP('',(#1704,#1705,#1706,#1707));
#270=EDGE_LOOP('',(#1708,#1709,#1710,#1711));
#271=EDGE_LOOP('',(#1712,#1713,#1714,#1715));
#272=EDGE_LOOP('',(#1716,#1717,#1718,#1719));
#273=EDGE_LOOP('',(#1720,#1721,#1722,#1723));
#274=EDGE_LOOP('',(#1724,#1725,#1726,#1727));
#275=EDGE_LOOP('',(#1728,#1729,#1730,#1731));
#276=EDGE_LOOP('',(#1732,#1733,#1734,#1735));
#277=EDGE_LOOP('',(#1736,#1737,#1738,#1739));
#278=EDGE_LOOP('',(#1740,#1741,#1742,#1743));
#279=EDGE_LOOP('',(#1744,#1745,#1746,#1747));
#280=EDGE_LOOP('',(#1748,#1749,#1750,#1751));
#281=EDGE_LOOP('',(#1752,#1753,#1754,#1755));
#282=EDGE_LOOP('',(#1756,#1757,#1758,#1759));
#283=EDGE_LOOP('',(#1760,#1761,#1762,#1763));
#284=EDGE_LOOP('',(#1764,#1765,#1766,#1767));
#285=EDGE_LOOP('',(#1768,#1769,#1770,#1771));
#286=EDGE_LOOP('',(#1772,#1773,#1774,#1775));
#287=EDGE_LOOP('',(#1776,#1777,#1778,#1779));
#288=EDGE_LOOP('',(#1780,#1781,#1782,#1783));
#289=EDGE_LOOP('',(#1784,#1785,#1786,#1787));
#290=EDGE_LOOP('',(#1788,#1789,#1790,#1791));
#291=EDGE_LOOP('',(#1792,#1793,#1794,#1795));
#292=EDGE_LOOP('',(#1796,#1797,#1798,#1799));
#293=EDGE_LOOP('',(#1800,#1801,#1802,#1803));
#294=EDGE_LOOP('',(#1804,#1805,#1806,#1807));
#295=EDGE_LOOP('',(#1808,#1809,#1810,#1811));
#296=EDGE_LOOP('',(#1812,#1813,#1814,#1815));
#297=EDGE_LOOP('',(#1816,#1817,#1818,#1819));
#298=EDGE_LOOP('',(#1820,#1821,#1822,#1823));
#299=EDGE_LOOP('',(#1824,#1825,#1826,#1827));
#300=EDGE_LOOP('',(#1828,#1829,#1830,#1831));
#301=EDGE_LOOP('',(#1832,#1833,#1834,#1835));
#302=EDGE_LOOP('',(#1836,#1837,#1838,#1839));
#303=EDGE_LOOP('',(#1840,#1841,#1842,#1843));
#304=EDGE_LOOP('',(#1844,#1845,#1846,#1847));
#305=EDGE_LOOP('',(#1848,#1849,#1850,#1851));
#306=EDGE_LOOP('',(#1852,#1853,#1854,#1855));
#307=EDGE_LOOP('',(#1856,#1857,#1858,#1859));
#308=EDGE_LOOP('',(#1860,#1861,#1862,#1863));
#309=EDGE_LOOP('',(#1864,#1865,#1866,#1867));
#310=EDGE_LOOP('',(#1868,#1869,#1870,#1871));
#311=EDGE_LOOP('',(#1872,#1873,#1874,#1875));
#312=EDGE_LOOP('',(#1876,#1877,#1878,#1879));
#313=EDGE_LOOP('',(#1880,#1881,#1882,#1883));
#314=EDGE_LOOP('',(#1884,#1885,#1886,#1887));
#315=EDGE_LOOP('',(#1888,#1889,#1890,#1891));
#316=EDGE_LOOP('',(#1892,#1893,#1894,#1895));
#317=EDGE_LOOP('',(#1896,#1897,#1898,#1899));
#318=EDGE_LOOP('',(#1900,#1901,#1902,#1903));
#319=EDGE_LOOP('',(#1904,#1905,#1906,#1907));
#320=EDGE_LOOP('',(#1908,#1909,#1910,#1911));
#321=EDGE_LOOP('',(#1912,#1913,#1914,#1915));
#322=EDGE_LOOP('',(#1916,#1917,#1918,#1919));
#323=EDGE_LOOP('',(#1920,#1921,#1922,#1923));
#324=EDGE_LOOP('',(#1924,#1925,#1926,#1927));
#325=EDGE_LOOP('',(#1928,#1929,#1930,#1931));
#326=EDGE_LOOP('',(#1932,#1933,#1934,#1935));
#327=EDGE_LOOP('',(#1936,#1937,#1938,#1939,#1940,#1941));
#328=LINE('',#3648,#537);
#329=LINE('',#3655,#538);
#330=LINE('',#3662,#539);
#331=LINE('',#3669,#540);
#332=LINE('',#3675,#541);
#333=LINE('',#3677,#542);
#334=LINE('',#3679,#543);
#335=LINE('',#3680,#544);
#336=LINE('',#3686,#545);
#337=LINE('',#3690,#546);
#338=LINE('',#3694,#547);
#339=LINE('',#3697,#548);
#340=LINE('',#3699,#549);
#341=LINE('',#3701,#550);
#342=LINE('',#3702,#551);
#343=LINE('',#3706,#552);
#344=LINE('',#3708,#553);
#345=LINE('',#3710,#554);
#346=LINE('',#3711,#555);
#347=LINE('',#3714,#556);
#348=LINE('',#3716,#557);
#349=LINE('',#3717,#558);
#350=LINE('',#3719,#559);
#351=LINE('',#3721,#560);
#352=LINE('',#3722,#561);
#353=LINE('',#3724,#562);
#354=LINE('',#3727,#563);
#355=LINE('',#3729,#564);
#356=LINE('',#3731,#565);
#357=LINE('',#3733,#566);
#358=LINE('',#3734,#567);
#359=LINE('',#3735,#568);
#360=LINE('',#3740,#569);
#361=LINE('',#3744,#570);
#362=LINE('',#3748,#571);
#363=LINE('',#3751,#572);
#364=LINE('',#3756,#573);
#365=LINE('',#3760,#574);
#366=LINE('',#3764,#575);
#367=LINE('',#3767,#576);
#368=LINE('',#3772,#577);
#369=LINE('',#3776,#578);
#370=LINE('',#3780,#579);
#371=LINE('',#3783,#580);
#372=LINE('',#3788,#581);
#373=LINE('',#3792,#582);
#374=LINE('',#3796,#583);
#375=LINE('',#3799,#584);
#376=LINE('',#3804,#585);
#377=LINE('',#3808,#586);
#378=LINE('',#3812,#587);
#379=LINE('',#3815,#588);
#380=LINE('',#3820,#589);
#381=LINE('',#3824,#590);
#382=LINE('',#3828,#591);
#383=LINE('',#3831,#592);
#384=LINE('',#3836,#593);
#385=LINE('',#3840,#594);
#386=LINE('',#3844,#595);
#387=LINE('',#3847,#596);
#388=LINE('',#3852,#597);
#389=LINE('',#3856,#598);
#390=LINE('',#3860,#599);
#391=LINE('',#3863,#600);
#392=LINE('',#3868,#601);
#393=LINE('',#3872,#602);
#394=LINE('',#3876,#603);
#395=LINE('',#3879,#604);
#396=LINE('',#3882,#605);
#397=LINE('',#3883,#606);
#398=LINE('',#3886,#607);
#399=LINE('',#3888,#608);
#400=LINE('',#3890,#609);
#401=LINE('',#3892,#610);
#402=LINE('',#3893,#611);
#403=LINE('',#3895,#612);
#404=LINE('',#3897,#613);
#405=LINE('',#3899,#614);
#406=LINE('',#3901,#615);
#407=LINE('',#3902,#616);
#408=LINE('',#3905,#617);
#409=LINE('',#3908,#618);
#410=LINE('',#3912,#619);
#411=LINE('',#3915,#620);
#412=LINE('',#3919,#621);
#413=LINE('',#3922,#622);
#414=LINE('',#3925,#623);
#415=LINE('',#3930,#624);
#416=LINE('',#3931,#625);
#417=LINE('',#3934,#626);
#418=LINE('',#3935,#627);
#419=LINE('',#3938,#628);
#420=LINE('',#3942,#629);
#421=LINE('',#3945,#630);
#422=LINE('',#3947,#631);
#423=LINE('',#3948,#632);
#424=LINE('',#3954,#633);
#425=LINE('',#3958,#634);
#426=LINE('',#3962,#635);
#427=LINE('',#3965,#636);
#428=LINE('',#3970,#637);
#429=LINE('',#3974,#638);
#430=LINE('',#3978,#639);
#431=LINE('',#3981,#640);
#432=LINE('',#3986,#641);
#433=LINE('',#3990,#642);
#434=LINE('',#3994,#643);
#435=LINE('',#3997,#644);
#436=LINE('',#4002,#645);
#437=LINE('',#4006,#646);
#438=LINE('',#4010,#647);
#439=LINE('',#4013,#648);
#440=LINE('',#4018,#649);
#441=LINE('',#4022,#650);
#442=LINE('',#4026,#651);
#443=LINE('',#4029,#652);
#444=LINE('',#4034,#653);
#445=LINE('',#4038,#654);
#446=LINE('',#4042,#655);
#447=LINE('',#4045,#656);
#448=LINE('',#4050,#657);
#449=LINE('',#4054,#658);
#450=LINE('',#4058,#659);
#451=LINE('',#4061,#660);
#452=LINE('',#4066,#661);
#453=LINE('',#4070,#662);
#454=LINE('',#4074,#663);
#455=LINE('',#4077,#664);
#456=LINE('',#4082,#665);
#457=LINE('',#4086,#666);
#458=LINE('',#4090,#667);
#459=LINE('',#4093,#668);
#460=LINE('',#4095,#669);
#461=LINE('',#4096,#670);
#462=LINE('',#4098,#671);
#463=LINE('',#4102,#672);
#464=LINE('',#4104,#673);
#465=LINE('',#4107,#674);
#466=LINE('',#4108,#675);
#467=LINE('',#4110,#676);
#468=LINE('',#4112,#677);
#469=LINE('',#4114,#678);
#470=LINE('',#4116,#679);
#471=LINE('',#4118,#680);
#472=LINE('',#4120,#681);
#473=LINE('',#4123,#682);
#474=LINE('',#4124,#683);
#475=LINE('',#4126,#684);
#476=LINE('',#4128,#685);
#477=LINE('',#4130,#686);
#478=LINE('',#4132,#687);
#479=LINE('',#4134,#688);
#480=LINE('',#4136,#689);
#481=LINE('',#4139,#690);
#482=LINE('',#4140,#691);
#483=LINE('',#4142,#692);
#484=LINE('',#4144,#693);
#485=LINE('',#4146,#694);
#486=LINE('',#4148,#695);
#487=LINE('',#4150,#696);
#488=LINE('',#4152,#697);
#489=LINE('',#4155,#698);
#490=LINE('',#4156,#699);
#491=LINE('',#4158,#700);
#492=LINE('',#4160,#701);
#493=LINE('',#4162,#702);
#494=LINE('',#4164,#703);
#495=LINE('',#4166,#704);
#496=LINE('',#4168,#705);
#497=LINE('',#4171,#706);
#498=LINE('',#4172,#707);
#499=LINE('',#4174,#708);
#500=LINE('',#4176,#709);
#501=LINE('',#4178,#710);
#502=LINE('',#4180,#711);
#503=LINE('',#4182,#712);
#504=LINE('',#4184,#713);
#505=LINE('',#4187,#714);
#506=LINE('',#4188,#715);
#507=LINE('',#4190,#716);
#508=LINE('',#4192,#717);
#509=LINE('',#4194,#718);
#510=LINE('',#4196,#719);
#511=LINE('',#4198,#720);
#512=LINE('',#4200,#721);
#513=LINE('',#4203,#722);
#514=LINE('',#4204,#723);
#515=LINE('',#4206,#724);
#516=LINE('',#4208,#725);
#517=LINE('',#4210,#726);
#518=LINE('',#4212,#727);
#519=LINE('',#4214,#728);
#520=LINE('',#4216,#729);
#521=LINE('',#4219,#730);
#522=LINE('',#4220,#731);
#523=LINE('',#4222,#732);
#524=LINE('',#4224,#733);
#525=LINE('',#4226,#734);
#526=LINE('',#4228,#735);
#527=LINE('',#4230,#736);
#528=LINE('',#4232,#737);
#529=LINE('',#4235,#738);
#530=LINE('',#4236,#739);
#531=LINE('',#4238,#740);
#532=LINE('',#4240,#741);
#533=LINE('',#4242,#742);
#534=LINE('',#4244,#743);
#535=LINE('',#4246,#744);
#536=LINE('',#4248,#745);
#537=VECTOR('',#2932,1.45);
#538=VECTOR('',#2941,1.45);
#539=VECTOR('',#2950,1.45);
#540=VECTOR('',#2959,1.45);
#541=VECTOR('',#2966,10.);
#542=VECTOR('',#2967,10.);
#543=VECTOR('',#2968,10.);
#544=VECTOR('',#2969,10.);
#545=VECTOR('',#2974,10.);
#546=VECTOR('',#2977,10.);
#547=VECTOR('',#2980,10.);
#548=VECTOR('',#2983,10.);
#549=VECTOR('',#2984,10.);
#550=VECTOR('',#2985,10.);
#551=VECTOR('',#2986,10.);
#552=VECTOR('',#2989,10.);
#553=VECTOR('',#2990,10.);
#554=VECTOR('',#2991,10.);
#555=VECTOR('',#2992,10.);
#556=VECTOR('',#2995,10.);
#557=VECTOR('',#2996,10.);
#558=VECTOR('',#2997,10.);
#559=VECTOR('',#2998,10.);
#560=VECTOR('',#2999,10.);
#561=VECTOR('',#3000,10.);
#562=VECTOR('',#3003,10.);
#563=VECTOR('',#3006,10.);
#564=VECTOR('',#3007,10.);
#565=VECTOR('',#3008,10.);
#566=VECTOR('',#3009,10.);
#567=VECTOR('',#3010,10.);
#568=VECTOR('',#3011,10.);
#569=VECTOR('',#3014,10.);
#570=VECTOR('',#3017,10.);
#571=VECTOR('',#3020,10.);
#572=VECTOR('',#3023,10.);
#573=VECTOR('',#3026,10.);
#574=VECTOR('',#3029,10.);
#575=VECTOR('',#3032,10.);
#576=VECTOR('',#3035,10.);
#577=VECTOR('',#3038,10.);
#578=VECTOR('',#3041,10.);
#579=VECTOR('',#3044,10.);
#580=VECTOR('',#3047,10.);
#581=VECTOR('',#3050,10.);
#582=VECTOR('',#3053,10.);
#583=VECTOR('',#3056,10.);
#584=VECTOR('',#3059,10.);
#585=VECTOR('',#3062,10.);
#586=VECTOR('',#3065,10.);
#587=VECTOR('',#3068,10.);
#588=VECTOR('',#3071,10.);
#589=VECTOR('',#3074,10.);
#590=VECTOR('',#3077,10.);
#591=VECTOR('',#3080,10.);
#592=VECTOR('',#3083,10.);
#593=VECTOR('',#3086,10.);
#594=VECTOR('',#3089,10.);
#595=VECTOR('',#3092,10.);
#596=VECTOR('',#3095,10.);
#597=VECTOR('',#3098,10.);
#598=VECTOR('',#3101,10.);
#599=VECTOR('',#3104,10.);
#600=VECTOR('',#3107,10.);
#601=VECTOR('',#3110,10.);
#602=VECTOR('',#3113,10.);
#603=VECTOR('',#3116,10.);
#604=VECTOR('',#3119,10.);
#605=VECTOR('',#3122,10.);
#606=VECTOR('',#3123,10.);
#607=VECTOR('',#3126,10.);
#608=VECTOR('',#3127,10.);
#609=VECTOR('',#3128,10.);
#610=VECTOR('',#3129,10.);
#611=VECTOR('',#3130,10.);
#612=VECTOR('',#3131,10.);
#613=VECTOR('',#3132,10.);
#614=VECTOR('',#3133,10.);
#615=VECTOR('',#3134,10.);
#616=VECTOR('',#3135,10.);
#617=VECTOR('',#3140,10.);
#618=VECTOR('',#3143,10.);
#619=VECTOR('',#3148,10.);
#620=VECTOR('',#3151,10.);
#621=VECTOR('',#3156,10.);
#622=VECTOR('',#3159,10.);
#623=VECTOR('',#3162,10.);
#624=VECTOR('',#3167,10.);
#625=VECTOR('',#3168,10.);
#626=VECTOR('',#3171,10.);
#627=VECTOR('',#3172,10.);
#628=VECTOR('',#3175,10.);
#629=VECTOR('',#3178,10.);
#630=VECTOR('',#3181,10.);
#631=VECTOR('',#3182,10.);
#632=VECTOR('',#3183,10.);
#633=VECTOR('',#3188,10.);
#634=VECTOR('',#3191,10.);
#635=VECTOR('',#3194,10.);
#636=VECTOR('',#3197,10.);
#637=VECTOR('',#3200,10.);
#638=VECTOR('',#3203,10.);
#639=VECTOR('',#3206,10.);
#640=VECTOR('',#3209,10.);
#641=VECTOR('',#3212,10.);
#642=VECTOR('',#3215,10.);
#643=VECTOR('',#3218,10.);
#644=VECTOR('',#3221,10.);
#645=VECTOR('',#3224,10.);
#646=VECTOR('',#3227,10.);
#647=VECTOR('',#3230,10.);
#648=VECTOR('',#3233,10.);
#649=VECTOR('',#3236,10.);
#650=VECTOR('',#3239,10.);
#651=VECTOR('',#3242,10.);
#652=VECTOR('',#3245,10.);
#653=VECTOR('',#3248,10.);
#654=VECTOR('',#3251,10.);
#655=VECTOR('',#3254,10.);
#656=VECTOR('',#3257,10.);
#657=VECTOR('',#3260,10.);
#658=VECTOR('',#3263,10.);
#659=VECTOR('',#3266,10.);
#660=VECTOR('',#3269,10.);
#661=VECTOR('',#3272,10.);
#662=VECTOR('',#3275,10.);
#663=VECTOR('',#3278,10.);
#664=VECTOR('',#3281,10.);
#665=VECTOR('',#3284,10.);
#666=VECTOR('',#3287,10.);
#667=VECTOR('',#3290,10.);
#668=VECTOR('',#3293,10.);
#669=VECTOR('',#3296,10.);
#670=VECTOR('',#3297,10.);
#671=VECTOR('',#3300,10.);
#672=VECTOR('',#3307,10.);
#673=VECTOR('',#3310,10.);
#674=VECTOR('',#3315,10.);
#675=VECTOR('',#3316,10.);
#676=VECTOR('',#3319,10.);
#677=VECTOR('',#3322,10.);
#678=VECTOR('',#3325,10.);
#679=VECTOR('',#3328,10.);
#680=VECTOR('',#3331,10.);
#681=VECTOR('',#3334,10.);
#682=VECTOR('',#3339,10.);
#683=VECTOR('',#3340,10.);
#684=VECTOR('',#3343,10.);
#685=VECTOR('',#3346,10.);
#686=VECTOR('',#3349,10.);
#687=VECTOR('',#3352,10.);
#688=VECTOR('',#3355,10.);
#689=VECTOR('',#3358,10.);
#690=VECTOR('',#3363,10.);
#691=VECTOR('',#3364,10.);
#692=VECTOR('',#3367,10.);
#693=VECTOR('',#3370,10.);
#694=VECTOR('',#3373,10.);
#695=VECTOR('',#3376,10.);
#696=VECTOR('',#3379,10.);
#697=VECTOR('',#3382,10.);
#698=VECTOR('',#3387,10.);
#699=VECTOR('',#3388,10.);
#700=VECTOR('',#3391,10.);
#701=VECTOR('',#3394,10.);
#702=VECTOR('',#3397,10.);
#703=VECTOR('',#3400,10.);
#704=VECTOR('',#3403,10.);
#705=VECTOR('',#3406,10.);
#706=VECTOR('',#3411,10.);
#707=VECTOR('',#3412,10.);
#708=VECTOR('',#3415,10.);
#709=VECTOR('',#3418,10.);
#710=VECTOR('',#3421,10.);
#711=VECTOR('',#3424,10.);
#712=VECTOR('',#3427,10.);
#713=VECTOR('',#3430,10.);
#714=VECTOR('',#3435,10.);
#715=VECTOR('',#3436,10.);
#716=VECTOR('',#3439,10.);
#717=VECTOR('',#3442,10.);
#718=VECTOR('',#3445,10.);
#719=VECTOR('',#3448,10.);
#720=VECTOR('',#3451,10.);
#721=VECTOR('',#3454,10.);
#722=VECTOR('',#3459,10.);
#723=VECTOR('',#3460,10.);
#724=VECTOR('',#3463,10.);
#725=VECTOR('',#3466,10.);
#726=VECTOR('',#3469,10.);
#727=VECTOR('',#3472,10.);
#728=VECTOR('',#3475,10.);
#729=VECTOR('',#3478,10.);
#730=VECTOR('',#3483,10.);
#731=VECTOR('',#3484,10.);
#732=VECTOR('',#3487,10.);
#733=VECTOR('',#3490,10.);
#734=VECTOR('',#3493,10.);
#735=VECTOR('',#3496,10.);
#736=VECTOR('',#3499,10.);
#737=VECTOR('',#3502,10.);
#738=VECTOR('',#3507,10.);
#739=VECTOR('',#3508,10.);
#740=VECTOR('',#3511,10.);
#741=VECTOR('',#3514,10.);
#742=VECTOR('',#3517,10.);
#743=VECTOR('',#3520,10.);
#744=VECTOR('',#3523,10.);
#745=VECTOR('',#3526,10.);
#746=CIRCLE('',#2566,1.45);
#747=CIRCLE('',#2567,1.45);
#748=CIRCLE('',#2570,1.45);
#749=CIRCLE('',#2571,1.45);
#750=CIRCLE('',#2574,1.45);
#751=CIRCLE('',#2575,1.45);
#752=CIRCLE('',#2578,1.45);
#753=CIRCLE('',#2579,1.45);
#754=CIRCLE('',#2583,4.);
#755=CIRCLE('',#2584,4.);
#756=CIRCLE('',#2585,4.);
#757=CIRCLE('',#2586,4.);
#758=CIRCLE('',#2591,0.5);
#759=CIRCLE('',#2592,0.499999999999998);
#760=CIRCLE('',#2593,0.499999999999998);
#761=CIRCLE('',#2594,0.5);
#762=CIRCLE('',#2595,0.499999999999998);
#763=CIRCLE('',#2596,0.499999999999998);
#764=CIRCLE('',#2597,0.499999999999998);
#765=CIRCLE('',#2598,0.499999999999998);
#766=CIRCLE('',#2599,0.499999999999998);
#767=CIRCLE('',#2600,0.500000000000003);
#768=CIRCLE('',#2601,0.499999999999998);
#769=CIRCLE('',#2602,0.499999999999998);
#770=CIRCLE('',#2603,0.499999999999998);
#771=CIRCLE('',#2604,0.499999999999998);
#772=CIRCLE('',#2605,0.499999999999998);
#773=CIRCLE('',#2606,0.5);
#774=CIRCLE('',#2607,0.499999999999998);
#775=CIRCLE('',#2608,0.499999999999998);
#776=CIRCLE('',#2609,0.500000000000003);
#777=CIRCLE('',#2610,0.499999999999998);
#778=CIRCLE('',#2611,0.5);
#779=CIRCLE('',#2612,0.499999999999998);
#780=CIRCLE('',#2613,0.499999999999998);
#781=CIRCLE('',#2614,0.499999999999998);
#782=CIRCLE('',#2615,0.499999999999998);
#783=CIRCLE('',#2616,0.499999999999998);
#784=CIRCLE('',#2617,0.500000000000003);
#785=CIRCLE('',#2618,0.5);
#786=CIRCLE('',#2619,0.499999999999998);
#787=CIRCLE('',#2620,0.500000000000003);
#788=CIRCLE('',#2621,0.500000000000003);
#789=CIRCLE('',#2622,0.499999999999998);
#790=CIRCLE('',#2623,0.5);
#791=CIRCLE('',#2624,0.500000000000003);
#792=CIRCLE('',#2625,0.499999999999998);
#793=CIRCLE('',#2626,0.499999999999998);
#794=CIRCLE('',#2632,4.);
#795=CIRCLE('',#2634,4.);
#796=CIRCLE('',#2636,4.);
#797=CIRCLE('',#2638,4.);
#798=CIRCLE('',#2640,4.);
#799=CIRCLE('',#2643,4.);
#800=CIRCLE('',#2644,4.);
#801=CIRCLE('',#2645,4.);
#802=CIRCLE('',#2646,0.5);
#803=CIRCLE('',#2647,0.5);
#804=CIRCLE('',#2648,0.499999999999998);
#805=CIRCLE('',#2649,0.499999999999998);
#806=CIRCLE('',#2650,0.499999999999998);
#807=CIRCLE('',#2651,0.499999999999998);
#808=CIRCLE('',#2652,0.499999999999998);
#809=CIRCLE('',#2653,0.499999999999998);
#810=CIRCLE('',#2654,0.499999999999998);
#811=CIRCLE('',#2655,0.499999999999998);
#812=CIRCLE('',#2656,0.499999999999998);
#813=CIRCLE('',#2657,0.500000000000003);
#814=CIRCLE('',#2658,0.499999999999998);
#815=CIRCLE('',#2659,0.5);
#816=CIRCLE('',#2660,0.499999999999998);
#817=CIRCLE('',#2661,0.499999999999998);
#818=CIRCLE('',#2662,0.499999999999998);
#819=CIRCLE('',#2663,0.499999999999998);
#820=CIRCLE('',#2664,0.500000000000003);
#821=CIRCLE('',#2665,0.499999999999998);
#822=CIRCLE('',#2666,0.5);
#823=CIRCLE('',#2667,0.499999999999998);
#824=CIRCLE('',#2668,0.499999999999998);
#825=CIRCLE('',#2669,0.499999999999998);
#826=CIRCLE('',#2670,0.499999999999998);
#827=CIRCLE('',#2671,0.5);
#828=CIRCLE('',#2672,0.500000000000003);
#829=CIRCLE('',#2673,0.499999999999998);
#830=CIRCLE('',#2674,0.499999999999998);
#831=CIRCLE('',#2675,0.499999999999998);
#832=CIRCLE('',#2676,0.500000000000003);
#833=CIRCLE('',#2677,0.500000000000003);
#834=CIRCLE('',#2678,0.5);
#835=CIRCLE('',#2679,0.499999999999998);
#836=CIRCLE('',#2680,0.499999999999998);
#837=CIRCLE('',#2681,0.500000000000003);
#838=VERTEX_POINT('',#3645);
#839=VERTEX_POINT('',#3647);
#840=VERTEX_POINT('',#3652);
#841=VERTEX_POINT('',#3654);
#842=VERTEX_POINT('',#3659);
#843=VERTEX_POINT('',#3661);
#844=VERTEX_POINT('',#3666);
#845=VERTEX_POINT('',#3668);
#846=VERTEX_POINT('',#3673);
#847=VERTEX_POINT('',#3674);
#848=VERTEX_POINT('',#3676);
#849=VERTEX_POINT('',#3678);
#850=VERTEX_POINT('',#3682);
#851=VERTEX_POINT('',#3683);
#852=VERTEX_POINT('',#3685);
#853=VERTEX_POINT('',#3687);
#854=VERTEX_POINT('',#3689);
#855=VERTEX_POINT('',#3691);
#856=VERTEX_POINT('',#3693);
#857=VERTEX_POINT('',#3695);
#858=VERTEX_POINT('',#3698);
#859=VERTEX_POINT('',#3700);
#860=VERTEX_POINT('',#3704);
#861=VERTEX_POINT('',#3705);
#862=VERTEX_POINT('',#3707);
#863=VERTEX_POINT('',#3709);
#864=VERTEX_POINT('',#3713);
#865=VERTEX_POINT('',#3715);
#866=VERTEX_POINT('',#3718);
#867=VERTEX_POINT('',#3720);
#868=VERTEX_POINT('',#3726);
#869=VERTEX_POINT('',#3728);
#870=VERTEX_POINT('',#3730);
#871=VERTEX_POINT('',#3732);
#872=VERTEX_POINT('',#3736);
#873=VERTEX_POINT('',#3737);
#874=VERTEX_POINT('',#3739);
#875=VERTEX_POINT('',#3741);
#876=VERTEX_POINT('',#3743);
#877=VERTEX_POINT('',#3745);
#878=VERTEX_POINT('',#3747);
#879=VERTEX_POINT('',#3749);
#880=VERTEX_POINT('',#3752);
#881=VERTEX_POINT('',#3753);
#882=VERTEX_POINT('',#3755);
#883=VERTEX_POINT('',#3757);
#884=VERTEX_POINT('',#3759);
#885=VERTEX_POINT('',#3761);
#886=VERTEX_POINT('',#3763);
#887=VERTEX_POINT('',#3765);
#888=VERTEX_POINT('',#3768);
#889=VERTEX_POINT('',#3769);
#890=VERTEX_POINT('',#3771);
#891=VERTEX_POINT('',#3773);
#892=VERTEX_POINT('',#3775);
#893=VERTEX_POINT('',#3777);
#894=VERTEX_POINT('',#3779);
#895=VERTEX_POINT('',#3781);
#896=VERTEX_POINT('',#3784);
#897=VERTEX_POINT('',#3785);
#898=VERTEX_POINT('',#3787);
#899=VERTEX_POINT('',#3789);
#900=VERTEX_POINT('',#3791);
#901=VERTEX_POINT('',#3793);
#902=VERTEX_POINT('',#3795);
#903=VERTEX_POINT('',#3797);
#904=VERTEX_POINT('',#3800);
#905=VERTEX_POINT('',#3801);
#906=VERTEX_POINT('',#3803);
#907=VERTEX_POINT('',#3805);
#908=VERTEX_POINT('',#3807);
#909=VERTEX_POINT('',#3809);
#910=VERTEX_POINT('',#3811);
#911=VERTEX_POINT('',#3813);
#912=VERTEX_POINT('',#3816);
#913=VERTEX_POINT('',#3817);
#914=VERTEX_POINT('',#3819);
#915=VERTEX_POINT('',#3821);
#916=VERTEX_POINT('',#3823);
#917=VERTEX_POINT('',#3825);
#918=VERTEX_POINT('',#3827);
#919=VERTEX_POINT('',#3829);
#920=VERTEX_POINT('',#3832);
#921=VERTEX_POINT('',#3833);
#922=VERTEX_POINT('',#3835);
#923=VERTEX_POINT('',#3837);
#924=VERTEX_POINT('',#3839);
#925=VERTEX_POINT('',#3841);
#926=VERTEX_POINT('',#3843);
#927=VERTEX_POINT('',#3845);
#928=VERTEX_POINT('',#3848);
#929=VERTEX_POINT('',#3849);
#930=VERTEX_POINT('',#3851);
#931=VERTEX_POINT('',#3853);
#932=VERTEX_POINT('',#3855);
#933=VERTEX_POINT('',#3857);
#934=VERTEX_POINT('',#3859);
#935=VERTEX_POINT('',#3861);
#936=VERTEX_POINT('',#3864);
#937=VERTEX_POINT('',#3865);
#938=VERTEX_POINT('',#3867);
#939=VERTEX_POINT('',#3869);
#940=VERTEX_POINT('',#3871);
#941=VERTEX_POINT('',#3873);
#942=VERTEX_POINT('',#3875);
#943=VERTEX_POINT('',#3877);
#944=VERTEX_POINT('',#3881);
#945=VERTEX_POINT('',#3885);
#946=VERTEX_POINT('',#3887);
#947=VERTEX_POINT('',#3889);
#948=VERTEX_POINT('',#3891);
#949=VERTEX_POINT('',#3894);
#950=VERTEX_POINT('',#3896);
#951=VERTEX_POINT('',#3898);
#952=VERTEX_POINT('',#3900);
#953=VERTEX_POINT('',#3907);
#954=VERTEX_POINT('',#3911);
#955=VERTEX_POINT('',#3913);
#956=VERTEX_POINT('',#3917);
#957=VERTEX_POINT('',#3921);
#958=VERTEX_POINT('',#3923);
#959=VERTEX_POINT('',#3927);
#960=VERTEX_POINT('',#3928);
#961=VERTEX_POINT('',#3933);
#962=VERTEX_POINT('',#3937);
#963=VERTEX_POINT('',#3939);
#964=VERTEX_POINT('',#3941);
#965=VERTEX_POINT('',#3944);
#966=VERTEX_POINT('',#3946);
#967=VERTEX_POINT('',#3950);
#968=VERTEX_POINT('',#3951);
#969=VERTEX_POINT('',#3953);
#970=VERTEX_POINT('',#3955);
#971=VERTEX_POINT('',#3957);
#972=VERTEX_POINT('',#3959);
#973=VERTEX_POINT('',#3961);
#974=VERTEX_POINT('',#3963);
#975=VERTEX_POINT('',#3966);
#976=VERTEX_POINT('',#3967);
#977=VERTEX_POINT('',#3969);
#978=VERTEX_POINT('',#3971);
#979=VERTEX_POINT('',#3973);
#980=VERTEX_POINT('',#3975);
#981=VERTEX_POINT('',#3977);
#982=VERTEX_POINT('',#3979);
#983=VERTEX_POINT('',#3982);
#984=VERTEX_POINT('',#3983);
#985=VERTEX_POINT('',#3985);
#986=VERTEX_POINT('',#3987);
#987=VERTEX_POINT('',#3989);
#988=VERTEX_POINT('',#3991);
#989=VERTEX_POINT('',#3993);
#990=VERTEX_POINT('',#3995);
#991=VERTEX_POINT('',#3998);
#992=VERTEX_POINT('',#3999);
#993=VERTEX_POINT('',#4001);
#994=VERTEX_POINT('',#4003);
#995=VERTEX_POINT('',#4005);
#996=VERTEX_POINT('',#4007);
#997=VERTEX_POINT('',#4009);
#998=VERTEX_POINT('',#4011);
#999=VERTEX_POINT('',#4014);
#1000=VERTEX_POINT('',#4015);
#1001=VERTEX_POINT('',#4017);
#1002=VERTEX_POINT('',#4019);
#1003=VERTEX_POINT('',#4021);
#1004=VERTEX_POINT('',#4023);
#1005=VERTEX_POINT('',#4025);
#1006=VERTEX_POINT('',#4027);
#1007=VERTEX_POINT('',#4030);
#1008=VERTEX_POINT('',#4031);
#1009=VERTEX_POINT('',#4033);
#1010=VERTEX_POINT('',#4035);
#1011=VERTEX_POINT('',#4037);
#1012=VERTEX_POINT('',#4039);
#1013=VERTEX_POINT('',#4041);
#1014=VERTEX_POINT('',#4043);
#1015=VERTEX_POINT('',#4046);
#1016=VERTEX_POINT('',#4047);
#1017=VERTEX_POINT('',#4049);
#1018=VERTEX_POINT('',#4051);
#1019=VERTEX_POINT('',#4053);
#1020=VERTEX_POINT('',#4055);
#1021=VERTEX_POINT('',#4057);
#1022=VERTEX_POINT('',#4059);
#1023=VERTEX_POINT('',#4062);
#1024=VERTEX_POINT('',#4063);
#1025=VERTEX_POINT('',#4065);
#1026=VERTEX_POINT('',#4067);
#1027=VERTEX_POINT('',#4069);
#1028=VERTEX_POINT('',#4071);
#1029=VERTEX_POINT('',#4073);
#1030=VERTEX_POINT('',#4075);
#1031=VERTEX_POINT('',#4078);
#1032=VERTEX_POINT('',#4079);
#1033=VERTEX_POINT('',#4081);
#1034=VERTEX_POINT('',#4083);
#1035=VERTEX_POINT('',#4085);
#1036=VERTEX_POINT('',#4087);
#1037=VERTEX_POINT('',#4089);
#1038=VERTEX_POINT('',#4091);
#1039=EDGE_CURVE('',#838,#838,#746,.T.);
#1040=EDGE_CURVE('',#838,#839,#328,.T.);
#1041=EDGE_CURVE('',#839,#839,#747,.T.);
#1042=EDGE_CURVE('',#840,#840,#748,.T.);
#1043=EDGE_CURVE('',#840,#841,#329,.T.);
#1044=EDGE_CURVE('',#841,#841,#749,.T.);
#1045=EDGE_CURVE('',#842,#842,#750,.T.);
#1046=EDGE_CURVE('',#842,#843,#330,.T.);
#1047=EDGE_CURVE('',#843,#843,#751,.T.);
#1048=EDGE_CURVE('',#844,#844,#752,.T.);
#1049=EDGE_CURVE('',#844,#845,#331,.T.);
#1050=EDGE_CURVE('',#845,#845,#753,.T.);
#1051=EDGE_CURVE('',#846,#847,#332,.T.);
#1052=EDGE_CURVE('',#848,#846,#333,.T.);
#1053=EDGE_CURVE('',#849,#848,#334,.T.);
#1054=EDGE_CURVE('',#847,#849,#335,.T.);
#1055=EDGE_CURVE('',#850,#851,#754,.T.);
#1056=EDGE_CURVE('',#850,#852,#336,.T.);
#1057=EDGE_CURVE('',#853,#852,#755,.T.);
#1058=EDGE_CURVE('',#853,#854,#337,.T.);
#1059=EDGE_CURVE('',#855,#854,#756,.T.);
#1060=EDGE_CURVE('',#855,#856,#338,.T.);
#1061=EDGE_CURVE('',#857,#856,#757,.T.);
#1062=EDGE_CURVE('',#857,#851,#339,.T.);
#1063=EDGE_CURVE('',#858,#849,#340,.T.);
#1064=EDGE_CURVE('',#848,#859,#341,.T.);
#1065=EDGE_CURVE('',#858,#859,#342,.T.);
#1066=EDGE_CURVE('',#860,#861,#343,.T.);
#1067=EDGE_CURVE('',#862,#861,#344,.T.);
#1068=EDGE_CURVE('',#863,#862,#345,.T.);
#1069=EDGE_CURVE('',#860,#863,#346,.T.);
#1070=EDGE_CURVE('',#864,#863,#347,.T.);
#1071=EDGE_CURVE('',#865,#862,#348,.T.);
#1072=EDGE_CURVE('',#858,#865,#349,.T.);
#1073=EDGE_CURVE('',#866,#859,#350,.T.);
#1074=EDGE_CURVE('',#867,#866,#351,.T.);
#1075=EDGE_CURVE('',#867,#864,#352,.T.);
#1076=EDGE_CURVE('',#847,#865,#353,.T.);
#1077=EDGE_CURVE('',#868,#862,#354,.T.);
#1078=EDGE_CURVE('',#869,#868,#355,.T.);
#1079=EDGE_CURVE('',#869,#870,#356,.T.);
#1080=EDGE_CURVE('',#871,#870,#357,.T.);
#1081=EDGE_CURVE('',#871,#867,#358,.T.);
#1082=EDGE_CURVE('',#866,#846,#359,.T.);
#1083=EDGE_CURVE('',#872,#873,#758,.T.);
#1084=EDGE_CURVE('',#873,#874,#360,.T.);
#1085=EDGE_CURVE('',#874,#875,#759,.T.);
#1086=EDGE_CURVE('',#875,#876,#361,.T.);
#1087=EDGE_CURVE('',#876,#877,#760,.T.);
#1088=EDGE_CURVE('',#877,#878,#362,.T.);
#1089=EDGE_CURVE('',#878,#879,#761,.T.);
#1090=EDGE_CURVE('',#879,#872,#363,.T.);
#1091=EDGE_CURVE('',#880,#881,#762,.T.);
#1092=EDGE_CURVE('',#881,#882,#364,.T.);
#1093=EDGE_CURVE('',#882,#883,#763,.T.);
#1094=EDGE_CURVE('',#883,#884,#365,.T.);
#1095=EDGE_CURVE('',#884,#885,#764,.T.);
#1096=EDGE_CURVE('',#885,#886,#366,.T.);
#1097=EDGE_CURVE('',#886,#887,#765,.T.);
#1098=EDGE_CURVE('',#887,#880,#367,.T.);
#1099=EDGE_CURVE('',#888,#889,#766,.T.);
#1100=EDGE_CURVE('',#889,#890,#368,.T.);
#1101=EDGE_CURVE('',#890,#891,#767,.T.);
#1102=EDGE_CURVE('',#891,#892,#369,.T.);
#1103=EDGE_CURVE('',#892,#893,#768,.T.);
#1104=EDGE_CURVE('',#893,#894,#370,.T.);
#1105=EDGE_CURVE('',#894,#895,#769,.T.);
#1106=EDGE_CURVE('',#895,#888,#371,.T.);
#1107=EDGE_CURVE('',#896,#897,#770,.T.);
#1108=EDGE_CURVE('',#897,#898,#372,.T.);
#1109=EDGE_CURVE('',#898,#899,#771,.T.);
#1110=EDGE_CURVE('',#899,#900,#373,.T.);
#1111=EDGE_CURVE('',#900,#901,#772,.T.);
#1112=EDGE_CURVE('',#901,#902,#374,.T.);
#1113=EDGE_CURVE('',#902,#903,#773,.T.);
#1114=EDGE_CURVE('',#903,#896,#375,.T.);
#1115=EDGE_CURVE('',#904,#905,#774,.T.);
#1116=EDGE_CURVE('',#905,#906,#376,.T.);
#1117=EDGE_CURVE('',#906,#907,#775,.T.);
#1118=EDGE_CURVE('',#907,#908,#377,.T.);
#1119=EDGE_CURVE('',#908,#909,#776,.T.);
#1120=EDGE_CURVE('',#909,#910,#378,.T.);
#1121=EDGE_CURVE('',#910,#911,#777,.T.);
#1122=EDGE_CURVE('',#911,#904,#379,.T.);
#1123=EDGE_CURVE('',#912,#913,#778,.T.);
#1124=EDGE_CURVE('',#913,#914,#380,.T.);
#1125=EDGE_CURVE('',#914,#915,#779,.T.);
#1126=EDGE_CURVE('',#915,#916,#381,.T.);
#1127=EDGE_CURVE('',#916,#917,#780,.T.);
#1128=EDGE_CURVE('',#917,#918,#382,.T.);
#1129=EDGE_CURVE('',#918,#919,#781,.T.);
#1130=EDGE_CURVE('',#919,#912,#383,.T.);
#1131=EDGE_CURVE('',#920,#921,#782,.T.);
#1132=EDGE_CURVE('',#921,#922,#384,.T.);
#1133=EDGE_CURVE('',#922,#923,#783,.T.);
#1134=EDGE_CURVE('',#923,#924,#385,.T.);
#1135=EDGE_CURVE('',#924,#925,#784,.T.);
#1136=EDGE_CURVE('',#925,#926,#386,.T.);
#1137=EDGE_CURVE('',#926,#927,#785,.T.);
#1138=EDGE_CURVE('',#927,#920,#387,.T.);
#1139=EDGE_CURVE('',#928,#929,#786,.T.);
#1140=EDGE_CURVE('',#929,#930,#388,.T.);
#1141=EDGE_CURVE('',#930,#931,#787,.T.);
#1142=EDGE_CURVE('',#931,#932,#389,.T.);
#1143=EDGE_CURVE('',#932,#933,#788,.T.);
#1144=EDGE_CURVE('',#933,#934,#390,.T.);
#1145=EDGE_CURVE('',#934,#935,#789,.T.);
#1146=EDGE_CURVE('',#935,#928,#391,.T.);
#1147=EDGE_CURVE('',#936,#937,#790,.T.);
#1148=EDGE_CURVE('',#937,#938,#392,.T.);
#1149=EDGE_CURVE('',#938,#939,#791,.T.);
#1150=EDGE_CURVE('',#939,#940,#393,.T.);
#1151=EDGE_CURVE('',#940,#941,#792,.T.);
#1152=EDGE_CURVE('',#941,#942,#394,.T.);
#1153=EDGE_CURVE('',#942,#943,#793,.T.);
#1154=EDGE_CURVE('',#943,#936,#395,.T.);
#1155=EDGE_CURVE('',#944,#871,#396,.T.);
#1156=EDGE_CURVE('',#864,#944,#397,.T.);
#1157=EDGE_CURVE('',#945,#944,#398,.T.);
#1158=EDGE_CURVE('',#870,#946,#399,.T.);
#1159=EDGE_CURVE('',#946,#947,#400,.T.);
#1160=EDGE_CURVE('',#948,#947,#401,.T.);
#1161=EDGE_CURVE('',#852,#948,#402,.T.);
#1162=EDGE_CURVE('',#949,#850,#403,.T.);
#1163=EDGE_CURVE('',#950,#949,#404,.T.);
#1164=EDGE_CURVE('',#950,#951,#405,.T.);
#1165=EDGE_CURVE('',#952,#951,#406,.T.);
#1166=EDGE_CURVE('',#952,#945,#407,.T.);
#1167=EDGE_CURVE('',#945,#860,#408,.T.);
#1168=EDGE_CURVE('',#851,#953,#409,.T.);
#1169=EDGE_CURVE('',#949,#953,#794,.T.);
#1170=EDGE_CURVE('',#856,#954,#410,.T.);
#1171=EDGE_CURVE('',#955,#954,#795,.T.);
#1172=EDGE_CURVE('',#955,#857,#411,.T.);
#1173=EDGE_CURVE('',#956,#948,#796,.T.);
#1174=EDGE_CURVE('',#956,#853,#412,.T.);
#1175=EDGE_CURVE('',#854,#957,#413,.T.);
#1176=EDGE_CURVE('',#958,#957,#797,.T.);
#1177=EDGE_CURVE('',#958,#855,#414,.T.);
#1178=EDGE_CURVE('',#959,#960,#798,.T.);
#1179=EDGE_CURVE('',#960,#955,#415,.T.);
#1180=EDGE_CURVE('',#954,#959,#416,.T.);
#1181=EDGE_CURVE('',#960,#961,#417,.T.);
#1182=EDGE_CURVE('',#953,#961,#418,.T.);
#1183=EDGE_CURVE('',#962,#959,#419,.F.);
#1184=EDGE_CURVE('',#963,#962,#799,.T.);
#1185=EDGE_CURVE('',#963,#964,#420,.T.);
#1186=EDGE_CURVE('',#947,#964,#800,.T.);
#1187=EDGE_CURVE('',#946,#965,#421,.T.);
#1188=EDGE_CURVE('',#965,#966,#422,.T.);
#1189=EDGE_CURVE('',#951,#966,#423,.T.);
#1190=EDGE_CURVE('',#961,#950,#801,.T.);
#1191=EDGE_CURVE('',#967,#968,#802,.T.);
#1192=EDGE_CURVE('',#969,#967,#424,.T.);
#1193=EDGE_CURVE('',#970,#969,#803,.T.);
#1194=EDGE_CURVE('',#971,#970,#425,.T.);
#1195=EDGE_CURVE('',#972,#971,#804,.T.);
#1196=EDGE_CURVE('',#973,#972,#426,.T.);
#1197=EDGE_CURVE('',#974,#973,#805,.T.);
#1198=EDGE_CURVE('',#968,#974,#427,.T.);
#1199=EDGE_CURVE('',#975,#976,#806,.T.);
#1200=EDGE_CURVE('',#977,#975,#428,.T.);
#1201=EDGE_CURVE('',#978,#977,#807,.T.);
#1202=EDGE_CURVE('',#979,#978,#429,.T.);
#1203=EDGE_CURVE('',#980,#979,#808,.T.);
#1204=EDGE_CURVE('',#981,#980,#430,.T.);
#1205=EDGE_CURVE('',#982,#981,#809,.T.);
#1206=EDGE_CURVE('',#976,#982,#431,.T.);
#1207=EDGE_CURVE('',#983,#984,#810,.T.);
#1208=EDGE_CURVE('',#985,#983,#432,.T.);
#1209=EDGE_CURVE('',#986,#985,#811,.T.);
#1210=EDGE_CURVE('',#987,#986,#433,.T.);
#1211=EDGE_CURVE('',#988,#987,#812,.T.);
#1212=EDGE_CURVE('',#989,#988,#434,.T.);
#1213=EDGE_CURVE('',#990,#989,#813,.T.);
#1214=EDGE_CURVE('',#984,#990,#435,.T.);
#1215=EDGE_CURVE('',#991,#992,#814,.T.);
#1216=EDGE_CURVE('',#993,#991,#436,.T.);
#1217=EDGE_CURVE('',#994,#993,#815,.T.);
#1218=EDGE_CURVE('',#995,#994,#437,.T.);
#1219=EDGE_CURVE('',#996,#995,#816,.T.);
#1220=EDGE_CURVE('',#997,#996,#438,.T.);
#1221=EDGE_CURVE('',#998,#997,#817,.T.);
#1222=EDGE_CURVE('',#992,#998,#439,.T.);
#1223=EDGE_CURVE('',#999,#1000,#818,.T.);
#1224=EDGE_CURVE('',#1001,#999,#440,.T.);
#1225=EDGE_CURVE('',#1002,#1001,#819,.T.);
#1226=EDGE_CURVE('',#1003,#1002,#441,.T.);
#1227=EDGE_CURVE('',#1004,#1003,#820,.T.);
#1228=EDGE_CURVE('',#1005,#1004,#442,.T.);
#1229=EDGE_CURVE('',#1006,#1005,#821,.T.);
#1230=EDGE_CURVE('',#1000,#1006,#443,.T.);
#1231=EDGE_CURVE('',#1007,#1008,#822,.T.);
#1232=EDGE_CURVE('',#1009,#1007,#444,.T.);
#1233=EDGE_CURVE('',#1010,#1009,#823,.T.);
#1234=EDGE_CURVE('',#1011,#1010,#445,.T.);
#1235=EDGE_CURVE('',#1012,#1011,#824,.T.);
#1236=EDGE_CURVE('',#1013,#1012,#446,.T.);
#1237=EDGE_CURVE('',#1014,#1013,#825,.T.);
#1238=EDGE_CURVE('',#1008,#1014,#447,.T.);
#1239=EDGE_CURVE('',#1015,#1016,#826,.T.);
#1240=EDGE_CURVE('',#1017,#1015,#448,.T.);
#1241=EDGE_CURVE('',#1018,#1017,#827,.T.);
#1242=EDGE_CURVE('',#1019,#1018,#449,.T.);
#1243=EDGE_CURVE('',#1020,#1019,#828,.T.);
#1244=EDGE_CURVE('',#1021,#1020,#450,.T.);
#1245=EDGE_CURVE('',#1022,#1021,#829,.T.);
#1246=EDGE_CURVE('',#1016,#1022,#451,.T.);
#1247=EDGE_CURVE('',#1023,#1024,#830,.T.);
#1248=EDGE_CURVE('',#1025,#1023,#452,.T.);
#1249=EDGE_CURVE('',#1026,#1025,#831,.T.);
#1250=EDGE_CURVE('',#1027,#1026,#453,.T.);
#1251=EDGE_CURVE('',#1028,#1027,#832,.T.);
#1252=EDGE_CURVE('',#1029,#1028,#454,.T.);
#1253=EDGE_CURVE('',#1030,#1029,#833,.T.);
#1254=EDGE_CURVE('',#1024,#1030,#455,.T.);
#1255=EDGE_CURVE('',#1031,#1032,#834,.T.);
#1256=EDGE_CURVE('',#1033,#1031,#456,.T.);
#1257=EDGE_CURVE('',#1034,#1033,#835,.T.);
#1258=EDGE_CURVE('',#1035,#1034,#457,.T.);
#1259=EDGE_CURVE('',#1036,#1035,#836,.T.);
#1260=EDGE_CURVE('',#1037,#1036,#458,.T.);
#1261=EDGE_CURVE('',#1038,#1037,#837,.T.);
#1262=EDGE_CURVE('',#1032,#1038,#459,.T.);
#1263=EDGE_CURVE('',#957,#963,#460,.T.);
#1264=EDGE_CURVE('',#962,#958,#461,.T.);
#1265=EDGE_CURVE('',#964,#956,#462,.T.);
#1266=EDGE_CURVE('',#868,#966,#463,.T.);
#1267=EDGE_CURVE('',#965,#869,#464,.T.);
#1268=EDGE_CURVE('',#967,#872,#465,.T.);
#1269=EDGE_CURVE('',#969,#879,#466,.T.);
#1270=EDGE_CURVE('',#970,#878,#467,.T.);
#1271=EDGE_CURVE('',#971,#877,#468,.T.);
#1272=EDGE_CURVE('',#972,#876,#469,.T.);
#1273=EDGE_CURVE('',#973,#875,#470,.T.);
#1274=EDGE_CURVE('',#974,#874,#471,.T.);
#1275=EDGE_CURVE('',#968,#873,#472,.T.);
#1276=EDGE_CURVE('',#975,#880,#473,.T.);
#1277=EDGE_CURVE('',#977,#887,#474,.T.);
#1278=EDGE_CURVE('',#978,#886,#475,.T.);
#1279=EDGE_CURVE('',#979,#885,#476,.T.);
#1280=EDGE_CURVE('',#980,#884,#477,.T.);
#1281=EDGE_CURVE('',#981,#883,#478,.T.);
#1282=EDGE_CURVE('',#982,#882,#479,.T.);
#1283=EDGE_CURVE('',#976,#881,#480,.T.);
#1284=EDGE_CURVE('',#983,#888,#481,.T.);
#1285=EDGE_CURVE('',#985,#895,#482,.T.);
#1286=EDGE_CURVE('',#986,#894,#483,.T.);
#1287=EDGE_CURVE('',#987,#893,#484,.T.);
#1288=EDGE_CURVE('',#988,#892,#485,.T.);
#1289=EDGE_CURVE('',#989,#891,#486,.T.);
#1290=EDGE_CURVE('',#990,#890,#487,.T.);
#1291=EDGE_CURVE('',#984,#889,#488,.T.);
#1292=EDGE_CURVE('',#991,#896,#489,.T.);
#1293=EDGE_CURVE('',#993,#903,#490,.T.);
#1294=EDGE_CURVE('',#994,#902,#491,.T.);
#1295=EDGE_CURVE('',#995,#901,#492,.T.);
#1296=EDGE_CURVE('',#996,#900,#493,.T.);
#1297=EDGE_CURVE('',#997,#899,#494,.T.);
#1298=EDGE_CURVE('',#998,#898,#495,.T.);
#1299=EDGE_CURVE('',#992,#897,#496,.T.);
#1300=EDGE_CURVE('',#999,#904,#497,.T.);
#1301=EDGE_CURVE('',#1001,#911,#498,.T.);
#1302=EDGE_CURVE('',#1002,#910,#499,.T.);
#1303=EDGE_CURVE('',#1003,#909,#500,.T.);
#1304=EDGE_CURVE('',#1004,#908,#501,.T.);
#1305=EDGE_CURVE('',#1005,#907,#502,.T.);
#1306=EDGE_CURVE('',#1006,#906,#503,.T.);
#1307=EDGE_CURVE('',#1000,#905,#504,.T.);
#1308=EDGE_CURVE('',#1007,#912,#505,.T.);
#1309=EDGE_CURVE('',#1009,#919,#506,.T.);
#1310=EDGE_CURVE('',#1010,#918,#507,.T.);
#1311=EDGE_CURVE('',#1011,#917,#508,.T.);
#1312=EDGE_CURVE('',#1012,#916,#509,.T.);
#1313=EDGE_CURVE('',#1013,#915,#510,.T.);
#1314=EDGE_CURVE('',#1014,#914,#511,.T.);
#1315=EDGE_CURVE('',#1008,#913,#512,.T.);
#1316=EDGE_CURVE('',#1015,#920,#513,.T.);
#1317=EDGE_CURVE('',#1017,#927,#514,.T.);
#1318=EDGE_CURVE('',#1018,#926,#515,.T.);
#1319=EDGE_CURVE('',#1019,#925,#516,.T.);
#1320=EDGE_CURVE('',#1020,#924,#517,.T.);
#1321=EDGE_CURVE('',#1021,#923,#518,.T.);
#1322=EDGE_CURVE('',#1022,#922,#519,.T.);
#1323=EDGE_CURVE('',#1016,#921,#520,.T.);
#1324=EDGE_CURVE('',#1023,#928,#521,.T.);
#1325=EDGE_CURVE('',#1025,#935,#522,.T.);
#1326=EDGE_CURVE('',#1026,#934,#523,.T.);
#1327=EDGE_CURVE('',#1027,#933,#524,.T.);
#1328=EDGE_CURVE('',#1028,#932,#525,.T.);
#1329=EDGE_CURVE('',#1029,#931,#526,.T.);
#1330=EDGE_CURVE('',#1030,#930,#527,.T.);
#1331=EDGE_CURVE('',#1024,#929,#528,.T.);
#1332=EDGE_CURVE('',#1031,#936,#529,.T.);
#1333=EDGE_CURVE('',#1033,#943,#530,.T.);
#1334=EDGE_CURVE('',#1034,#942,#531,.T.);
#1335=EDGE_CURVE('',#1035,#941,#532,.T.);
#1336=EDGE_CURVE('',#1036,#940,#533,.T.);
#1337=EDGE_CURVE('',#1037,#939,#534,.T.);
#1338=EDGE_CURVE('',#1038,#938,#535,.T.);
#1339=EDGE_CURVE('',#1032,#937,#536,.T.);
#1340=ORIENTED_EDGE('',*,*,#1039,.F.);
#1341=ORIENTED_EDGE('',*,*,#1040,.T.);
#1342=ORIENTED_EDGE('',*,*,#1041,.T.);
#1343=ORIENTED_EDGE('',*,*,#1040,.F.);
#1344=ORIENTED_EDGE('',*,*,#1041,.F.);
#1345=ORIENTED_EDGE('',*,*,#1042,.F.);
#1346=ORIENTED_EDGE('',*,*,#1043,.T.);
#1347=ORIENTED_EDGE('',*,*,#1044,.T.);
#1348=ORIENTED_EDGE('',*,*,#1043,.F.);
#1349=ORIENTED_EDGE('',*,*,#1044,.F.);
#1350=ORIENTED_EDGE('',*,*,#1045,.F.);
#1351=ORIENTED_EDGE('',*,*,#1046,.T.);
#1352=ORIENTED_EDGE('',*,*,#1047,.T.);
#1353=ORIENTED_EDGE('',*,*,#1046,.F.);
#1354=ORIENTED_EDGE('',*,*,#1047,.F.);
#1355=ORIENTED_EDGE('',*,*,#1048,.F.);
#1356=ORIENTED_EDGE('',*,*,#1049,.T.);
#1357=ORIENTED_EDGE('',*,*,#1050,.T.);
#1358=ORIENTED_EDGE('',*,*,#1049,.F.);
#1359=ORIENTED_EDGE('',*,*,#1050,.F.);
#1360=ORIENTED_EDGE('',*,*,#1051,.F.);
#1361=ORIENTED_EDGE('',*,*,#1052,.F.);
#1362=ORIENTED_EDGE('',*,*,#1053,.F.);
#1363=ORIENTED_EDGE('',*,*,#1054,.F.);
#1364=ORIENTED_EDGE('',*,*,#1055,.F.);
#1365=ORIENTED_EDGE('',*,*,#1056,.T.);
#1366=ORIENTED_EDGE('',*,*,#1057,.F.);
#1367=ORIENTED_EDGE('',*,*,#1058,.T.);
#1368=ORIENTED_EDGE('',*,*,#1059,.F.);
#1369=ORIENTED_EDGE('',*,*,#1060,.T.);
#1370=ORIENTED_EDGE('',*,*,#1061,.F.);
#1371=ORIENTED_EDGE('',*,*,#1062,.T.);
#1372=ORIENTED_EDGE('',*,*,#1063,.T.);
#1373=ORIENTED_EDGE('',*,*,#1053,.T.);
#1374=ORIENTED_EDGE('',*,*,#1064,.T.);
#1375=ORIENTED_EDGE('',*,*,#1065,.F.);
#1376=ORIENTED_EDGE('',*,*,#1066,.T.);
#1377=ORIENTED_EDGE('',*,*,#1067,.F.);
#1378=ORIENTED_EDGE('',*,*,#1068,.F.);
#1379=ORIENTED_EDGE('',*,*,#1069,.F.);
#1380=ORIENTED_EDGE('',*,*,#1070,.T.);
#1381=ORIENTED_EDGE('',*,*,#1068,.T.);
#1382=ORIENTED_EDGE('',*,*,#1071,.F.);
#1383=ORIENTED_EDGE('',*,*,#1072,.F.);
#1384=ORIENTED_EDGE('',*,*,#1065,.T.);
#1385=ORIENTED_EDGE('',*,*,#1073,.F.);
#1386=ORIENTED_EDGE('',*,*,#1074,.F.);
#1387=ORIENTED_EDGE('',*,*,#1075,.T.);
#1388=ORIENTED_EDGE('',*,*,#1072,.T.);
#1389=ORIENTED_EDGE('',*,*,#1076,.F.);
#1390=ORIENTED_EDGE('',*,*,#1054,.T.);
#1391=ORIENTED_EDGE('',*,*,#1063,.F.);
#1392=ORIENTED_EDGE('',*,*,#1071,.T.);
#1393=ORIENTED_EDGE('',*,*,#1077,.F.);
#1394=ORIENTED_EDGE('',*,*,#1078,.F.);
#1395=ORIENTED_EDGE('',*,*,#1079,.T.);
#1396=ORIENTED_EDGE('',*,*,#1080,.F.);
#1397=ORIENTED_EDGE('',*,*,#1081,.T.);
#1398=ORIENTED_EDGE('',*,*,#1074,.T.);
#1399=ORIENTED_EDGE('',*,*,#1082,.T.);
#1400=ORIENTED_EDGE('',*,*,#1051,.T.);
#1401=ORIENTED_EDGE('',*,*,#1076,.T.);
#1402=ORIENTED_EDGE('',*,*,#1083,.T.);
#1403=ORIENTED_EDGE('',*,*,#1084,.T.);
#1404=ORIENTED_EDGE('',*,*,#1085,.T.);
#1405=ORIENTED_EDGE('',*,*,#1086,.T.);
#1406=ORIENTED_EDGE('',*,*,#1087,.T.);
#1407=ORIENTED_EDGE('',*,*,#1088,.T.);
#1408=ORIENTED_EDGE('',*,*,#1089,.T.);
#1409=ORIENTED_EDGE('',*,*,#1090,.T.);
#1410=ORIENTED_EDGE('',*,*,#1091,.T.);
#1411=ORIENTED_EDGE('',*,*,#1092,.T.);
#1412=ORIENTED_EDGE('',*,*,#1093,.T.);
#1413=ORIENTED_EDGE('',*,*,#1094,.T.);
#1414=ORIENTED_EDGE('',*,*,#1095,.T.);
#1415=ORIENTED_EDGE('',*,*,#1096,.T.);
#1416=ORIENTED_EDGE('',*,*,#1097,.T.);
#1417=ORIENTED_EDGE('',*,*,#1098,.T.);
#1418=ORIENTED_EDGE('',*,*,#1099,.T.);
#1419=ORIENTED_EDGE('',*,*,#1100,.T.);
#1420=ORIENTED_EDGE('',*,*,#1101,.T.);
#1421=ORIENTED_EDGE('',*,*,#1102,.T.);
#1422=ORIENTED_EDGE('',*,*,#1103,.T.);
#1423=ORIENTED_EDGE('',*,*,#1104,.T.);
#1424=ORIENTED_EDGE('',*,*,#1105,.T.);
#1425=ORIENTED_EDGE('',*,*,#1106,.T.);
#1426=ORIENTED_EDGE('',*,*,#1107,.T.);
#1427=ORIENTED_EDGE('',*,*,#1108,.T.);
#1428=ORIENTED_EDGE('',*,*,#1109,.T.);
#1429=ORIENTED_EDGE('',*,*,#1110,.T.);
#1430=ORIENTED_EDGE('',*,*,#1111,.T.);
#1431=ORIENTED_EDGE('',*,*,#1112,.T.);
#1432=ORIENTED_EDGE('',*,*,#1113,.T.);
#1433=ORIENTED_EDGE('',*,*,#1114,.T.);
#1434=ORIENTED_EDGE('',*,*,#1115,.T.);
#1435=ORIENTED_EDGE('',*,*,#1116,.T.);
#1436=ORIENTED_EDGE('',*,*,#1117,.T.);
#1437=ORIENTED_EDGE('',*,*,#1118,.T.);
#1438=ORIENTED_EDGE('',*,*,#1119,.T.);
#1439=ORIENTED_EDGE('',*,*,#1120,.T.);
#1440=ORIENTED_EDGE('',*,*,#1121,.T.);
#1441=ORIENTED_EDGE('',*,*,#1122,.T.);
#1442=ORIENTED_EDGE('',*,*,#1123,.T.);
#1443=ORIENTED_EDGE('',*,*,#1124,.T.);
#1444=ORIENTED_EDGE('',*,*,#1125,.T.);
#1445=ORIENTED_EDGE('',*,*,#1126,.T.);
#1446=ORIENTED_EDGE('',*,*,#1127,.T.);
#1447=ORIENTED_EDGE('',*,*,#1128,.T.);
#1448=ORIENTED_EDGE('',*,*,#1129,.T.);
#1449=ORIENTED_EDGE('',*,*,#1130,.T.);
#1450=ORIENTED_EDGE('',*,*,#1131,.T.);
#1451=ORIENTED_EDGE('',*,*,#1132,.T.);
#1452=ORIENTED_EDGE('',*,*,#1133,.T.);
#1453=ORIENTED_EDGE('',*,*,#1134,.T.);
#1454=ORIENTED_EDGE('',*,*,#1135,.T.);
#1455=ORIENTED_EDGE('',*,*,#1136,.T.);
#1456=ORIENTED_EDGE('',*,*,#1137,.T.);
#1457=ORIENTED_EDGE('',*,*,#1138,.T.);
#1458=ORIENTED_EDGE('',*,*,#1139,.T.);
#1459=ORIENTED_EDGE('',*,*,#1140,.T.);
#1460=ORIENTED_EDGE('',*,*,#1141,.T.);
#1461=ORIENTED_EDGE('',*,*,#1142,.T.);
#1462=ORIENTED_EDGE('',*,*,#1143,.T.);
#1463=ORIENTED_EDGE('',*,*,#1144,.T.);
#1464=ORIENTED_EDGE('',*,*,#1145,.T.);
#1465=ORIENTED_EDGE('',*,*,#1146,.T.);
#1466=ORIENTED_EDGE('',*,*,#1147,.T.);
#1467=ORIENTED_EDGE('',*,*,#1148,.T.);
#1468=ORIENTED_EDGE('',*,*,#1149,.T.);
#1469=ORIENTED_EDGE('',*,*,#1150,.T.);
#1470=ORIENTED_EDGE('',*,*,#1151,.T.);
#1471=ORIENTED_EDGE('',*,*,#1152,.T.);
#1472=ORIENTED_EDGE('',*,*,#1153,.T.);
#1473=ORIENTED_EDGE('',*,*,#1154,.T.);
#1474=ORIENTED_EDGE('',*,*,#1155,.F.);
#1475=ORIENTED_EDGE('',*,*,#1156,.F.);
#1476=ORIENTED_EDGE('',*,*,#1075,.F.);
#1477=ORIENTED_EDGE('',*,*,#1081,.F.);
#1478=ORIENTED_EDGE('',*,*,#1157,.T.);
#1479=ORIENTED_EDGE('',*,*,#1155,.T.);
#1480=ORIENTED_EDGE('',*,*,#1080,.T.);
#1481=ORIENTED_EDGE('',*,*,#1158,.T.);
#1482=ORIENTED_EDGE('',*,*,#1159,.T.);
#1483=ORIENTED_EDGE('',*,*,#1160,.F.);
#1484=ORIENTED_EDGE('',*,*,#1161,.F.);
#1485=ORIENTED_EDGE('',*,*,#1056,.F.);
#1486=ORIENTED_EDGE('',*,*,#1162,.F.);
#1487=ORIENTED_EDGE('',*,*,#1163,.F.);
#1488=ORIENTED_EDGE('',*,*,#1164,.T.);
#1489=ORIENTED_EDGE('',*,*,#1165,.F.);
#1490=ORIENTED_EDGE('',*,*,#1166,.T.);
#1491=ORIENTED_EDGE('',*,*,#1073,.T.);
#1492=ORIENTED_EDGE('',*,*,#1064,.F.);
#1493=ORIENTED_EDGE('',*,*,#1052,.T.);
#1494=ORIENTED_EDGE('',*,*,#1082,.F.);
#1495=ORIENTED_EDGE('',*,*,#1157,.F.);
#1496=ORIENTED_EDGE('',*,*,#1167,.T.);
#1497=ORIENTED_EDGE('',*,*,#1069,.T.);
#1498=ORIENTED_EDGE('',*,*,#1070,.F.);
#1499=ORIENTED_EDGE('',*,*,#1156,.T.);
#1500=ORIENTED_EDGE('',*,*,#1055,.T.);
#1501=ORIENTED_EDGE('',*,*,#1168,.T.);
#1502=ORIENTED_EDGE('',*,*,#1169,.F.);
#1503=ORIENTED_EDGE('',*,*,#1162,.T.);
#1504=ORIENTED_EDGE('',*,*,#1061,.T.);
#1505=ORIENTED_EDGE('',*,*,#1170,.T.);
#1506=ORIENTED_EDGE('',*,*,#1171,.F.);
#1507=ORIENTED_EDGE('',*,*,#1172,.T.);
#1508=ORIENTED_EDGE('',*,*,#1057,.T.);
#1509=ORIENTED_EDGE('',*,*,#1161,.T.);
#1510=ORIENTED_EDGE('',*,*,#1173,.F.);
#1511=ORIENTED_EDGE('',*,*,#1174,.T.);
#1512=ORIENTED_EDGE('',*,*,#1059,.T.);
#1513=ORIENTED_EDGE('',*,*,#1175,.T.);
#1514=ORIENTED_EDGE('',*,*,#1176,.F.);
#1515=ORIENTED_EDGE('',*,*,#1177,.T.);
#1516=ORIENTED_EDGE('',*,*,#1178,.T.);
#1517=ORIENTED_EDGE('',*,*,#1179,.T.);
#1518=ORIENTED_EDGE('',*,*,#1171,.T.);
#1519=ORIENTED_EDGE('',*,*,#1180,.T.);
#1520=ORIENTED_EDGE('',*,*,#1179,.F.);
#1521=ORIENTED_EDGE('',*,*,#1181,.T.);
#1522=ORIENTED_EDGE('',*,*,#1182,.F.);
#1523=ORIENTED_EDGE('',*,*,#1168,.F.);
#1524=ORIENTED_EDGE('',*,*,#1062,.F.);
#1525=ORIENTED_EDGE('',*,*,#1172,.F.);
#1526=ORIENTED_EDGE('',*,*,#1178,.F.);
#1527=ORIENTED_EDGE('',*,*,#1183,.F.);
#1528=ORIENTED_EDGE('',*,*,#1184,.F.);
#1529=ORIENTED_EDGE('',*,*,#1185,.T.);
#1530=ORIENTED_EDGE('',*,*,#1186,.F.);
#1531=ORIENTED_EDGE('',*,*,#1159,.F.);
#1532=ORIENTED_EDGE('',*,*,#1187,.T.);
#1533=ORIENTED_EDGE('',*,*,#1188,.T.);
#1534=ORIENTED_EDGE('',*,*,#1189,.F.);
#1535=ORIENTED_EDGE('',*,*,#1164,.F.);
#1536=ORIENTED_EDGE('',*,*,#1190,.F.);
#1537=ORIENTED_EDGE('',*,*,#1181,.F.);
#1538=ORIENTED_EDGE('',*,*,#1191,.F.);
#1539=ORIENTED_EDGE('',*,*,#1192,.F.);
#1540=ORIENTED_EDGE('',*,*,#1193,.F.);
#1541=ORIENTED_EDGE('',*,*,#1194,.F.);
#1542=ORIENTED_EDGE('',*,*,#1195,.F.);
#1543=ORIENTED_EDGE('',*,*,#1196,.F.);
#1544=ORIENTED_EDGE('',*,*,#1197,.F.);
#1545=ORIENTED_EDGE('',*,*,#1198,.F.);
#1546=ORIENTED_EDGE('',*,*,#1199,.F.);
#1547=ORIENTED_EDGE('',*,*,#1200,.F.);
#1548=ORIENTED_EDGE('',*,*,#1201,.F.);
#1549=ORIENTED_EDGE('',*,*,#1202,.F.);
#1550=ORIENTED_EDGE('',*,*,#1203,.F.);
#1551=ORIENTED_EDGE('',*,*,#1204,.F.);
#1552=ORIENTED_EDGE('',*,*,#1205,.F.);
#1553=ORIENTED_EDGE('',*,*,#1206,.F.);
#1554=ORIENTED_EDGE('',*,*,#1207,.F.);
#1555=ORIENTED_EDGE('',*,*,#1208,.F.);
#1556=ORIENTED_EDGE('',*,*,#1209,.F.);
#1557=ORIENTED_EDGE('',*,*,#1210,.F.);
#1558=ORIENTED_EDGE('',*,*,#1211,.F.);
#1559=ORIENTED_EDGE('',*,*,#1212,.F.);
#1560=ORIENTED_EDGE('',*,*,#1213,.F.);
#1561=ORIENTED_EDGE('',*,*,#1214,.F.);
#1562=ORIENTED_EDGE('',*,*,#1215,.F.);
#1563=ORIENTED_EDGE('',*,*,#1216,.F.);
#1564=ORIENTED_EDGE('',*,*,#1217,.F.);
#1565=ORIENTED_EDGE('',*,*,#1218,.F.);
#1566=ORIENTED_EDGE('',*,*,#1219,.F.);
#1567=ORIENTED_EDGE('',*,*,#1220,.F.);
#1568=ORIENTED_EDGE('',*,*,#1221,.F.);
#1569=ORIENTED_EDGE('',*,*,#1222,.F.);
#1570=ORIENTED_EDGE('',*,*,#1223,.F.);
#1571=ORIENTED_EDGE('',*,*,#1224,.F.);
#1572=ORIENTED_EDGE('',*,*,#1225,.F.);
#1573=ORIENTED_EDGE('',*,*,#1226,.F.);
#1574=ORIENTED_EDGE('',*,*,#1227,.F.);
#1575=ORIENTED_EDGE('',*,*,#1228,.F.);
#1576=ORIENTED_EDGE('',*,*,#1229,.F.);
#1577=ORIENTED_EDGE('',*,*,#1230,.F.);
#1578=ORIENTED_EDGE('',*,*,#1231,.F.);
#1579=ORIENTED_EDGE('',*,*,#1232,.F.);
#1580=ORIENTED_EDGE('',*,*,#1233,.F.);
#1581=ORIENTED_EDGE('',*,*,#1234,.F.);
#1582=ORIENTED_EDGE('',*,*,#1235,.F.);
#1583=ORIENTED_EDGE('',*,*,#1236,.F.);
#1584=ORIENTED_EDGE('',*,*,#1237,.F.);
#1585=ORIENTED_EDGE('',*,*,#1238,.F.);
#1586=ORIENTED_EDGE('',*,*,#1239,.F.);
#1587=ORIENTED_EDGE('',*,*,#1240,.F.);
#1588=ORIENTED_EDGE('',*,*,#1241,.F.);
#1589=ORIENTED_EDGE('',*,*,#1242,.F.);
#1590=ORIENTED_EDGE('',*,*,#1243,.F.);
#1591=ORIENTED_EDGE('',*,*,#1244,.F.);
#1592=ORIENTED_EDGE('',*,*,#1245,.F.);
#1593=ORIENTED_EDGE('',*,*,#1246,.F.);
#1594=ORIENTED_EDGE('',*,*,#1247,.F.);
#1595=ORIENTED_EDGE('',*,*,#1248,.F.);
#1596=ORIENTED_EDGE('',*,*,#1249,.F.);
#1597=ORIENTED_EDGE('',*,*,#1250,.F.);
#1598=ORIENTED_EDGE('',*,*,#1251,.F.);
#1599=ORIENTED_EDGE('',*,*,#1252,.F.);
#1600=ORIENTED_EDGE('',*,*,#1253,.F.);
#1601=ORIENTED_EDGE('',*,*,#1254,.F.);
#1602=ORIENTED_EDGE('',*,*,#1255,.F.);
#1603=ORIENTED_EDGE('',*,*,#1256,.F.);
#1604=ORIENTED_EDGE('',*,*,#1257,.F.);
#1605=ORIENTED_EDGE('',*,*,#1258,.F.);
#1606=ORIENTED_EDGE('',*,*,#1259,.F.);
#1607=ORIENTED_EDGE('',*,*,#1260,.F.);
#1608=ORIENTED_EDGE('',*,*,#1261,.F.);
#1609=ORIENTED_EDGE('',*,*,#1262,.F.);
#1610=ORIENTED_EDGE('',*,*,#1048,.T.);
#1611=ORIENTED_EDGE('',*,*,#1045,.T.);
#1612=ORIENTED_EDGE('',*,*,#1042,.T.);
#1613=ORIENTED_EDGE('',*,*,#1039,.T.);
#1614=ORIENTED_EDGE('',*,*,#1176,.T.);
#1615=ORIENTED_EDGE('',*,*,#1263,.T.);
#1616=ORIENTED_EDGE('',*,*,#1184,.T.);
#1617=ORIENTED_EDGE('',*,*,#1264,.T.);
#1618=ORIENTED_EDGE('',*,*,#1263,.F.);
#1619=ORIENTED_EDGE('',*,*,#1175,.F.);
#1620=ORIENTED_EDGE('',*,*,#1058,.F.);
#1621=ORIENTED_EDGE('',*,*,#1174,.F.);
#1622=ORIENTED_EDGE('',*,*,#1265,.F.);
#1623=ORIENTED_EDGE('',*,*,#1185,.F.);
#1624=ORIENTED_EDGE('',*,*,#1173,.T.);
#1625=ORIENTED_EDGE('',*,*,#1160,.T.);
#1626=ORIENTED_EDGE('',*,*,#1186,.T.);
#1627=ORIENTED_EDGE('',*,*,#1265,.T.);
#1628=ORIENTED_EDGE('',*,*,#1190,.T.);
#1629=ORIENTED_EDGE('',*,*,#1163,.T.);
#1630=ORIENTED_EDGE('',*,*,#1169,.T.);
#1631=ORIENTED_EDGE('',*,*,#1182,.T.);
#1632=ORIENTED_EDGE('',*,*,#1266,.F.);
#1633=ORIENTED_EDGE('',*,*,#1077,.T.);
#1634=ORIENTED_EDGE('',*,*,#1067,.T.);
#1635=ORIENTED_EDGE('',*,*,#1066,.F.);
#1636=ORIENTED_EDGE('',*,*,#1167,.F.);
#1637=ORIENTED_EDGE('',*,*,#1166,.F.);
#1638=ORIENTED_EDGE('',*,*,#1165,.T.);
#1639=ORIENTED_EDGE('',*,*,#1189,.T.);
#1640=ORIENTED_EDGE('',*,*,#1266,.T.);
#1641=ORIENTED_EDGE('',*,*,#1188,.F.);
#1642=ORIENTED_EDGE('',*,*,#1267,.T.);
#1643=ORIENTED_EDGE('',*,*,#1078,.T.);
#1644=ORIENTED_EDGE('',*,*,#1267,.F.);
#1645=ORIENTED_EDGE('',*,*,#1187,.F.);
#1646=ORIENTED_EDGE('',*,*,#1158,.F.);
#1647=ORIENTED_EDGE('',*,*,#1079,.F.);
#1648=ORIENTED_EDGE('',*,*,#1192,.T.);
#1649=ORIENTED_EDGE('',*,*,#1268,.T.);
#1650=ORIENTED_EDGE('',*,*,#1090,.F.);
#1651=ORIENTED_EDGE('',*,*,#1269,.F.);
#1652=ORIENTED_EDGE('',*,*,#1193,.T.);
#1653=ORIENTED_EDGE('',*,*,#1269,.T.);
#1654=ORIENTED_EDGE('',*,*,#1089,.F.);
#1655=ORIENTED_EDGE('',*,*,#1270,.F.);
#1656=ORIENTED_EDGE('',*,*,#1194,.T.);
#1657=ORIENTED_EDGE('',*,*,#1270,.T.);
#1658=ORIENTED_EDGE('',*,*,#1088,.F.);
#1659=ORIENTED_EDGE('',*,*,#1271,.F.);
#1660=ORIENTED_EDGE('',*,*,#1195,.T.);
#1661=ORIENTED_EDGE('',*,*,#1271,.T.);
#1662=ORIENTED_EDGE('',*,*,#1087,.F.);
#1663=ORIENTED_EDGE('',*,*,#1272,.F.);
#1664=ORIENTED_EDGE('',*,*,#1196,.T.);
#1665=ORIENTED_EDGE('',*,*,#1272,.T.);
#1666=ORIENTED_EDGE('',*,*,#1086,.F.);
#1667=ORIENTED_EDGE('',*,*,#1273,.F.);
#1668=ORIENTED_EDGE('',*,*,#1197,.T.);
#1669=ORIENTED_EDGE('',*,*,#1273,.T.);
#1670=ORIENTED_EDGE('',*,*,#1085,.F.);
#1671=ORIENTED_EDGE('',*,*,#1274,.F.);
#1672=ORIENTED_EDGE('',*,*,#1198,.T.);
#1673=ORIENTED_EDGE('',*,*,#1274,.T.);
#1674=ORIENTED_EDGE('',*,*,#1084,.F.);
#1675=ORIENTED_EDGE('',*,*,#1275,.F.);
#1676=ORIENTED_EDGE('',*,*,#1191,.T.);
#1677=ORIENTED_EDGE('',*,*,#1275,.T.);
#1678=ORIENTED_EDGE('',*,*,#1083,.F.);
#1679=ORIENTED_EDGE('',*,*,#1268,.F.);
#1680=ORIENTED_EDGE('',*,*,#1200,.T.);
#1681=ORIENTED_EDGE('',*,*,#1276,.T.);
#1682=ORIENTED_EDGE('',*,*,#1098,.F.);
#1683=ORIENTED_EDGE('',*,*,#1277,.F.);
#1684=ORIENTED_EDGE('',*,*,#1201,.T.);
#1685=ORIENTED_EDGE('',*,*,#1277,.T.);
#1686=ORIENTED_EDGE('',*,*,#1097,.F.);
#1687=ORIENTED_EDGE('',*,*,#1278,.F.);
#1688=ORIENTED_EDGE('',*,*,#1202,.T.);
#1689=ORIENTED_EDGE('',*,*,#1278,.T.);
#1690=ORIENTED_EDGE('',*,*,#1096,.F.);
#1691=ORIENTED_EDGE('',*,*,#1279,.F.);
#1692=ORIENTED_EDGE('',*,*,#1203,.T.);
#1693=ORIENTED_EDGE('',*,*,#1279,.T.);
#1694=ORIENTED_EDGE('',*,*,#1095,.F.);
#1695=ORIENTED_EDGE('',*,*,#1280,.F.);
#1696=ORIENTED_EDGE('',*,*,#1204,.T.);
#1697=ORIENTED_EDGE('',*,*,#1280,.T.);
#1698=ORIENTED_EDGE('',*,*,#1094,.F.);
#1699=ORIENTED_EDGE('',*,*,#1281,.F.);
#1700=ORIENTED_EDGE('',*,*,#1205,.T.);
#1701=ORIENTED_EDGE('',*,*,#1281,.T.);
#1702=ORIENTED_EDGE('',*,*,#1093,.F.);
#1703=ORIENTED_EDGE('',*,*,#1282,.F.);
#1704=ORIENTED_EDGE('',*,*,#1206,.T.);
#1705=ORIENTED_EDGE('',*,*,#1282,.T.);
#1706=ORIENTED_EDGE('',*,*,#1092,.F.);
#1707=ORIENTED_EDGE('',*,*,#1283,.F.);
#1708=ORIENTED_EDGE('',*,*,#1199,.T.);
#1709=ORIENTED_EDGE('',*,*,#1283,.T.);
#1710=ORIENTED_EDGE('',*,*,#1091,.F.);
#1711=ORIENTED_EDGE('',*,*,#1276,.F.);
#1712=ORIENTED_EDGE('',*,*,#1208,.T.);
#1713=ORIENTED_EDGE('',*,*,#1284,.T.);
#1714=ORIENTED_EDGE('',*,*,#1106,.F.);
#1715=ORIENTED_EDGE('',*,*,#1285,.F.);
#1716=ORIENTED_EDGE('',*,*,#1209,.T.);
#1717=ORIENTED_EDGE('',*,*,#1285,.T.);
#1718=ORIENTED_EDGE('',*,*,#1105,.F.);
#1719=ORIENTED_EDGE('',*,*,#1286,.F.);
#1720=ORIENTED_EDGE('',*,*,#1210,.T.);
#1721=ORIENTED_EDGE('',*,*,#1286,.T.);
#1722=ORIENTED_EDGE('',*,*,#1104,.F.);
#1723=ORIENTED_EDGE('',*,*,#1287,.F.);
#1724=ORIENTED_EDGE('',*,*,#1211,.T.);
#1725=ORIENTED_EDGE('',*,*,#1287,.T.);
#1726=ORIENTED_EDGE('',*,*,#1103,.F.);
#1727=ORIENTED_EDGE('',*,*,#1288,.F.);
#1728=ORIENTED_EDGE('',*,*,#1212,.T.);
#1729=ORIENTED_EDGE('',*,*,#1288,.T.);
#1730=ORIENTED_EDGE('',*,*,#1102,.F.);
#1731=ORIENTED_EDGE('',*,*,#1289,.F.);
#1732=ORIENTED_EDGE('',*,*,#1213,.T.);
#1733=ORIENTED_EDGE('',*,*,#1289,.T.);
#1734=ORIENTED_EDGE('',*,*,#1101,.F.);
#1735=ORIENTED_EDGE('',*,*,#1290,.F.);
#1736=ORIENTED_EDGE('',*,*,#1214,.T.);
#1737=ORIENTED_EDGE('',*,*,#1290,.T.);
#1738=ORIENTED_EDGE('',*,*,#1100,.F.);
#1739=ORIENTED_EDGE('',*,*,#1291,.F.);
#1740=ORIENTED_EDGE('',*,*,#1207,.T.);
#1741=ORIENTED_EDGE('',*,*,#1291,.T.);
#1742=ORIENTED_EDGE('',*,*,#1099,.F.);
#1743=ORIENTED_EDGE('',*,*,#1284,.F.);
#1744=ORIENTED_EDGE('',*,*,#1216,.T.);
#1745=ORIENTED_EDGE('',*,*,#1292,.T.);
#1746=ORIENTED_EDGE('',*,*,#1114,.F.);
#1747=ORIENTED_EDGE('',*,*,#1293,.F.);
#1748=ORIENTED_EDGE('',*,*,#1217,.T.);
#1749=ORIENTED_EDGE('',*,*,#1293,.T.);
#1750=ORIENTED_EDGE('',*,*,#1113,.F.);
#1751=ORIENTED_EDGE('',*,*,#1294,.F.);
#1752=ORIENTED_EDGE('',*,*,#1218,.T.);
#1753=ORIENTED_EDGE('',*,*,#1294,.T.);
#1754=ORIENTED_EDGE('',*,*,#1112,.F.);
#1755=ORIENTED_EDGE('',*,*,#1295,.F.);
#1756=ORIENTED_EDGE('',*,*,#1219,.T.);
#1757=ORIENTED_EDGE('',*,*,#1295,.T.);
#1758=ORIENTED_EDGE('',*,*,#1111,.F.);
#1759=ORIENTED_EDGE('',*,*,#1296,.F.);
#1760=ORIENTED_EDGE('',*,*,#1220,.T.);
#1761=ORIENTED_EDGE('',*,*,#1296,.T.);
#1762=ORIENTED_EDGE('',*,*,#1110,.F.);
#1763=ORIENTED_EDGE('',*,*,#1297,.F.);
#1764=ORIENTED_EDGE('',*,*,#1221,.T.);
#1765=ORIENTED_EDGE('',*,*,#1297,.T.);
#1766=ORIENTED_EDGE('',*,*,#1109,.F.);
#1767=ORIENTED_EDGE('',*,*,#1298,.F.);
#1768=ORIENTED_EDGE('',*,*,#1222,.T.);
#1769=ORIENTED_EDGE('',*,*,#1298,.T.);
#1770=ORIENTED_EDGE('',*,*,#1108,.F.);
#1771=ORIENTED_EDGE('',*,*,#1299,.F.);
#1772=ORIENTED_EDGE('',*,*,#1215,.T.);
#1773=ORIENTED_EDGE('',*,*,#1299,.T.);
#1774=ORIENTED_EDGE('',*,*,#1107,.F.);
#1775=ORIENTED_EDGE('',*,*,#1292,.F.);
#1776=ORIENTED_EDGE('',*,*,#1224,.T.);
#1777=ORIENTED_EDGE('',*,*,#1300,.T.);
#1778=ORIENTED_EDGE('',*,*,#1122,.F.);
#1779=ORIENTED_EDGE('',*,*,#1301,.F.);
#1780=ORIENTED_EDGE('',*,*,#1225,.T.);
#1781=ORIENTED_EDGE('',*,*,#1301,.T.);
#1782=ORIENTED_EDGE('',*,*,#1121,.F.);
#1783=ORIENTED_EDGE('',*,*,#1302,.F.);
#1784=ORIENTED_EDGE('',*,*,#1226,.T.);
#1785=ORIENTED_EDGE('',*,*,#1302,.T.);
#1786=ORIENTED_EDGE('',*,*,#1120,.F.);
#1787=ORIENTED_EDGE('',*,*,#1303,.F.);
#1788=ORIENTED_EDGE('',*,*,#1227,.T.);
#1789=ORIENTED_EDGE('',*,*,#1303,.T.);
#1790=ORIENTED_EDGE('',*,*,#1119,.F.);
#1791=ORIENTED_EDGE('',*,*,#1304,.F.);
#1792=ORIENTED_EDGE('',*,*,#1228,.T.);
#1793=ORIENTED_EDGE('',*,*,#1304,.T.);
#1794=ORIENTED_EDGE('',*,*,#1118,.F.);
#1795=ORIENTED_EDGE('',*,*,#1305,.F.);
#1796=ORIENTED_EDGE('',*,*,#1229,.T.);
#1797=ORIENTED_EDGE('',*,*,#1305,.T.);
#1798=ORIENTED_EDGE('',*,*,#1117,.F.);
#1799=ORIENTED_EDGE('',*,*,#1306,.F.);
#1800=ORIENTED_EDGE('',*,*,#1230,.T.);
#1801=ORIENTED_EDGE('',*,*,#1306,.T.);
#1802=ORIENTED_EDGE('',*,*,#1116,.F.);
#1803=ORIENTED_EDGE('',*,*,#1307,.F.);
#1804=ORIENTED_EDGE('',*,*,#1223,.T.);
#1805=ORIENTED_EDGE('',*,*,#1307,.T.);
#1806=ORIENTED_EDGE('',*,*,#1115,.F.);
#1807=ORIENTED_EDGE('',*,*,#1300,.F.);
#1808=ORIENTED_EDGE('',*,*,#1232,.T.);
#1809=ORIENTED_EDGE('',*,*,#1308,.T.);
#1810=ORIENTED_EDGE('',*,*,#1130,.F.);
#1811=ORIENTED_EDGE('',*,*,#1309,.F.);
#1812=ORIENTED_EDGE('',*,*,#1233,.T.);
#1813=ORIENTED_EDGE('',*,*,#1309,.T.);
#1814=ORIENTED_EDGE('',*,*,#1129,.F.);
#1815=ORIENTED_EDGE('',*,*,#1310,.F.);
#1816=ORIENTED_EDGE('',*,*,#1234,.T.);
#1817=ORIENTED_EDGE('',*,*,#1310,.T.);
#1818=ORIENTED_EDGE('',*,*,#1128,.F.);
#1819=ORIENTED_EDGE('',*,*,#1311,.F.);
#1820=ORIENTED_EDGE('',*,*,#1235,.T.);
#1821=ORIENTED_EDGE('',*,*,#1311,.T.);
#1822=ORIENTED_EDGE('',*,*,#1127,.F.);
#1823=ORIENTED_EDGE('',*,*,#1312,.F.);
#1824=ORIENTED_EDGE('',*,*,#1236,.T.);
#1825=ORIENTED_EDGE('',*,*,#1312,.T.);
#1826=ORIENTED_EDGE('',*,*,#1126,.F.);
#1827=ORIENTED_EDGE('',*,*,#1313,.F.);
#1828=ORIENTED_EDGE('',*,*,#1237,.T.);
#1829=ORIENTED_EDGE('',*,*,#1313,.T.);
#1830=ORIENTED_EDGE('',*,*,#1125,.F.);
#1831=ORIENTED_EDGE('',*,*,#1314,.F.);
#1832=ORIENTED_EDGE('',*,*,#1238,.T.);
#1833=ORIENTED_EDGE('',*,*,#1314,.T.);
#1834=ORIENTED_EDGE('',*,*,#1124,.F.);
#1835=ORIENTED_EDGE('',*,*,#1315,.F.);
#1836=ORIENTED_EDGE('',*,*,#1231,.T.);
#1837=ORIENTED_EDGE('',*,*,#1315,.T.);
#1838=ORIENTED_EDGE('',*,*,#1123,.F.);
#1839=ORIENTED_EDGE('',*,*,#1308,.F.);
#1840=ORIENTED_EDGE('',*,*,#1240,.T.);
#1841=ORIENTED_EDGE('',*,*,#1316,.T.);
#1842=ORIENTED_EDGE('',*,*,#1138,.F.);
#1843=ORIENTED_EDGE('',*,*,#1317,.F.);
#1844=ORIENTED_EDGE('',*,*,#1241,.T.);
#1845=ORIENTED_EDGE('',*,*,#1317,.T.);
#1846=ORIENTED_EDGE('',*,*,#1137,.F.);
#1847=ORIENTED_EDGE('',*,*,#1318,.F.);
#1848=ORIENTED_EDGE('',*,*,#1242,.T.);
#1849=ORIENTED_EDGE('',*,*,#1318,.T.);
#1850=ORIENTED_EDGE('',*,*,#1136,.F.);
#1851=ORIENTED_EDGE('',*,*,#1319,.F.);
#1852=ORIENTED_EDGE('',*,*,#1243,.T.);
#1853=ORIENTED_EDGE('',*,*,#1319,.T.);
#1854=ORIENTED_EDGE('',*,*,#1135,.F.);
#1855=ORIENTED_EDGE('',*,*,#1320,.F.);
#1856=ORIENTED_EDGE('',*,*,#1244,.T.);
#1857=ORIENTED_EDGE('',*,*,#1320,.T.);
#1858=ORIENTED_EDGE('',*,*,#1134,.F.);
#1859=ORIENTED_EDGE('',*,*,#1321,.F.);
#1860=ORIENTED_EDGE('',*,*,#1245,.T.);
#1861=ORIENTED_EDGE('',*,*,#1321,.T.);
#1862=ORIENTED_EDGE('',*,*,#1133,.F.);
#1863=ORIENTED_EDGE('',*,*,#1322,.F.);
#1864=ORIENTED_EDGE('',*,*,#1246,.T.);
#1865=ORIENTED_EDGE('',*,*,#1322,.T.);
#1866=ORIENTED_EDGE('',*,*,#1132,.F.);
#1867=ORIENTED_EDGE('',*,*,#1323,.F.);
#1868=ORIENTED_EDGE('',*,*,#1239,.T.);
#1869=ORIENTED_EDGE('',*,*,#1323,.T.);
#1870=ORIENTED_EDGE('',*,*,#1131,.F.);
#1871=ORIENTED_EDGE('',*,*,#1316,.F.);
#1872=ORIENTED_EDGE('',*,*,#1248,.T.);
#1873=ORIENTED_EDGE('',*,*,#1324,.T.);
#1874=ORIENTED_EDGE('',*,*,#1146,.F.);
#1875=ORIENTED_EDGE('',*,*,#1325,.F.);
#1876=ORIENTED_EDGE('',*,*,#1249,.T.);
#1877=ORIENTED_EDGE('',*,*,#1325,.T.);
#1878=ORIENTED_EDGE('',*,*,#1145,.F.);
#1879=ORIENTED_EDGE('',*,*,#1326,.F.);
#1880=ORIENTED_EDGE('',*,*,#1250,.T.);
#1881=ORIENTED_EDGE('',*,*,#1326,.T.);
#1882=ORIENTED_EDGE('',*,*,#1144,.F.);
#1883=ORIENTED_EDGE('',*,*,#1327,.F.);
#1884=ORIENTED_EDGE('',*,*,#1251,.T.);
#1885=ORIENTED_EDGE('',*,*,#1327,.T.);
#1886=ORIENTED_EDGE('',*,*,#1143,.F.);
#1887=ORIENTED_EDGE('',*,*,#1328,.F.);
#1888=ORIENTED_EDGE('',*,*,#1252,.T.);
#1889=ORIENTED_EDGE('',*,*,#1328,.T.);
#1890=ORIENTED_EDGE('',*,*,#1142,.F.);
#1891=ORIENTED_EDGE('',*,*,#1329,.F.);
#1892=ORIENTED_EDGE('',*,*,#1253,.T.);
#1893=ORIENTED_EDGE('',*,*,#1329,.T.);
#1894=ORIENTED_EDGE('',*,*,#1141,.F.);
#1895=ORIENTED_EDGE('',*,*,#1330,.F.);
#1896=ORIENTED_EDGE('',*,*,#1254,.T.);
#1897=ORIENTED_EDGE('',*,*,#1330,.T.);
#1898=ORIENTED_EDGE('',*,*,#1140,.F.);
#1899=ORIENTED_EDGE('',*,*,#1331,.F.);
#1900=ORIENTED_EDGE('',*,*,#1247,.T.);
#1901=ORIENTED_EDGE('',*,*,#1331,.T.);
#1902=ORIENTED_EDGE('',*,*,#1139,.F.);
#1903=ORIENTED_EDGE('',*,*,#1324,.F.);
#1904=ORIENTED_EDGE('',*,*,#1256,.T.);
#1905=ORIENTED_EDGE('',*,*,#1332,.T.);
#1906=ORIENTED_EDGE('',*,*,#1154,.F.);
#1907=ORIENTED_EDGE('',*,*,#1333,.F.);
#1908=ORIENTED_EDGE('',*,*,#1257,.T.);
#1909=ORIENTED_EDGE('',*,*,#1333,.T.);
#1910=ORIENTED_EDGE('',*,*,#1153,.F.);
#1911=ORIENTED_EDGE('',*,*,#1334,.F.);
#1912=ORIENTED_EDGE('',*,*,#1258,.T.);
#1913=ORIENTED_EDGE('',*,*,#1334,.T.);
#1914=ORIENTED_EDGE('',*,*,#1152,.F.);
#1915=ORIENTED_EDGE('',*,*,#1335,.F.);
#1916=ORIENTED_EDGE('',*,*,#1259,.T.);
#1917=ORIENTED_EDGE('',*,*,#1335,.T.);
#1918=ORIENTED_EDGE('',*,*,#1151,.F.);
#1919=ORIENTED_EDGE('',*,*,#1336,.F.);
#1920=ORIENTED_EDGE('',*,*,#1260,.T.);
#1921=ORIENTED_EDGE('',*,*,#1336,.T.);
#1922=ORIENTED_EDGE('',*,*,#1150,.F.);
#1923=ORIENTED_EDGE('',*,*,#1337,.F.);
#1924=ORIENTED_EDGE('',*,*,#1261,.T.);
#1925=ORIENTED_EDGE('',*,*,#1337,.T.);
#1926=ORIENTED_EDGE('',*,*,#1149,.F.);
#1927=ORIENTED_EDGE('',*,*,#1338,.F.);
#1928=ORIENTED_EDGE('',*,*,#1262,.T.);
#1929=ORIENTED_EDGE('',*,*,#1338,.T.);
#1930=ORIENTED_EDGE('',*,*,#1148,.F.);
#1931=ORIENTED_EDGE('',*,*,#1339,.F.);
#1932=ORIENTED_EDGE('',*,*,#1255,.T.);
#1933=ORIENTED_EDGE('',*,*,#1339,.T.);
#1934=ORIENTED_EDGE('',*,*,#1147,.F.);
#1935=ORIENTED_EDGE('',*,*,#1332,.F.);
#1936=ORIENTED_EDGE('',*,*,#1180,.F.);
#1937=ORIENTED_EDGE('',*,*,#1170,.F.);
#1938=ORIENTED_EDGE('',*,*,#1060,.F.);
#1939=ORIENTED_EDGE('',*,*,#1177,.F.);
#1940=ORIENTED_EDGE('',*,*,#1264,.F.);
#1941=ORIENTED_EDGE('',*,*,#1183,.T.);
#1942=CYLINDRICAL_SURFACE('',#2565,1.45);
#1943=CYLINDRICAL_SURFACE('',#2569,1.45);
#1944=CYLINDRICAL_SURFACE('',#2573,1.45);
#1945=CYLINDRICAL_SURFACE('',#2577,1.45);
#1946=CYLINDRICAL_SURFACE('',#2631,4.);
#1947=CYLINDRICAL_SURFACE('',#2633,4.);
#1948=CYLINDRICAL_SURFACE('',#2635,4.);
#1949=CYLINDRICAL_SURFACE('',#2637,4.);
#1950=CYLINDRICAL_SURFACE('',#2639,4.);
#1951=CYLINDRICAL_SURFACE('',#2682,4.);
#1952=CYLINDRICAL_SURFACE('',#2684,4.);
#1953=CYLINDRICAL_SURFACE('',#2685,4.);
#1954=CYLINDRICAL_SURFACE('',#2690,0.5);
#1955=CYLINDRICAL_SURFACE('',#2692,0.499999999999998);
#1956=CYLINDRICAL_SURFACE('',#2694,0.499999999999998);
#1957=CYLINDRICAL_SURFACE('',#2696,0.5);
#1958=CYLINDRICAL_SURFACE('',#2698,0.499999999999998);
#1959=CYLINDRICAL_SURFACE('',#2700,0.499999999999998);
#1960=CYLINDRICAL_SURFACE('',#2702,0.499999999999998);
#1961=CYLINDRICAL_SURFACE('',#2704,0.499999999999998);
#1962=CYLINDRICAL_SURFACE('',#2706,0.499999999999998);
#1963=CYLINDRICAL_SURFACE('',#2708,0.499999999999998);
#1964=CYLINDRICAL_SURFACE('',#2710,0.500000000000003);
#1965=CYLINDRICAL_SURFACE('',#2712,0.499999999999998);
#1966=CYLINDRICAL_SURFACE('',#2714,0.5);
#1967=CYLINDRICAL_SURFACE('',#2716,0.499999999999998);
#1968=CYLINDRICAL_SURFACE('',#2718,0.499999999999998);
#1969=CYLINDRICAL_SURFACE('',#2720,0.499999999999998);
#1970=CYLINDRICAL_SURFACE('',#2722,0.499999999999998);
#1971=CYLINDRICAL_SURFACE('',#2724,0.500000000000003);
#1972=CYLINDRICAL_SURFACE('',#2726,0.499999999999998);
#1973=CYLINDRICAL_SURFACE('',#2728,0.499999999999998);
#1974=CYLINDRICAL_SURFACE('',#2730,0.499999999999998);
#1975=CYLINDRICAL_SURFACE('',#2732,0.499999999999998);
#1976=CYLINDRICAL_SURFACE('',#2734,0.499999999999998);
#1977=CYLINDRICAL_SURFACE('',#2736,0.5);
#1978=CYLINDRICAL_SURFACE('',#2738,0.5);
#1979=CYLINDRICAL_SURFACE('',#2740,0.500000000000003);
#1980=CYLINDRICAL_SURFACE('',#2742,0.499999999999998);
#1981=CYLINDRICAL_SURFACE('',#2744,0.499999999999998);
#1982=CYLINDRICAL_SURFACE('',#2746,0.499999999999998);
#1983=CYLINDRICAL_SURFACE('',#2748,0.500000000000003);
#1984=CYLINDRICAL_SURFACE('',#2750,0.500000000000003);
#1985=CYLINDRICAL_SURFACE('',#2752,0.499999999999998);
#1986=CYLINDRICAL_SURFACE('',#2754,0.499999999999998);
#1987=CYLINDRICAL_SURFACE('',#2756,0.499999999999998);
#1988=CYLINDRICAL_SURFACE('',#2758,0.500000000000003);
#1989=CYLINDRICAL_SURFACE('',#2760,0.5);
#1990=ADVANCED_FACE('',(#95),#1942,.F.);
#1991=ADVANCED_FACE('',(#96),#38,.F.);
#1992=ADVANCED_FACE('',(#97),#1943,.F.);
#1993=ADVANCED_FACE('',(#98),#39,.F.);
#1994=ADVANCED_FACE('',(#99),#1944,.F.);
#1995=ADVANCED_FACE('',(#100),#40,.F.);
#1996=ADVANCED_FACE('',(#101),#1945,.F.);
#1997=ADVANCED_FACE('',(#102),#41,.F.);
#1998=ADVANCED_FACE('',(#103),#42,.F.);
#1999=ADVANCED_FACE('',(#104,#15),#43,.T.);
#2000=ADVANCED_FACE('',(#105),#44,.T.);
#2001=ADVANCED_FACE('',(#106),#45,.T.);
#2002=ADVANCED_FACE('',(#107),#46,.T.);
#2003=ADVANCED_FACE('',(#108,#16,#17,#18,#19,#20,#21,#22,#23,#24),#47,.T.);
#2004=ADVANCED_FACE('',(#109),#48,.F.);
#2005=ADVANCED_FACE('',(#110),#49,.T.);
#2006=ADVANCED_FACE('',(#111),#50,.T.);
#2007=ADVANCED_FACE('',(#112),#51,.F.);
#2008=ADVANCED_FACE('',(#113),#1946,.T.);
#2009=ADVANCED_FACE('',(#114),#1947,.T.);
#2010=ADVANCED_FACE('',(#115),#1948,.T.);
#2011=ADVANCED_FACE('',(#116),#1949,.T.);
#2012=ADVANCED_FACE('',(#117),#1950,.T.);
#2013=ADVANCED_FACE('',(#118),#52,.T.);
#2014=ADVANCED_FACE('',(#119,#25,#26,#27,#28,#29,#30,#31,#32,#33,#34,#35,
#36,#37),#53,.F.);
#2015=ADVANCED_FACE('',(#120),#1951,.T.);
#2016=ADVANCED_FACE('',(#121),#54,.T.);
#2017=ADVANCED_FACE('',(#122),#1952,.T.);
#2018=ADVANCED_FACE('',(#123),#1953,.T.);
#2019=ADVANCED_FACE('',(#124),#55,.T.);
#2020=ADVANCED_FACE('',(#125),#56,.T.);
#2021=ADVANCED_FACE('',(#126),#57,.F.);
#2022=ADVANCED_FACE('',(#127),#58,.T.);
#2023=ADVANCED_FACE('',(#128),#1954,.F.);
#2024=ADVANCED_FACE('',(#129),#59,.T.);
#2025=ADVANCED_FACE('',(#130),#1955,.F.);
#2026=ADVANCED_FACE('',(#131),#60,.T.);
#2027=ADVANCED_FACE('',(#132),#1956,.F.);
#2028=ADVANCED_FACE('',(#133),#61,.T.);
#2029=ADVANCED_FACE('',(#134),#1957,.F.);
#2030=ADVANCED_FACE('',(#135),#62,.T.);
#2031=ADVANCED_FACE('',(#136),#1958,.F.);
#2032=ADVANCED_FACE('',(#137),#63,.T.);
#2033=ADVANCED_FACE('',(#138),#1959,.F.);
#2034=ADVANCED_FACE('',(#139),#64,.T.);
#2035=ADVANCED_FACE('',(#140),#1960,.F.);
#2036=ADVANCED_FACE('',(#141),#65,.T.);
#2037=ADVANCED_FACE('',(#142),#1961,.F.);
#2038=ADVANCED_FACE('',(#143),#66,.T.);
#2039=ADVANCED_FACE('',(#144),#1962,.F.);
#2040=ADVANCED_FACE('',(#145),#67,.T.);
#2041=ADVANCED_FACE('',(#146),#1963,.F.);
#2042=ADVANCED_FACE('',(#147),#68,.T.);
#2043=ADVANCED_FACE('',(#148),#1964,.F.);
#2044=ADVANCED_FACE('',(#149),#69,.T.);
#2045=ADVANCED_FACE('',(#150),#1965,.F.);
#2046=ADVANCED_FACE('',(#151),#70,.T.);
#2047=ADVANCED_FACE('',(#152),#1966,.F.);
#2048=ADVANCED_FACE('',(#153),#71,.T.);
#2049=ADVANCED_FACE('',(#154),#1967,.F.);
#2050=ADVANCED_FACE('',(#155),#72,.T.);
#2051=ADVANCED_FACE('',(#156),#1968,.F.);
#2052=ADVANCED_FACE('',(#157),#73,.T.);
#2053=ADVANCED_FACE('',(#158),#1969,.F.);
#2054=ADVANCED_FACE('',(#159),#74,.T.);
#2055=ADVANCED_FACE('',(#160),#1970,.F.);
#2056=ADVANCED_FACE('',(#161),#75,.T.);
#2057=ADVANCED_FACE('',(#162),#1971,.F.);
#2058=ADVANCED_FACE('',(#163),#76,.T.);
#2059=ADVANCED_FACE('',(#164),#1972,.F.);
#2060=ADVANCED_FACE('',(#165),#77,.T.);
#2061=ADVANCED_FACE('',(#166),#1973,.F.);
#2062=ADVANCED_FACE('',(#167),#78,.T.);
#2063=ADVANCED_FACE('',(#168),#1974,.F.);
#2064=ADVANCED_FACE('',(#169),#79,.T.);
#2065=ADVANCED_FACE('',(#170),#1975,.F.);
#2066=ADVANCED_FACE('',(#171),#80,.T.);
#2067=ADVANCED_FACE('',(#172),#1976,.F.);
#2068=ADVANCED_FACE('',(#173),#81,.T.);
#2069=ADVANCED_FACE('',(#174),#1977,.F.);
#2070=ADVANCED_FACE('',(#175),#82,.T.);
#2071=ADVANCED_FACE('',(#176),#1978,.F.);
#2072=ADVANCED_FACE('',(#177),#83,.T.);
#2073=ADVANCED_FACE('',(#178),#1979,.F.);
#2074=ADVANCED_FACE('',(#179),#84,.T.);
#2075=ADVANCED_FACE('',(#180),#1980,.F.);
#2076=ADVANCED_FACE('',(#181),#85,.T.);
#2077=ADVANCED_FACE('',(#182),#1981,.F.);
#2078=ADVANCED_FACE('',(#183),#86,.T.);
#2079=ADVANCED_FACE('',(#184),#1982,.F.);
#2080=ADVANCED_FACE('',(#185),#87,.T.);
#2081=ADVANCED_FACE('',(#186),#1983,.F.);
#2082=ADVANCED_FACE('',(#187),#88,.T.);
#2083=ADVANCED_FACE('',(#188),#1984,.F.);
#2084=ADVANCED_FACE('',(#189),#89,.T.);
#2085=ADVANCED_FACE('',(#190),#1985,.F.);
#2086=ADVANCED_FACE('',(#191),#90,.T.);
#2087=ADVANCED_FACE('',(#192),#1986,.F.);
#2088=ADVANCED_FACE('',(#193),#91,.T.);
#2089=ADVANCED_FACE('',(#194),#1987,.F.);
#2090=ADVANCED_FACE('',(#195),#92,.T.);
#2091=ADVANCED_FACE('',(#196),#1988,.F.);
#2092=ADVANCED_FACE('',(#197),#93,.T.);
#2093=ADVANCED_FACE('',(#198),#1989,.F.);
#2094=ADVANCED_FACE('',(#199),#94,.T.);
#2095=CLOSED_SHELL('',(#1990,#1991,#1992,#1993,#1994,#1995,#1996,#1997,
#1998,#1999,#2000,#2001,#2002,#2003,#2004,#2005,#2006,#2007,#2008,#2009,
#2010,#2011,#2012,#2013,#2014,#2015,#2016,#2017,#2018,#2019,#2020,#2021,
#2022,#2023,#2024,#2025,#2026,#2027,#2028,#2029,#2030,#2031,#2032,#2033,
#2034,#2035,#2036,#2037,#2038,#2039,#2040,#2041,#2042,#2043,#2044,#2045,
#2046,#2047,#2048,#2049,#2050,#2051,#2052,#2053,#2054,#2055,#2056,#2057,
#2058,#2059,#2060,#2061,#2062,#2063,#2064,#2065,#2066,#2067,#2068,#2069,
#2070,#2071,#2072,#2073,#2074,#2075,#2076,#2077,#2078,#2079,#2080,#2081,
#2082,#2083,#2084,#2085,#2086,#2087,#2088,#2089,#2090,#2091,#2092,#2093,
#2094));
#2096=ITEM_DEFINED_TRANSFORMATION($,$,#2504,#2510);
#2097=ITEM_DEFINED_TRANSFORMATION($,$,#2505,#2511);
#2098=ITEM_DEFINED_TRANSFORMATION($,$,#2506,#2512);
#2099=ITEM_DEFINED_TRANSFORMATION($,$,#2507,#2513);
#2100=ITEM_DEFINED_TRANSFORMATION($,$,#2508,#2514);
#2101=ITEM_DEFINED_TRANSFORMATION($,$,#2509,#2515);
#2102=ITEM_DEFINED_TRANSFORMATION($,$,#2504,#2516);
#2103=ITEM_DEFINED_TRANSFORMATION($,$,#2505,#2517);
#2104=ITEM_DEFINED_TRANSFORMATION($,$,#2506,#2518);
#2105=ITEM_DEFINED_TRANSFORMATION($,$,#2507,#2519);
#2106=ITEM_DEFINED_TRANSFORMATION($,$,#2508,#2520);
#2107=ITEM_DEFINED_TRANSFORMATION($,$,#2509,#2521);
#2108=ITEM_DEFINED_TRANSFORMATION($,$,#2504,#2522);
#2109=ITEM_DEFINED_TRANSFORMATION($,$,#2505,#2523);
#2110=ITEM_DEFINED_TRANSFORMATION($,$,#2506,#2524);
#2111=ITEM_DEFINED_TRANSFORMATION($,$,#2507,#2525);
#2112=ITEM_DEFINED_TRANSFORMATION($,$,#2508,#2526);
#2113=ITEM_DEFINED_TRANSFORMATION($,$,#2509,#2527);
#2114=ITEM_DEFINED_TRANSFORMATION($,$,#2504,#2528);
#2115=ITEM_DEFINED_TRANSFORMATION($,$,#2505,#2529);
#2116=ITEM_DEFINED_TRANSFORMATION($,$,#2506,#2530);
#2117=ITEM_DEFINED_TRANSFORMATION($,$,#2507,#2531);
#2118=ITEM_DEFINED_TRANSFORMATION($,$,#2508,#2532);
#2119=ITEM_DEFINED_TRANSFORMATION($,$,#2509,#2533);
#2120=ITEM_DEFINED_TRANSFORMATION($,$,#2504,#2534);
#2121=ITEM_DEFINED_TRANSFORMATION($,$,#2505,#2535);
#2122=ITEM_DEFINED_TRANSFORMATION($,$,#2506,#2536);
#2123=ITEM_DEFINED_TRANSFORMATION($,$,#2507,#2537);
#2124=ITEM_DEFINED_TRANSFORMATION($,$,#2508,#2538);
#2125=ITEM_DEFINED_TRANSFORMATION($,$,#2509,#2539);
#2126=ITEM_DEFINED_TRANSFORMATION($,$,#2504,#2540);
#2127=ITEM_DEFINED_TRANSFORMATION($,$,#2505,#2541);
#2128=ITEM_DEFINED_TRANSFORMATION($,$,#2506,#2542);
#2129=ITEM_DEFINED_TRANSFORMATION($,$,#2507,#2543);
#2130=ITEM_DEFINED_TRANSFORMATION($,$,#2508,#2544);
#2131=ITEM_DEFINED_TRANSFORMATION($,$,#2509,#2545);
#2132=ITEM_DEFINED_TRANSFORMATION($,$,#2504,#2546);
#2133=ITEM_DEFINED_TRANSFORMATION($,$,#2505,#2547);
#2134=ITEM_DEFINED_TRANSFORMATION($,$,#2506,#2548);
#2135=ITEM_DEFINED_TRANSFORMATION($,$,#2507,#2549);
#2136=ITEM_DEFINED_TRANSFORMATION($,$,#2508,#2550);
#2137=ITEM_DEFINED_TRANSFORMATION($,$,#2509,#2551);
#2138=ITEM_DEFINED_TRANSFORMATION($,$,#2504,#2552);
#2139=ITEM_DEFINED_TRANSFORMATION($,$,#2505,#2553);
#2140=ITEM_DEFINED_TRANSFORMATION($,$,#2506,#2554);
#2141=ITEM_DEFINED_TRANSFORMATION($,$,#2507,#2555);
#2142=ITEM_DEFINED_TRANSFORMATION($,$,#2508,#2556);
#2143=ITEM_DEFINED_TRANSFORMATION($,$,#2509,#2557);
#2144=ITEM_DEFINED_TRANSFORMATION($,$,#2504,#2558);
#2145=ITEM_DEFINED_TRANSFORMATION($,$,#2505,#2559);
#2146=ITEM_DEFINED_TRANSFORMATION($,$,#2506,#2560);
#2147=ITEM_DEFINED_TRANSFORMATION($,$,#2507,#2561);
#2148=ITEM_DEFINED_TRANSFORMATION($,$,#2508,#2562);
#2149=ITEM_DEFINED_TRANSFORMATION($,$,#2509,#2563);
#2150=ITEM_DEFINED_TRANSFORMATION($,$,#2493,#2762);
#2151=ITEM_DEFINED_TRANSFORMATION($,$,#2564,#2763);
#2152=ITEM_DEFINED_TRANSFORMATION($,$,#2494,#2764);
#2153=ITEM_DEFINED_TRANSFORMATION($,$,#2495,#2765);
#2154=ITEM_DEFINED_TRANSFORMATION($,$,#2496,#2766);
#2155=ITEM_DEFINED_TRANSFORMATION($,$,#2497,#2767);
#2156=ITEM_DEFINED_TRANSFORMATION($,$,#2498,#2768);
#2157=ITEM_DEFINED_TRANSFORMATION($,$,#2564,#2769);
#2158=ITEM_DEFINED_TRANSFORMATION($,$,#2499,#2770);
#2159=ITEM_DEFINED_TRANSFORMATION($,$,#2564,#2771);
#2160=ITEM_DEFINED_TRANSFORMATION($,$,#2500,#2772);
#2161=ITEM_DEFINED_TRANSFORMATION($,$,#2564,#2773);
#2162=ITEM_DEFINED_TRANSFORMATION($,$,#2501,#2774);
#2163=ITEM_DEFINED_TRANSFORMATION($,$,#2564,#2775);
#2164=ITEM_DEFINED_TRANSFORMATION($,$,#2564,#2776);
#2165=ITEM_DEFINED_TRANSFORMATION($,$,#2564,#2777);
#2166=ITEM_DEFINED_TRANSFORMATION($,$,#2564,#2778);
#2167=ITEM_DEFINED_TRANSFORMATION($,$,#2502,#2779);
#2168=ITEM_DEFINED_TRANSFORMATION($,$,#2503,#2780);
#2169=ITEM_DEFINED_TRANSFORMATION($,$,#2564,#2781);
#2170=(
REPRESENTATION_RELATIONSHIP($,$,#4439,#4428)
REPRESENTATION_RELATIONSHIP_WITH_TRANSFORMATION(#2096)
SHAPE_REPRESENTATION_RELATIONSHIP()
);
#2171=(
REPRESENTATION_RELATIONSHIP($,$,#4440,#4428)
REPRESENTATION_RELATIONSHIP_WITH_TRANSFORMATION(#2097)
SHAPE_REPRESENTATION_RELATIONSHIP()
);
#2172=(
REPRESENTATION_RELATIONSHIP($,$,#4441,#4428)
REPRESENTATION_RELATIONSHIP_WITH_TRANSFORMATION(#2098)
SHAPE_REPRESENTATION_RELATIONSHIP()
);
#2173=(
REPRESENTATION_RELATIONSHIP($,$,#4442,#4428)
REPRESENTATION_RELATIONSHIP_WITH_TRANSFORMATION(#2099)
SHAPE_REPRESENTATION_RELATIONSHIP()
);
#2174=(
REPRESENTATION_RELATIONSHIP($,$,#4443,#4428)
REPRESENTATION_RELATIONSHIP_WITH_TRANSFORMATION(#2100)
SHAPE_REPRESENTATION_RELATIONSHIP()
);
#2175=(
REPRESENTATION_RELATIONSHIP($,$,#4444,#4428)
REPRESENTATION_RELATIONSHIP_WITH_TRANSFORMATION(#2101)
SHAPE_REPRESENTATION_RELATIONSHIP()
);
#2176=(
REPRESENTATION_RELATIONSHIP($,$,#4439,#4431)
REPRESENTATION_RELATIONSHIP_WITH_TRANSFORMATION(#2102)
SHAPE_REPRESENTATION_RELATIONSHIP()
);
#2177=(
REPRESENTATION_RELATIONSHIP($,$,#4440,#4431)
REPRESENTATION_RELATIONSHIP_WITH_TRANSFORMATION(#2103)
SHAPE_REPRESENTATION_RELATIONSHIP()
);
#2178=(
REPRESENTATION_RELATIONSHIP($,$,#4441,#4431)
REPRESENTATION_RELATIONSHIP_WITH_TRANSFORMATION(#2104)
SHAPE_REPRESENTATION_RELATIONSHIP()
);
#2179=(
REPRESENTATION_RELATIONSHIP($,$,#4442,#4431)
REPRESENTATION_RELATIONSHIP_WITH_TRANSFORMATION(#2105)
SHAPE_REPRESENTATION_RELATIONSHIP()
);
#2180=(
REPRESENTATION_RELATIONSHIP($,$,#4443,#4431)
REPRESENTATION_RELATIONSHIP_WITH_TRANSFORMATION(#2106)
SHAPE_REPRESENTATION_RELATIONSHIP()
);
#2181=(
REPRESENTATION_RELATIONSHIP($,$,#4444,#4431)
REPRESENTATION_RELATIONSHIP_WITH_TRANSFORMATION(#2107)
SHAPE_REPRESENTATION_RELATIONSHIP()
);
#2182=(
REPRESENTATION_RELATIONSHIP($,$,#4439,#4432)
REPRESENTATION_RELATIONSHIP_WITH_TRANSFORMATION(#2108)
SHAPE_REPRESENTATION_RELATIONSHIP()
);
#2183=(
REPRESENTATION_RELATIONSHIP($,$,#4440,#4432)
REPRESENTATION_RELATIONSHIP_WITH_TRANSFORMATION(#2109)
SHAPE_REPRESENTATION_RELATIONSHIP()
);
#2184=(
REPRESENTATION_RELATIONSHIP($,$,#4441,#4432)
REPRESENTATION_RELATIONSHIP_WITH_TRANSFORMATION(#2110)
SHAPE_REPRESENTATION_RELATIONSHIP()
);
#2185=(
REPRESENTATION_RELATIONSHIP($,$,#4442,#4432)
REPRESENTATION_RELATIONSHIP_WITH_TRANSFORMATION(#2111)
SHAPE_REPRESENTATION_RELATIONSHIP()
);
#2186=(
REPRESENTATION_RELATIONSHIP($,$,#4443,#4432)
REPRESENTATION_RELATIONSHIP_WITH_TRANSFORMATION(#2112)
SHAPE_REPRESENTATION_RELATIONSHIP()
);
#2187=(
REPRESENTATION_RELATIONSHIP($,$,#4444,#4432)
REPRESENTATION_RELATIONSHIP_WITH_TRANSFORMATION(#2113)
SHAPE_REPRESENTATION_RELATIONSHIP()
);
#2188=(
REPRESENTATION_RELATIONSHIP($,$,#4439,#4433)
REPRESENTATION_RELATIONSHIP_WITH_TRANSFORMATION(#2114)
SHAPE_REPRESENTATION_RELATIONSHIP()
);
#2189=(
REPRESENTATION_RELATIONSHIP($,$,#4440,#4433)
REPRESENTATION_RELATIONSHIP_WITH_TRANSFORMATION(#2115)
SHAPE_REPRESENTATION_RELATIONSHIP()
);
#2190=(
REPRESENTATION_RELATIONSHIP($,$,#4441,#4433)
REPRESENTATION_RELATIONSHIP_WITH_TRANSFORMATION(#2116)
SHAPE_REPRESENTATION_RELATIONSHIP()
);
#2191=(
REPRESENTATION_RELATIONSHIP($,$,#4442,#4433)
REPRESENTATION_RELATIONSHIP_WITH_TRANSFORMATION(#2117)
SHAPE_REPRESENTATION_RELATIONSHIP()
);
#2192=(
REPRESENTATION_RELATIONSHIP($,$,#4443,#4433)
REPRESENTATION_RELATIONSHIP_WITH_TRANSFORMATION(#2118)
SHAPE_REPRESENTATION_RELATIONSHIP()
);
#2193=(
REPRESENTATION_RELATIONSHIP($,$,#4444,#4433)
REPRESENTATION_RELATIONSHIP_WITH_TRANSFORMATION(#2119)
SHAPE_REPRESENTATION_RELATIONSHIP()
);
#2194=(
REPRESENTATION_RELATIONSHIP($,$,#4439,#4434)
REPRESENTATION_RELATIONSHIP_WITH_TRANSFORMATION(#2120)
SHAPE_REPRESENTATION_RELATIONSHIP()
);
#2195=(
REPRESENTATION_RELATIONSHIP($,$,#4440,#4434)
REPRESENTATION_RELATIONSHIP_WITH_TRANSFORMATION(#2121)
SHAPE_REPRESENTATION_RELATIONSHIP()
);
#2196=(
REPRESENTATION_RELATIONSHIP($,$,#4441,#4434)
REPRESENTATION_RELATIONSHIP_WITH_TRANSFORMATION(#2122)
SHAPE_REPRESENTATION_RELATIONSHIP()
);
#2197=(
REPRESENTATION_RELATIONSHIP($,$,#4442,#4434)
REPRESENTATION_RELATIONSHIP_WITH_TRANSFORMATION(#2123)
SHAPE_REPRESENTATION_RELATIONSHIP()
);
#2198=(
REPRESENTATION_RELATIONSHIP($,$,#4443,#4434)
REPRESENTATION_RELATIONSHIP_WITH_TRANSFORMATION(#2124)
SHAPE_REPRESENTATION_RELATIONSHIP()
);
#2199=(
REPRESENTATION_RELATIONSHIP($,$,#4444,#4434)
REPRESENTATION_RELATIONSHIP_WITH_TRANSFORMATION(#2125)
SHAPE_REPRESENTATION_RELATIONSHIP()
);
#2200=(
REPRESENTATION_RELATIONSHIP($,$,#4439,#4435)
REPRESENTATION_RELATIONSHIP_WITH_TRANSFORMATION(#2126)
SHAPE_REPRESENTATION_RELATIONSHIP()
);
#2201=(
REPRESENTATION_RELATIONSHIP($,$,#4440,#4435)
REPRESENTATION_RELATIONSHIP_WITH_TRANSFORMATION(#2127)
SHAPE_REPRESENTATION_RELATIONSHIP()
);
#2202=(
REPRESENTATION_RELATIONSHIP($,$,#4441,#4435)
REPRESENTATION_RELATIONSHIP_WITH_TRANSFORMATION(#2128)
SHAPE_REPRESENTATION_RELATIONSHIP()
);
#2203=(
REPRESENTATION_RELATIONSHIP($,$,#4442,#4435)
REPRESENTATION_RELATIONSHIP_WITH_TRANSFORMATION(#2129)
SHAPE_REPRESENTATION_RELATIONSHIP()
);
#2204=(
REPRESENTATION_RELATIONSHIP($,$,#4443,#4435)
REPRESENTATION_RELATIONSHIP_WITH_TRANSFORMATION(#2130)
SHAPE_REPRESENTATION_RELATIONSHIP()
);
#2205=(
REPRESENTATION_RELATIONSHIP($,$,#4444,#4435)
REPRESENTATION_RELATIONSHIP_WITH_TRANSFORMATION(#2131)
SHAPE_REPRESENTATION_RELATIONSHIP()
);
#2206=(
REPRESENTATION_RELATIONSHIP($,$,#4439,#4436)
REPRESENTATION_RELATIONSHIP_WITH_TRANSFORMATION(#2132)
SHAPE_REPRESENTATION_RELATIONSHIP()
);
#2207=(
REPRESENTATION_RELATIONSHIP($,$,#4440,#4436)
REPRESENTATION_RELATIONSHIP_WITH_TRANSFORMATION(#2133)
SHAPE_REPRESENTATION_RELATIONSHIP()
);
#2208=(
REPRESENTATION_RELATIONSHIP($,$,#4441,#4436)
REPRESENTATION_RELATIONSHIP_WITH_TRANSFORMATION(#2134)
SHAPE_REPRESENTATION_RELATIONSHIP()
);
#2209=(
REPRESENTATION_RELATIONSHIP($,$,#4442,#4436)
REPRESENTATION_RELATIONSHIP_WITH_TRANSFORMATION(#2135)
SHAPE_REPRESENTATION_RELATIONSHIP()
);
#2210=(
REPRESENTATION_RELATIONSHIP($,$,#4443,#4436)
REPRESENTATION_RELATIONSHIP_WITH_TRANSFORMATION(#2136)
SHAPE_REPRESENTATION_RELATIONSHIP()
);
#2211=(
REPRESENTATION_RELATIONSHIP($,$,#4444,#4436)
REPRESENTATION_RELATIONSHIP_WITH_TRANSFORMATION(#2137)
SHAPE_REPRESENTATION_RELATIONSHIP()
);
#2212=(
REPRESENTATION_RELATIONSHIP($,$,#4439,#4437)
REPRESENTATION_RELATIONSHIP_WITH_TRANSFORMATION(#2138)
SHAPE_REPRESENTATION_RELATIONSHIP()
);
#2213=(
REPRESENTATION_RELATIONSHIP($,$,#4440,#4437)
REPRESENTATION_RELATIONSHIP_WITH_TRANSFORMATION(#2139)
SHAPE_REPRESENTATION_RELATIONSHIP()
);
#2214=(
REPRESENTATION_RELATIONSHIP($,$,#4441,#4437)
REPRESENTATION_RELATIONSHIP_WITH_TRANSFORMATION(#2140)
SHAPE_REPRESENTATION_RELATIONSHIP()
);
#2215=(
REPRESENTATION_RELATIONSHIP($,$,#4442,#4437)
REPRESENTATION_RELATIONSHIP_WITH_TRANSFORMATION(#2141)
SHAPE_REPRESENTATION_RELATIONSHIP()
);
#2216=(
REPRESENTATION_RELATIONSHIP($,$,#4443,#4437)
REPRESENTATION_RELATIONSHIP_WITH_TRANSFORMATION(#2142)
SHAPE_REPRESENTATION_RELATIONSHIP()
);
#2217=(
REPRESENTATION_RELATIONSHIP($,$,#4444,#4437)
REPRESENTATION_RELATIONSHIP_WITH_TRANSFORMATION(#2143)
SHAPE_REPRESENTATION_RELATIONSHIP()
);
#2218=(
REPRESENTATION_RELATIONSHIP($,$,#4439,#4438)
REPRESENTATION_RELATIONSHIP_WITH_TRANSFORMATION(#2144)
SHAPE_REPRESENTATION_RELATIONSHIP()
);
#2219=(
REPRESENTATION_RELATIONSHIP($,$,#4440,#4438)
REPRESENTATION_RELATIONSHIP_WITH_TRANSFORMATION(#2145)
SHAPE_REPRESENTATION_RELATIONSHIP()
);
#2220=(
REPRESENTATION_RELATIONSHIP($,$,#4441,#4438)
REPRESENTATION_RELATIONSHIP_WITH_TRANSFORMATION(#2146)
SHAPE_REPRESENTATION_RELATIONSHIP()
);
#2221=(
REPRESENTATION_RELATIONSHIP($,$,#4442,#4438)
REPRESENTATION_RELATIONSHIP_WITH_TRANSFORMATION(#2147)
SHAPE_REPRESENTATION_RELATIONSHIP()
);
#2222=(
REPRESENTATION_RELATIONSHIP($,$,#4443,#4438)
REPRESENTATION_RELATIONSHIP_WITH_TRANSFORMATION(#2148)
SHAPE_REPRESENTATION_RELATIONSHIP()
);
#2223=(
REPRESENTATION_RELATIONSHIP($,$,#4444,#4438)
REPRESENTATION_RELATIONSHIP_WITH_TRANSFORMATION(#2149)
SHAPE_REPRESENTATION_RELATIONSHIP()
);
#2224=(
REPRESENTATION_RELATIONSHIP($,$,#4428,#4427)
REPRESENTATION_RELATIONSHIP_WITH_TRANSFORMATION(#2150)
SHAPE_REPRESENTATION_RELATIONSHIP()
);
#2225=(
REPRESENTATION_RELATIONSHIP($,$,#4445,#4427)
REPRESENTATION_RELATIONSHIP_WITH_TRANSFORMATION(#2151)
SHAPE_REPRESENTATION_RELATIONSHIP()
);
#2226=(
REPRESENTATION_RELATIONSHIP($,$,#4429,#4427)
REPRESENTATION_RELATIONSHIP_WITH_TRANSFORMATION(#2152)
SHAPE_REPRESENTATION_RELATIONSHIP()
);
#2227=(
REPRESENTATION_RELATIONSHIP($,$,#4430,#4427)
REPRESENTATION_RELATIONSHIP_WITH_TRANSFORMATION(#2153)
SHAPE_REPRESENTATION_RELATIONSHIP()
);
#2228=(
REPRESENTATION_RELATIONSHIP($,$,#4431,#4427)
REPRESENTATION_RELATIONSHIP_WITH_TRANSFORMATION(#2154)
SHAPE_REPRESENTATION_RELATIONSHIP()
);
#2229=(
REPRESENTATION_RELATIONSHIP($,$,#4432,#4427)
REPRESENTATION_RELATIONSHIP_WITH_TRANSFORMATION(#2155)
SHAPE_REPRESENTATION_RELATIONSHIP()
);
#2230=(
REPRESENTATION_RELATIONSHIP($,$,#4433,#4427)
REPRESENTATION_RELATIONSHIP_WITH_TRANSFORMATION(#2156)
SHAPE_REPRESENTATION_RELATIONSHIP()
);
#2231=(
REPRESENTATION_RELATIONSHIP($,$,#4445,#4427)
REPRESENTATION_RELATIONSHIP_WITH_TRANSFORMATION(#2157)
SHAPE_REPRESENTATION_RELATIONSHIP()
);
#2232=(
REPRESENTATION_RELATIONSHIP($,$,#4434,#4427)
REPRESENTATION_RELATIONSHIP_WITH_TRANSFORMATION(#2158)
SHAPE_REPRESENTATION_RELATIONSHIP()
);
#2233=(
REPRESENTATION_RELATIONSHIP($,$,#4445,#4427)
REPRESENTATION_RELATIONSHIP_WITH_TRANSFORMATION(#2159)
SHAPE_REPRESENTATION_RELATIONSHIP()
);
#2234=(
REPRESENTATION_RELATIONSHIP($,$,#4435,#4427)
REPRESENTATION_RELATIONSHIP_WITH_TRANSFORMATION(#2160)
SHAPE_REPRESENTATION_RELATIONSHIP()
);
#2235=(
REPRESENTATION_RELATIONSHIP($,$,#4445,#4427)
REPRESENTATION_RELATIONSHIP_WITH_TRANSFORMATION(#2161)
SHAPE_REPRESENTATION_RELATIONSHIP()
);
#2236=(
REPRESENTATION_RELATIONSHIP($,$,#4436,#4427)
REPRESENTATION_RELATIONSHIP_WITH_TRANSFORMATION(#2162)
SHAPE_REPRESENTATION_RELATIONSHIP()
);
#2237=(
REPRESENTATION_RELATIONSHIP($,$,#4445,#4427)
REPRESENTATION_RELATIONSHIP_WITH_TRANSFORMATION(#2163)
SHAPE_REPRESENTATION_RELATIONSHIP()
);
#2238=(
REPRESENTATION_RELATIONSHIP($,$,#4445,#4427)
REPRESENTATION_RELATIONSHIP_WITH_TRANSFORMATION(#2164)
SHAPE_REPRESENTATION_RELATIONSHIP()
);
#2239=(
REPRESENTATION_RELATIONSHIP($,$,#4445,#4427)
REPRESENTATION_RELATIONSHIP_WITH_TRANSFORMATION(#2165)
SHAPE_REPRESENTATION_RELATIONSHIP()
);
#2240=(
REPRESENTATION_RELATIONSHIP($,$,#4445,#4427)
REPRESENTATION_RELATIONSHIP_WITH_TRANSFORMATION(#2166)
SHAPE_REPRESENTATION_RELATIONSHIP()
);
#2241=(
REPRESENTATION_RELATIONSHIP($,$,#4437,#4427)
REPRESENTATION_RELATIONSHIP_WITH_TRANSFORMATION(#2167)
SHAPE_REPRESENTATION_RELATIONSHIP()
);
#2242=(
REPRESENTATION_RELATIONSHIP($,$,#4438,#4427)
REPRESENTATION_RELATIONSHIP_WITH_TRANSFORMATION(#2168)
SHAPE_REPRESENTATION_RELATIONSHIP()
);
#2243=(
REPRESENTATION_RELATIONSHIP($,$,#4445,#4427)
REPRESENTATION_RELATIONSHIP_WITH_TRANSFORMATION(#2169)
SHAPE_REPRESENTATION_RELATIONSHIP()
);
#2244=CONTEXT_DEPENDENT_SHAPE_REPRESENTATION(#2170,#4352);
#2245=CONTEXT_DEPENDENT_SHAPE_REPRESENTATION(#2171,#4353);
#2246=CONTEXT_DEPENDENT_SHAPE_REPRESENTATION(#2172,#4354);
#2247=CONTEXT_DEPENDENT_SHAPE_REPRESENTATION(#2173,#4355);
#2248=CONTEXT_DEPENDENT_SHAPE_REPRESENTATION(#2174,#4356);
#2249=CONTEXT_DEPENDENT_SHAPE_REPRESENTATION(#2175,#4357);
#2250=CONTEXT_DEPENDENT_SHAPE_REPRESENTATION(#2176,#4358);
#2251=CONTEXT_DEPENDENT_SHAPE_REPRESENTATION(#2177,#4359);
#2252=CONTEXT_DEPENDENT_SHAPE_REPRESENTATION(#2178,#4360);
#2253=CONTEXT_DEPENDENT_SHAPE_REPRESENTATION(#2179,#4361);
#2254=CONTEXT_DEPENDENT_SHAPE_REPRESENTATION(#2180,#4362);
#2255=CONTEXT_DEPENDENT_SHAPE_REPRESENTATION(#2181,#4363);
#2256=CONTEXT_DEPENDENT_SHAPE_REPRESENTATION(#2182,#4364);
#2257=CONTEXT_DEPENDENT_SHAPE_REPRESENTATION(#2183,#4365);
#2258=CONTEXT_DEPENDENT_SHAPE_REPRESENTATION(#2184,#4366);
#2259=CONTEXT_DEPENDENT_SHAPE_REPRESENTATION(#2185,#4367);
#2260=CONTEXT_DEPENDENT_SHAPE_REPRESENTATION(#2186,#4368);
#2261=CONTEXT_DEPENDENT_SHAPE_REPRESENTATION(#2187,#4369);
#2262=CONTEXT_DEPENDENT_SHAPE_REPRESENTATION(#2188,#4370);
#2263=CONTEXT_DEPENDENT_SHAPE_REPRESENTATION(#2189,#4371);
#2264=CONTEXT_DEPENDENT_SHAPE_REPRESENTATION(#2190,#4372);
#2265=CONTEXT_DEPENDENT_SHAPE_REPRESENTATION(#2191,#4373);
#2266=CONTEXT_DEPENDENT_SHAPE_REPRESENTATION(#2192,#4374);
#2267=CONTEXT_DEPENDENT_SHAPE_REPRESENTATION(#2193,#4375);
#2268=CONTEXT_DEPENDENT_SHAPE_REPRESENTATION(#2194,#4376);
#2269=CONTEXT_DEPENDENT_SHAPE_REPRESENTATION(#2195,#4377);
#2270=CONTEXT_DEPENDENT_SHAPE_REPRESENTATION(#2196,#4378);
#2271=CONTEXT_DEPENDENT_SHAPE_REPRESENTATION(#2197,#4379);
#2272=CONTEXT_DEPENDENT_SHAPE_REPRESENTATION(#2198,#4380);
#2273=CONTEXT_DEPENDENT_SHAPE_REPRESENTATION(#2199,#4381);
#2274=CONTEXT_DEPENDENT_SHAPE_REPRESENTATION(#2200,#4382);
#2275=CONTEXT_DEPENDENT_SHAPE_REPRESENTATION(#2201,#4383);
#2276=CONTEXT_DEPENDENT_SHAPE_REPRESENTATION(#2202,#4384);
#2277=CONTEXT_DEPENDENT_SHAPE_REPRESENTATION(#2203,#4385);
#2278=CONTEXT_DEPENDENT_SHAPE_REPRESENTATION(#2204,#4386);
#2279=CONTEXT_DEPENDENT_SHAPE_REPRESENTATION(#2205,#4387);
#2280=CONTEXT_DEPENDENT_SHAPE_REPRESENTATION(#2206,#4388);
#2281=CONTEXT_DEPENDENT_SHAPE_REPRESENTATION(#2207,#4389);
#2282=CONTEXT_DEPENDENT_SHAPE_REPRESENTATION(#2208,#4390);
#2283=CONTEXT_DEPENDENT_SHAPE_REPRESENTATION(#2209,#4391);
#2284=CONTEXT_DEPENDENT_SHAPE_REPRESENTATION(#2210,#4392);
#2285=CONTEXT_DEPENDENT_SHAPE_REPRESENTATION(#2211,#4393);
#2286=CONTEXT_DEPENDENT_SHAPE_REPRESENTATION(#2212,#4394);
#2287=CONTEXT_DEPENDENT_SHAPE_REPRESENTATION(#2213,#4395);
#2288=CONTEXT_DEPENDENT_SHAPE_REPRESENTATION(#2214,#4396);
#2289=CONTEXT_DEPENDENT_SHAPE_REPRESENTATION(#2215,#4397);
#2290=CONTEXT_DEPENDENT_SHAPE_REPRESENTATION(#2216,#4398);
#2291=CONTEXT_DEPENDENT_SHAPE_REPRESENTATION(#2217,#4399);
#2292=CONTEXT_DEPENDENT_SHAPE_REPRESENTATION(#2218,#4400);
#2293=CONTEXT_DEPENDENT_SHAPE_REPRESENTATION(#2219,#4401);
#2294=CONTEXT_DEPENDENT_SHAPE_REPRESENTATION(#2220,#4402);
#2295=CONTEXT_DEPENDENT_SHAPE_REPRESENTATION(#2221,#4403);
#2296=CONTEXT_DEPENDENT_SHAPE_REPRESENTATION(#2222,#4404);
#2297=CONTEXT_DEPENDENT_SHAPE_REPRESENTATION(#2223,#4405);
#2298=CONTEXT_DEPENDENT_SHAPE_REPRESENTATION(#2224,#4407);
#2299=CONTEXT_DEPENDENT_SHAPE_REPRESENTATION(#2225,#4408);
#2300=CONTEXT_DEPENDENT_SHAPE_REPRESENTATION(#2226,#4409);
#2301=CONTEXT_DEPENDENT_SHAPE_REPRESENTATION(#2227,#4410);
#2302=CONTEXT_DEPENDENT_SHAPE_REPRESENTATION(#2228,#4411);
#2303=CONTEXT_DEPENDENT_SHAPE_REPRESENTATION(#2229,#4412);
#2304=CONTEXT_DEPENDENT_SHAPE_REPRESENTATION(#2230,#4413);
#2305=CONTEXT_DEPENDENT_SHAPE_REPRESENTATION(#2231,#4414);
#2306=CONTEXT_DEPENDENT_SHAPE_REPRESENTATION(#2232,#4415);
#2307=CONTEXT_DEPENDENT_SHAPE_REPRESENTATION(#2233,#4416);
#2308=CONTEXT_DEPENDENT_SHAPE_REPRESENTATION(#2234,#4417);
#2309=CONTEXT_DEPENDENT_SHAPE_REPRESENTATION(#2235,#4418);
#2310=CONTEXT_DEPENDENT_SHAPE_REPRESENTATION(#2236,#4419);
#2311=CONTEXT_DEPENDENT_SHAPE_REPRESENTATION(#2237,#4420);
#2312=CONTEXT_DEPENDENT_SHAPE_REPRESENTATION(#2238,#4421);
#2313=CONTEXT_DEPENDENT_SHAPE_REPRESENTATION(#2239,#4422);
#2314=CONTEXT_DEPENDENT_SHAPE_REPRESENTATION(#2240,#4423);
#2315=CONTEXT_DEPENDENT_SHAPE_REPRESENTATION(#2241,#4424);
#2316=CONTEXT_DEPENDENT_SHAPE_REPRESENTATION(#2242,#4425);
#2317=CONTEXT_DEPENDENT_SHAPE_REPRESENTATION(#2243,#4426);
#2318=NEXT_ASSEMBLY_USAGE_OCCURRENCE('MX_DOWN:1','MX_DOWN:1',
'MX_DOWN:1',#4448,#4459,'MX_DOWN:1');
#2319=NEXT_ASSEMBLY_USAGE_OCCURRENCE('MX_UP:1','MX_UP:1','MX_UP:1',#4448,
#4460,'MX_UP:1');
#2320=NEXT_ASSEMBLY_USAGE_OCCURRENCE('UP_MX:1','UP_MX:1','UP_MX:1',#4448,
#4461,'UP_MX:1');
#2321=NEXT_ASSEMBLY_USAGE_OCCURRENCE('MX_PIN:1','MX_PIN:1','MX_PIN:1',#4448,
#4462,'MX_PIN:1');
#2322=NEXT_ASSEMBLY_USAGE_OCCURRENCE('MX_SPRING:1','MX_SPRING:1',
'MX_SPRING:1',#4448,#4463,'MX_SPRING:1');
#2323=NEXT_ASSEMBLY_USAGE_OCCURRENCE('MX_CLICK:1','MX_CLICK:1',
'MX_CLICK:1',#4448,#4464,'MX_CLICK:1');
#2324=NEXT_ASSEMBLY_USAGE_OCCURRENCE('MX_DOWN:1','MX_DOWN:1',
'MX_DOWN:1',#4451,#4459,'MX_DOWN:1');
#2325=NEXT_ASSEMBLY_USAGE_OCCURRENCE('MX_UP:1','MX_UP:1','MX_UP:1',#4451,
#4460,'MX_UP:1');
#2326=NEXT_ASSEMBLY_USAGE_OCCURRENCE('UP_MX:1','UP_MX:1','UP_MX:1',#4451,
#4461,'UP_MX:1');
#2327=NEXT_ASSEMBLY_USAGE_OCCURRENCE('MX_PIN:1','MX_PIN:1','MX_PIN:1',#4451,
#4462,'MX_PIN:1');
#2328=NEXT_ASSEMBLY_USAGE_OCCURRENCE('MX_SPRING:1','MX_SPRING:1',
'MX_SPRING:1',#4451,#4463,'MX_SPRING:1');
#2329=NEXT_ASSEMBLY_USAGE_OCCURRENCE('MX_CLICK:1','MX_CLICK:1',
'MX_CLICK:1',#4451,#4464,'MX_CLICK:1');
#2330=NEXT_ASSEMBLY_USAGE_OCCURRENCE('MX_DOWN:1','MX_DOWN:1',
'MX_DOWN:1',#4452,#4459,'MX_DOWN:1');
#2331=NEXT_ASSEMBLY_USAGE_OCCURRENCE('MX_UP:1','MX_UP:1','MX_UP:1',#4452,
#4460,'MX_UP:1');
#2332=NEXT_ASSEMBLY_USAGE_OCCURRENCE('UP_MX:1','UP_MX:1','UP_MX:1',#4452,
#4461,'UP_MX:1');
#2333=NEXT_ASSEMBLY_USAGE_OCCURRENCE('MX_PIN:1','MX_PIN:1','MX_PIN:1',#4452,
#4462,'MX_PIN:1');
#2334=NEXT_ASSEMBLY_USAGE_OCCURRENCE('MX_SPRING:1','MX_SPRING:1',
'MX_SPRING:1',#4452,#4463,'MX_SPRING:1');
#2335=NEXT_ASSEMBLY_USAGE_OCCURRENCE('MX_CLICK:1','MX_CLICK:1',
'MX_CLICK:1',#4452,#4464,'MX_CLICK:1');
#2336=NEXT_ASSEMBLY_USAGE_OCCURRENCE('MX_DOWN:1','MX_DOWN:1',
'MX_DOWN:1',#4453,#4459,'MX_DOWN:1');
#2337=NEXT_ASSEMBLY_USAGE_OCCURRENCE('MX_UP:1','MX_UP:1','MX_UP:1',#4453,
#4460,'MX_UP:1');
#2338=NEXT_ASSEMBLY_USAGE_OCCURRENCE('UP_MX:1','UP_MX:1','UP_MX:1',#4453,
#4461,'UP_MX:1');
#2339=NEXT_ASSEMBLY_USAGE_OCCURRENCE('MX_PIN:1','MX_PIN:1','MX_PIN:1',#4453,
#4462,'MX_PIN:1');
#2340=NEXT_ASSEMBLY_USAGE_OCCURRENCE('MX_SPRING:1','MX_SPRING:1',
'MX_SPRING:1',#4453,#4463,'MX_SPRING:1');
#2341=NEXT_ASSEMBLY_USAGE_OCCURRENCE('MX_CLICK:1','MX_CLICK:1',
'MX_CLICK:1',#4453,#4464,'MX_CLICK:1');
#2342=NEXT_ASSEMBLY_USAGE_OCCURRENCE('MX_DOWN:1','MX_DOWN:1',
'MX_DOWN:1',#4454,#4459,'MX_DOWN:1');
#2343=NEXT_ASSEMBLY_USAGE_OCCURRENCE('MX_UP:1','MX_UP:1','MX_UP:1',#4454,
#4460,'MX_UP:1');
#2344=NEXT_ASSEMBLY_USAGE_OCCURRENCE('UP_MX:1','UP_MX:1','UP_MX:1',#4454,
#4461,'UP_MX:1');
#2345=NEXT_ASSEMBLY_USAGE_OCCURRENCE('MX_PIN:1','MX_PIN:1','MX_PIN:1',#4454,
#4462,'MX_PIN:1');
#2346=NEXT_ASSEMBLY_USAGE_OCCURRENCE('MX_SPRING:1','MX_SPRING:1',
'MX_SPRING:1',#4454,#4463,'MX_SPRING:1');
#2347=NEXT_ASSEMBLY_USAGE_OCCURRENCE('MX_CLICK:1','MX_CLICK:1',
'MX_CLICK:1',#4454,#4464,'MX_CLICK:1');
#2348=NEXT_ASSEMBLY_USAGE_OCCURRENCE('MX_DOWN:1','MX_DOWN:1',
'MX_DOWN:1',#4455,#4459,'MX_DOWN:1');
#2349=NEXT_ASSEMBLY_USAGE_OCCURRENCE('MX_UP:1','MX_UP:1','MX_UP:1',#4455,
#4460,'MX_UP:1');
#2350=NEXT_ASSEMBLY_USAGE_OCCURRENCE('UP_MX:1','UP_MX:1','UP_MX:1',#4455,
#4461,'UP_MX:1');
#2351=NEXT_ASSEMBLY_USAGE_OCCURRENCE('MX_PIN:1','MX_PIN:1','MX_PIN:1',#4455,
#4462,'MX_PIN:1');
#2352=NEXT_ASSEMBLY_USAGE_OCCURRENCE('MX_SPRING:1','MX_SPRING:1',
'MX_SPRING:1',#4455,#4463,'MX_SPRING:1');
#2353=NEXT_ASSEMBLY_USAGE_OCCURRENCE('MX_CLICK:1','MX_CLICK:1',
'MX_CLICK:1',#4455,#4464,'MX_CLICK:1');
#2354=NEXT_ASSEMBLY_USAGE_OCCURRENCE('MX_DOWN:1','MX_DOWN:1',
'MX_DOWN:1',#4456,#4459,'MX_DOWN:1');
#2355=NEXT_ASSEMBLY_USAGE_OCCURRENCE('MX_UP:1','MX_UP:1','MX_UP:1',#4456,
#4460,'MX_UP:1');
#2356=NEXT_ASSEMBLY_USAGE_OCCURRENCE('UP_MX:1','UP_MX:1','UP_MX:1',#4456,
#4461,'UP_MX:1');
#2357=NEXT_ASSEMBLY_USAGE_OCCURRENCE('MX_PIN:1','MX_PIN:1','MX_PIN:1',#4456,
#4462,'MX_PIN:1');
#2358=NEXT_ASSEMBLY_USAGE_OCCURRENCE('MX_SPRING:1','MX_SPRING:1',
'MX_SPRING:1',#4456,#4463,'MX_SPRING:1');
#2359=NEXT_ASSEMBLY_USAGE_OCCURRENCE('MX_CLICK:1','MX_CLICK:1',
'MX_CLICK:1',#4456,#4464,'MX_CLICK:1');
#2360=NEXT_ASSEMBLY_USAGE_OCCURRENCE('MX_DOWN:1','MX_DOWN:1',
'MX_DOWN:1',#4457,#4459,'MX_DOWN:1');
#2361=NEXT_ASSEMBLY_USAGE_OCCURRENCE('MX_UP:1','MX_UP:1','MX_UP:1',#4457,
#4460,'MX_UP:1');
#2362=NEXT_ASSEMBLY_USAGE_OCCURRENCE('UP_MX:1','UP_MX:1','UP_MX:1',#4457,
#4461,'UP_MX:1');
#2363=NEXT_ASSEMBLY_USAGE_OCCURRENCE('MX_PIN:1','MX_PIN:1','MX_PIN:1',#4457,
#4462,'MX_PIN:1');
#2364=NEXT_ASSEMBLY_USAGE_OCCURRENCE('MX_SPRING:1','MX_SPRING:1',
'MX_SPRING:1',#4457,#4463,'MX_SPRING:1');
#2365=NEXT_ASSEMBLY_USAGE_OCCURRENCE('MX_CLICK:1','MX_CLICK:1',
'MX_CLICK:1',#4457,#4464,'MX_CLICK:1');
#2366=NEXT_ASSEMBLY_USAGE_OCCURRENCE('MX_DOWN:1','MX_DOWN:1',
'MX_DOWN:1',#4458,#4459,'MX_DOWN:1');
#2367=NEXT_ASSEMBLY_USAGE_OCCURRENCE('MX_UP:1','MX_UP:1','MX_UP:1',#4458,
#4460,'MX_UP:1');
#2368=NEXT_ASSEMBLY_USAGE_OCCURRENCE('UP_MX:1','UP_MX:1','UP_MX:1',#4458,
#4461,'UP_MX:1');
#2369=NEXT_ASSEMBLY_USAGE_OCCURRENCE('MX_PIN:1','MX_PIN:1','MX_PIN:1',#4458,
#4462,'MX_PIN:1');
#2370=NEXT_ASSEMBLY_USAGE_OCCURRENCE('MX_SPRING:1','MX_SPRING:1',
'MX_SPRING:1',#4458,#4463,'MX_SPRING:1');
#2371=NEXT_ASSEMBLY_USAGE_OCCURRENCE('MX_CLICK:1','MX_CLICK:1',
'MX_CLICK:1',#4458,#4464,'MX_CLICK:1');
#2372=NEXT_ASSEMBLY_USAGE_OCCURRENCE('SW_Cherry_MX_1.00u_PCB:1',
'SW_Cherry_MX_1.00u_PCB:1','SW_Cherry_MX_1.00u_PCB:1',#4447,#4448,
'SW_Cherry_MX_1.00u_PCB:1');
#2373=NEXT_ASSEMBLY_USAGE_OCCURRENCE(
'D_DO-35_SOD27_P7.62mm_Horizontal:1',
'D_DO-35_SOD27_P7.62mm_Horizontal:1',
'D_DO-35_SOD27_P7.62mm_Horizontal:1',#4447,#4465,
'D_DO-35_SOD27_P7.62mm_Horizontal:1');
#2374=NEXT_ASSEMBLY_USAGE_OCCURRENCE('Seeed Studio XIAO RP2040 v26:1',
'Seeed Studio XIAO RP2040 v26:1','Seeed Studio XIAO RP2040 v26:1',#4447,
#4449,'Seeed Studio XIAO RP2040 v26:1');
#2375=NEXT_ASSEMBLY_USAGE_OCCURRENCE('Blandpad_PCB:1','Blandpad_PCB:1',
'Blandpad_PCB:1',#4447,#4450,'Blandpad_PCB:1');
#2376=NEXT_ASSEMBLY_USAGE_OCCURRENCE('SW_Cherry_MX_1.00u_PCB:2',
'SW_Cherry_MX_1.00u_PCB:2','SW_Cherry_MX_1.00u_PCB:2',#4447,#4451,
'SW_Cherry_MX_1.00u_PCB:2');
#2377=NEXT_ASSEMBLY_USAGE_OCCURRENCE('SW_Cherry_MX_1.00u_PCB:3',
'SW_Cherry_MX_1.00u_PCB:3','SW_Cherry_MX_1.00u_PCB:3',#4447,#4452,
'SW_Cherry_MX_1.00u_PCB:3');
#2378=NEXT_ASSEMBLY_USAGE_OCCURRENCE('SW_Cherry_MX_1.00u_PCB:4',
'SW_Cherry_MX_1.00u_PCB:4','SW_Cherry_MX_1.00u_PCB:4',#4447,#4453,
'SW_Cherry_MX_1.00u_PCB:4');
#2379=NEXT_ASSEMBLY_USAGE_OCCURRENCE(
'D_DO-35_SOD27_P7.62mm_Horizontal:2',
'D_DO-35_SOD27_P7.62mm_Horizontal:2',
'D_DO-35_SOD27_P7.62mm_Horizontal:2',#4447,#4465,
'D_DO-35_SOD27_P7.62mm_Horizontal:2');
#2380=NEXT_ASSEMBLY_USAGE_OCCURRENCE('SW_Cherry_MX_1.00u_PCB:5',
'SW_Cherry_MX_1.00u_PCB:5','SW_Cherry_MX_1.00u_PCB:5',#4447,#4454,
'SW_Cherry_MX_1.00u_PCB:5');
#2381=NEXT_ASSEMBLY_USAGE_OCCURRENCE(
'D_DO-35_SOD27_P7.62mm_Horizontal:3',
'D_DO-35_SOD27_P7.62mm_Horizontal:3',
'D_DO-35_SOD27_P7.62mm_Horizontal:3',#4447,#4465,
'D_DO-35_SOD27_P7.62mm_Horizontal:3');
#2382=NEXT_ASSEMBLY_USAGE_OCCURRENCE('SW_Cherry_MX_1.00u_PCB:6',
'SW_Cherry_MX_1.00u_PCB:6','SW_Cherry_MX_1.00u_PCB:6',#4447,#4455,
'SW_Cherry_MX_1.00u_PCB:6');
#2383=NEXT_ASSEMBLY_USAGE_OCCURRENCE(
'D_DO-35_SOD27_P7.62mm_Horizontal:4',
'D_DO-35_SOD27_P7.62mm_Horizontal:4',
'D_DO-35_SOD27_P7.62mm_Horizontal:4',#4447,#4465,
'D_DO-35_SOD27_P7.62mm_Horizontal:4');
#2384=NEXT_ASSEMBLY_USAGE_OCCURRENCE('SW_Cherry_MX_1.00u_PCB:7',
'SW_Cherry_MX_1.00u_PCB:7','SW_Cherry_MX_1.00u_PCB:7',#4447,#4456,
'SW_Cherry_MX_1.00u_PCB:7');
#2385=NEXT_ASSEMBLY_USAGE_OCCURRENCE(
'D_DO-35_SOD27_P7.62mm_Horizontal:5',
'D_DO-35_SOD27_P7.62mm_Horizontal:5',
'D_DO-35_SOD27_P7.62mm_Horizontal:5',#4447,#4465,
'D_DO-35_SOD27_P7.62mm_Horizontal:5');
#2386=NEXT_ASSEMBLY_USAGE_OCCURRENCE(
'D_DO-35_SOD27_P7.62mm_Horizontal:6',
'D_DO-35_SOD27_P7.62mm_Horizontal:6',
'D_DO-35_SOD27_P7.62mm_Horizontal:6',#4447,#4465,
'D_DO-35_SOD27_P7.62mm_Horizontal:6');
#2387=NEXT_ASSEMBLY_USAGE_OCCURRENCE(
'D_DO-35_SOD27_P7.62mm_Horizontal:7',
'D_DO-35_SOD27_P7.62mm_Horizontal:7',
'D_DO-35_SOD27_P7.62mm_Horizontal:7',#4447,#4465,
'D_DO-35_SOD27_P7.62mm_Horizontal:7');
#2388=NEXT_ASSEMBLY_USAGE_OCCURRENCE(
'D_DO-35_SOD27_P7.62mm_Horizontal:8',
'D_DO-35_SOD27_P7.62mm_Horizontal:8',
'D_DO-35_SOD27_P7.62mm_Horizontal:8',#4447,#4465,
'D_DO-35_SOD27_P7.62mm_Horizontal:8');
#2389=NEXT_ASSEMBLY_USAGE_OCCURRENCE('SW_Cherry_MX_1.00u_PCB:8',
'SW_Cherry_MX_1.00u_PCB:8','SW_Cherry_MX_1.00u_PCB:8',#4447,#4457,
'SW_Cherry_MX_1.00u_PCB:8');
#2390=NEXT_ASSEMBLY_USAGE_OCCURRENCE('SW_Cherry_MX_1.00u_PCB:9',
'SW_Cherry_MX_1.00u_PCB:9','SW_Cherry_MX_1.00u_PCB:9',#4447,#4458,
'SW_Cherry_MX_1.00u_PCB:9');
#2391=NEXT_ASSEMBLY_USAGE_OCCURRENCE(
'D_DO-35_SOD27_P7.62mm_Horizontal:9',
'D_DO-35_SOD27_P7.62mm_Horizontal:9',
'D_DO-35_SOD27_P7.62mm_Horizontal:9',#4447,#4465,
'D_DO-35_SOD27_P7.62mm_Horizontal:9');
#2392=DERIVED_UNIT_ELEMENT(#2410,1.);
#2393=DERIVED_UNIT_ELEMENT(#4312,-3.);
#2394=DERIVED_UNIT_ELEMENT(#2410,1.);
#2395=DERIVED_UNIT_ELEMENT(#4312,-3.);
#2396=DERIVED_UNIT_ELEMENT(#2410,1.);
#2397=DERIVED_UNIT_ELEMENT(#4312,-3.);
#2398=DERIVED_UNIT_ELEMENT(#2410,1.);
#2399=DERIVED_UNIT_ELEMENT(#4312,-3.);
#2400=DERIVED_UNIT_ELEMENT(#2410,1.);
#2401=DERIVED_UNIT_ELEMENT(#4312,-3.);
#2402=DERIVED_UNIT_ELEMENT(#2410,1.);
#2403=DERIVED_UNIT_ELEMENT(#4312,-3.);
#2404=DERIVED_UNIT_ELEMENT(#2410,1.);
#2405=DERIVED_UNIT_ELEMENT(#4312,-3.);
#2406=DERIVED_UNIT_ELEMENT(#2410,1.);
#2407=DERIVED_UNIT_ELEMENT(#4312,-3.);
#2408=DERIVED_UNIT_ELEMENT(#2410,1.);
#2409=DERIVED_UNIT_ELEMENT(#4312,-3.);
#2410=(
MASS_UNIT()
NAMED_UNIT(*)
SI_UNIT(.KILO.,.GRAM.)
);
#2411=DERIVED_UNIT((#2392,#2393));
#2412=DERIVED_UNIT((#2394,#2395));
#2413=DERIVED_UNIT((#2396,#2397));
#2414=DERIVED_UNIT((#2398,#2399));
#2415=DERIVED_UNIT((#2400,#2401));
#2416=DERIVED_UNIT((#2402,#2403));
#2417=DERIVED_UNIT((#2404,#2405));
#2418=DERIVED_UNIT((#2406,#2407));
#2419=DERIVED_UNIT((#2408,#2409));
#2420=MEASURE_REPRESENTATION_ITEM('density measure',
POSITIVE_RATIO_MEASURE(7850.),#2411);
#2421=MEASURE_REPRESENTATION_ITEM('density measure',
POSITIVE_RATIO_MEASURE(7850.),#2412);
#2422=MEASURE_REPRESENTATION_ITEM('density measure',
POSITIVE_RATIO_MEASURE(7850.),#2413);
#2423=MEASURE_REPRESENTATION_ITEM('density measure',
POSITIVE_RATIO_MEASURE(7850.),#2414);
#2424=MEASURE_REPRESENTATION_ITEM('density measure',
POSITIVE_RATIO_MEASURE(7850.),#2415);
#2425=MEASURE_REPRESENTATION_ITEM('density measure',
POSITIVE_RATIO_MEASURE(7850.),#2416);
#2426=MEASURE_REPRESENTATION_ITEM('density measure',
POSITIVE_RATIO_MEASURE(7850.),#2417);
#2427=MEASURE_REPRESENTATION_ITEM('density measure',
POSITIVE_RATIO_MEASURE(7850.),#2418);
#2428=MEASURE_REPRESENTATION_ITEM('density measure',
POSITIVE_RATIO_MEASURE(7850.),#2419);
#2429=PROPERTY_DEFINITION_REPRESENTATION(#2474,#2447);
#2430=PROPERTY_DEFINITION_REPRESENTATION(#2475,#2448);
#2431=PROPERTY_DEFINITION_REPRESENTATION(#2476,#2449);
#2432=PROPERTY_DEFINITION_REPRESENTATION(#2477,#2450);
#2433=PROPERTY_DEFINITION_REPRESENTATION(#2478,#2451);
#2434=PROPERTY_DEFINITION_REPRESENTATION(#2479,#2452);
#2435=PROPERTY_DEFINITION_REPRESENTATION(#2480,#2453);
#2436=PROPERTY_DEFINITION_REPRESENTATION(#2481,#2454);
#2437=PROPERTY_DEFINITION_REPRESENTATION(#2482,#2455);
#2438=PROPERTY_DEFINITION_REPRESENTATION(#2483,#2456);
#2439=PROPERTY_DEFINITION_REPRESENTATION(#2484,#2457);
#2440=PROPERTY_DEFINITION_REPRESENTATION(#2485,#2458);
#2441=PROPERTY_DEFINITION_REPRESENTATION(#2486,#2459);
#2442=PROPERTY_DEFINITION_REPRESENTATION(#2487,#2460);
#2443=PROPERTY_DEFINITION_REPRESENTATION(#2488,#2461);
#2444=PROPERTY_DEFINITION_REPRESENTATION(#2489,#2462);
#2445=PROPERTY_DEFINITION_REPRESENTATION(#2490,#2463);
#2446=PROPERTY_DEFINITION_REPRESENTATION(#2491,#2464);
#2447=REPRESENTATION('material name',(#2465),#4293);
#2448=REPRESENTATION('density',(#2420),#4293);
#2449=REPRESENTATION('material name',(#2466),#4294);
#2450=REPRESENTATION('density',(#2421),#4294);
#2451=REPRESENTATION('material name',(#2467),#4303);
#2452=REPRESENTATION('density',(#2422),#4303);
#2453=REPRESENTATION('material name',(#2468),#4304);
#2454=REPRESENTATION('density',(#2423),#4304);
#2455=REPRESENTATION('material name',(#2469),#4305);
#2456=REPRESENTATION('density',(#2424),#4305);
#2457=REPRESENTATION('material name',(#2470),#4306);
#2458=REPRESENTATION('density',(#2425),#4306);
#2459=REPRESENTATION('material name',(#2471),#4307);
#2460=REPRESENTATION('density',(#2426),#4307);
#2461=REPRESENTATION('material name',(#2472),#4308);
#2462=REPRESENTATION('density',(#2427),#4308);
#2463=REPRESENTATION('material name',(#2473),#4309);
#2464=REPRESENTATION('density',(#2428),#4309);
#2465=DESCRIPTIVE_REPRESENTATION_ITEM('Steel','Steel');
#2466=DESCRIPTIVE_REPRESENTATION_ITEM('Steel','Steel');
#2467=DESCRIPTIVE_REPRESENTATION_ITEM('Steel','Steel');
#2468=DESCRIPTIVE_REPRESENTATION_ITEM('Steel','Steel');
#2469=DESCRIPTIVE_REPRESENTATION_ITEM('Steel','Steel');
#2470=DESCRIPTIVE_REPRESENTATION_ITEM('Steel','Steel');
#2471=DESCRIPTIVE_REPRESENTATION_ITEM('Steel','Steel');
#2472=DESCRIPTIVE_REPRESENTATION_ITEM('Steel','Steel');
#2473=DESCRIPTIVE_REPRESENTATION_ITEM('Steel','Steel');
#2474=PROPERTY_DEFINITION('material property','material name',#4449);
#2475=PROPERTY_DEFINITION('material property','density of part',#4449);
#2476=PROPERTY_DEFINITION('material property','material name',#4450);
#2477=PROPERTY_DEFINITION('material property','density of part',#4450);
#2478=PROPERTY_DEFINITION('material property','material name',#4459);
#2479=PROPERTY_DEFINITION('material property','density of part',#4459);
#2480=PROPERTY_DEFINITION('material property','material name',#4460);
#2481=PROPERTY_DEFINITION('material property','density of part',#4460);
#2482=PROPERTY_DEFINITION('material property','material name',#4461);
#2483=PROPERTY_DEFINITION('material property','density of part',#4461);
#2484=PROPERTY_DEFINITION('material property','material name',#4462);
#2485=PROPERTY_DEFINITION('material property','density of part',#4462);
#2486=PROPERTY_DEFINITION('material property','material name',#4463);
#2487=PROPERTY_DEFINITION('material property','density of part',#4463);
#2488=PROPERTY_DEFINITION('material property','material name',#4464);
#2489=PROPERTY_DEFINITION('material property','density of part',#4464);
#2490=PROPERTY_DEFINITION('material property','material name',#4465);
#2491=PROPERTY_DEFINITION('material property','density of part',#4465);
#2492=AXIS2_PLACEMENT_3D('',#3571,#2782,#2783);
#2493=AXIS2_PLACEMENT_3D('',#3572,#2784,#2785);
#2494=AXIS2_PLACEMENT_3D('',#3573,#2786,#2787);
#2495=AXIS2_PLACEMENT_3D('',#3574,#2788,#2789);
#2496=AXIS2_PLACEMENT_3D('',#3575,#2790,#2791);
#2497=AXIS2_PLACEMENT_3D('',#3576,#2792,#2793);
#2498=AXIS2_PLACEMENT_3D('',#3577,#2794,#2795);
#2499=AXIS2_PLACEMENT_3D('',#3578,#2796,#2797);
#2500=AXIS2_PLACEMENT_3D('',#3579,#2798,#2799);
#2501=AXIS2_PLACEMENT_3D('',#3580,#2800,#2801);
#2502=AXIS2_PLACEMENT_3D('',#3581,#2802,#2803);
#2503=AXIS2_PLACEMENT_3D('',#3582,#2804,#2805);
#2504=AXIS2_PLACEMENT_3D('',#3583,#2806,#2807);
#2505=AXIS2_PLACEMENT_3D('',#3584,#2808,#2809);
#2506=AXIS2_PLACEMENT_3D('',#3585,#2810,#2811);
#2507=AXIS2_PLACEMENT_3D('',#3586,#2812,#2813);
#2508=AXIS2_PLACEMENT_3D('',#3587,#2814,#2815);
#2509=AXIS2_PLACEMENT_3D('',#3588,#2816,#2817);
#2510=AXIS2_PLACEMENT_3D('',#3589,#2818,#2819);
#2511=AXIS2_PLACEMENT_3D('',#3590,#2820,#2821);
#2512=AXIS2_PLACEMENT_3D('',#3591,#2822,#2823);
#2513=AXIS2_PLACEMENT_3D('',#3592,#2824,#2825);
#2514=AXIS2_PLACEMENT_3D('',#3593,#2826,#2827);
#2515=AXIS2_PLACEMENT_3D('',#3594,#2828,#2829);
#2516=AXIS2_PLACEMENT_3D('',#3595,#2830,#2831);
#2517=AXIS2_PLACEMENT_3D('',#3596,#2832,#2833);
#2518=AXIS2_PLACEMENT_3D('',#3597,#2834,#2835);
#2519=AXIS2_PLACEMENT_3D('',#3598,#2836,#2837);
#2520=AXIS2_PLACEMENT_3D('',#3599,#2838,#2839);
#2521=AXIS2_PLACEMENT_3D('',#3600,#2840,#2841);
#2522=AXIS2_PLACEMENT_3D('',#3601,#2842,#2843);
#2523=AXIS2_PLACEMENT_3D('',#3602,#2844,#2845);
#2524=AXIS2_PLACEMENT_3D('',#3603,#2846,#2847);
#2525=AXIS2_PLACEMENT_3D('',#3604,#2848,#2849);
#2526=AXIS2_PLACEMENT_3D('',#3605,#2850,#2851);
#2527=AXIS2_PLACEMENT_3D('',#3606,#2852,#2853);
#2528=AXIS2_PLACEMENT_3D('',#3607,#2854,#2855);
#2529=AXIS2_PLACEMENT_3D('',#3608,#2856,#2857);
#2530=AXIS2_PLACEMENT_3D('',#3609,#2858,#2859);
#2531=AXIS2_PLACEMENT_3D('',#3610,#2860,#2861);
#2532=AXIS2_PLACEMENT_3D('',#3611,#2862,#2863);
#2533=AXIS2_PLACEMENT_3D('',#3612,#2864,#2865);
#2534=AXIS2_PLACEMENT_3D('',#3613,#2866,#2867);
#2535=AXIS2_PLACEMENT_3D('',#3614,#2868,#2869);
#2536=AXIS2_PLACEMENT_3D('',#3615,#2870,#2871);
#2537=AXIS2_PLACEMENT_3D('',#3616,#2872,#2873);
#2538=AXIS2_PLACEMENT_3D('',#3617,#2874,#2875);
#2539=AXIS2_PLACEMENT_3D('',#3618,#2876,#2877);
#2540=AXIS2_PLACEMENT_3D('',#3619,#2878,#2879);
#2541=AXIS2_PLACEMENT_3D('',#3620,#2880,#2881);
#2542=AXIS2_PLACEMENT_3D('',#3621,#2882,#2883);
#2543=AXIS2_PLACEMENT_3D('',#3622,#2884,#2885);
#2544=AXIS2_PLACEMENT_3D('',#3623,#2886,#2887);
#2545=AXIS2_PLACEMENT_3D('',#3624,#2888,#2889);
#2546=AXIS2_PLACEMENT_3D('',#3625,#2890,#2891);
#2547=AXIS2_PLACEMENT_3D('',#3626,#2892,#2893);
#2548=AXIS2_PLACEMENT_3D('',#3627,#2894,#2895);
#2549=AXIS2_PLACEMENT_3D('',#3628,#2896,#2897);
#2550=AXIS2_PLACEMENT_3D('',#3629,#2898,#2899);
#2551=AXIS2_PLACEMENT_3D('',#3630,#2900,#2901);
#2552=AXIS2_PLACEMENT_3D('',#3631,#2902,#2903);
#2553=AXIS2_PLACEMENT_3D('',#3632,#2904,#2905);
#2554=AXIS2_PLACEMENT_3D('',#3633,#2906,#2907);
#2555=AXIS2_PLACEMENT_3D('',#3634,#2908,#2909);
#2556=AXIS2_PLACEMENT_3D('',#3635,#2910,#2911);
#2557=AXIS2_PLACEMENT_3D('',#3636,#2912,#2913);
#2558=AXIS2_PLACEMENT_3D('',#3637,#2914,#2915);
#2559=AXIS2_PLACEMENT_3D('',#3638,#2916,#2917);
#2560=AXIS2_PLACEMENT_3D('',#3639,#2918,#2919);
#2561=AXIS2_PLACEMENT_3D('',#3640,#2920,#2921);
#2562=AXIS2_PLACEMENT_3D('',#3641,#2922,#2923);
#2563=AXIS2_PLACEMENT_3D('',#3642,#2924,#2925);
#2564=AXIS2_PLACEMENT_3D('',#3643,#2926,#2927);
#2565=AXIS2_PLACEMENT_3D('',#3644,#2928,#2929);
#2566=AXIS2_PLACEMENT_3D('',#3646,#2930,#2931);
#2567=AXIS2_PLACEMENT_3D('',#3649,#2933,#2934);
#2568=AXIS2_PLACEMENT_3D('',#3650,#2935,#2936);
#2569=AXIS2_PLACEMENT_3D('',#3651,#2937,#2938);
#2570=AXIS2_PLACEMENT_3D('',#3653,#2939,#2940);
#2571=AXIS2_PLACEMENT_3D('',#3656,#2942,#2943);
#2572=AXIS2_PLACEMENT_3D('',#3657,#2944,#2945);
#2573=AXIS2_PLACEMENT_3D('',#3658,#2946,#2947);
#2574=AXIS2_PLACEMENT_3D('',#3660,#2948,#2949);
#2575=AXIS2_PLACEMENT_3D('',#3663,#2951,#2952);
#2576=AXIS2_PLACEMENT_3D('',#3664,#2953,#2954);
#2577=AXIS2_PLACEMENT_3D('',#3665,#2955,#2956);
#2578=AXIS2_PLACEMENT_3D('',#3667,#2957,#2958);
#2579=AXIS2_PLACEMENT_3D('',#3670,#2960,#2961);
#2580=AXIS2_PLACEMENT_3D('',#3671,#2962,#2963);
#2581=AXIS2_PLACEMENT_3D('',#3672,#2964,#2965);
#2582=AXIS2_PLACEMENT_3D('',#3681,#2970,#2971);
#2583=AXIS2_PLACEMENT_3D('',#3684,#2972,#2973);
#2584=AXIS2_PLACEMENT_3D('',#3688,#2975,#2976);
#2585=AXIS2_PLACEMENT_3D('',#3692,#2978,#2979);
#2586=AXIS2_PLACEMENT_3D('',#3696,#2981,#2982);
#2587=AXIS2_PLACEMENT_3D('',#3703,#2987,#2988);
#2588=AXIS2_PLACEMENT_3D('',#3712,#2993,#2994);
#2589=AXIS2_PLACEMENT_3D('',#3723,#3001,#3002);
#2590=AXIS2_PLACEMENT_3D('',#3725,#3004,#3005);
#2591=AXIS2_PLACEMENT_3D('',#3738,#3012,#3013);
#2592=AXIS2_PLACEMENT_3D('',#3742,#3015,#3016);
#2593=AXIS2_PLACEMENT_3D('',#3746,#3018,#3019);
#2594=AXIS2_PLACEMENT_3D('',#3750,#3021,#3022);
#2595=AXIS2_PLACEMENT_3D('',#3754,#3024,#3025);
#2596=AXIS2_PLACEMENT_3D('',#3758,#3027,#3028);
#2597=AXIS2_PLACEMENT_3D('',#3762,#3030,#3031);
#2598=AXIS2_PLACEMENT_3D('',#3766,#3033,#3034);
#2599=AXIS2_PLACEMENT_3D('',#3770,#3036,#3037);
#2600=AXIS2_PLACEMENT_3D('',#3774,#3039,#3040);
#2601=AXIS2_PLACEMENT_3D('',#3778,#3042,#3043);
#2602=AXIS2_PLACEMENT_3D('',#3782,#3045,#3046);
#2603=AXIS2_PLACEMENT_3D('',#3786,#3048,#3049);
#2604=AXIS2_PLACEMENT_3D('',#3790,#3051,#3052);
#2605=AXIS2_PLACEMENT_3D('',#3794,#3054,#3055);
#2606=AXIS2_PLACEMENT_3D('',#3798,#3057,#3058);
#2607=AXIS2_PLACEMENT_3D('',#3802,#3060,#3061);
#2608=AXIS2_PLACEMENT_3D('',#3806,#3063,#3064);
#2609=AXIS2_PLACEMENT_3D('',#3810,#3066,#3067);
#2610=AXIS2_PLACEMENT_3D('',#3814,#3069,#3070);
#2611=AXIS2_PLACEMENT_3D('',#3818,#3072,#3073);
#2612=AXIS2_PLACEMENT_3D('',#3822,#3075,#3076);
#2613=AXIS2_PLACEMENT_3D('',#3826,#3078,#3079);
#2614=AXIS2_PLACEMENT_3D('',#3830,#3081,#3082);
#2615=AXIS2_PLACEMENT_3D('',#3834,#3084,#3085);
#2616=AXIS2_PLACEMENT_3D('',#3838,#3087,#3088);
#2617=AXIS2_PLACEMENT_3D('',#3842,#3090,#3091);
#2618=AXIS2_PLACEMENT_3D('',#3846,#3093,#3094);
#2619=AXIS2_PLACEMENT_3D('',#3850,#3096,#3097);
#2620=AXIS2_PLACEMENT_3D('',#3854,#3099,#3100);
#2621=AXIS2_PLACEMENT_3D('',#3858,#3102,#3103);
#2622=AXIS2_PLACEMENT_3D('',#3862,#3105,#3106);
#2623=AXIS2_PLACEMENT_3D('',#3866,#3108,#3109);
#2624=AXIS2_PLACEMENT_3D('',#3870,#3111,#3112);
#2625=AXIS2_PLACEMENT_3D('',#3874,#3114,#3115);
#2626=AXIS2_PLACEMENT_3D('',#3878,#3117,#3118);
#2627=AXIS2_PLACEMENT_3D('',#3880,#3120,#3121);
#2628=AXIS2_PLACEMENT_3D('',#3884,#3124,#3125);
#2629=AXIS2_PLACEMENT_3D('',#3903,#3136,#3137);
#2630=AXIS2_PLACEMENT_3D('',#3904,#3138,#3139);
#2631=AXIS2_PLACEMENT_3D('',#3906,#3141,#3142);
#2632=AXIS2_PLACEMENT_3D('',#3909,#3144,#3145);
#2633=AXIS2_PLACEMENT_3D('',#3910,#3146,#3147);
#2634=AXIS2_PLACEMENT_3D('',#3914,#3149,#3150);
#2635=AXIS2_PLACEMENT_3D('',#3916,#3152,#3153);
#2636=AXIS2_PLACEMENT_3D('',#3918,#3154,#3155);
#2637=AXIS2_PLACEMENT_3D('',#3920,#3157,#3158);
#2638=AXIS2_PLACEMENT_3D('',#3924,#3160,#3161);
#2639=AXIS2_PLACEMENT_3D('',#3926,#3163,#3164);
#2640=AXIS2_PLACEMENT_3D('',#3929,#3165,#3166);
#2641=AXIS2_PLACEMENT_3D('',#3932,#3169,#3170);
#2642=AXIS2_PLACEMENT_3D('',#3936,#3173,#3174);
#2643=AXIS2_PLACEMENT_3D('',#3940,#3176,#3177);
#2644=AXIS2_PLACEMENT_3D('',#3943,#3179,#3180);
#2645=AXIS2_PLACEMENT_3D('',#3949,#3184,#3185);
#2646=AXIS2_PLACEMENT_3D('',#3952,#3186,#3187);
#2647=AXIS2_PLACEMENT_3D('',#3956,#3189,#3190);
#2648=AXIS2_PLACEMENT_3D('',#3960,#3192,#3193);
#2649=AXIS2_PLACEMENT_3D('',#3964,#3195,#3196);
#2650=AXIS2_PLACEMENT_3D('',#3968,#3198,#3199);
#2651=AXIS2_PLACEMENT_3D('',#3972,#3201,#3202);
#2652=AXIS2_PLACEMENT_3D('',#3976,#3204,#3205);
#2653=AXIS2_PLACEMENT_3D('',#3980,#3207,#3208);
#2654=AXIS2_PLACEMENT_3D('',#3984,#3210,#3211);
#2655=AXIS2_PLACEMENT_3D('',#3988,#3213,#3214);
#2656=AXIS2_PLACEMENT_3D('',#3992,#3216,#3217);
#2657=AXIS2_PLACEMENT_3D('',#3996,#3219,#3220);
#2658=AXIS2_PLACEMENT_3D('',#4000,#3222,#3223);
#2659=AXIS2_PLACEMENT_3D('',#4004,#3225,#3226);
#2660=AXIS2_PLACEMENT_3D('',#4008,#3228,#3229);
#2661=AXIS2_PLACEMENT_3D('',#4012,#3231,#3232);
#2662=AXIS2_PLACEMENT_3D('',#4016,#3234,#3235);
#2663=AXIS2_PLACEMENT_3D('',#4020,#3237,#3238);
#2664=AXIS2_PLACEMENT_3D('',#4024,#3240,#3241);
#2665=AXIS2_PLACEMENT_3D('',#4028,#3243,#3244);
#2666=AXIS2_PLACEMENT_3D('',#4032,#3246,#3247);
#2667=AXIS2_PLACEMENT_3D('',#4036,#3249,#3250);
#2668=AXIS2_PLACEMENT_3D('',#4040,#3252,#3253);
#2669=AXIS2_PLACEMENT_3D('',#4044,#3255,#3256);
#2670=AXIS2_PLACEMENT_3D('',#4048,#3258,#3259);
#2671=AXIS2_PLACEMENT_3D('',#4052,#3261,#3262);
#2672=AXIS2_PLACEMENT_3D('',#4056,#3264,#3265);
#2673=AXIS2_PLACEMENT_3D('',#4060,#3267,#3268);
#2674=AXIS2_PLACEMENT_3D('',#4064,#3270,#3271);
#2675=AXIS2_PLACEMENT_3D('',#4068,#3273,#3274);
#2676=AXIS2_PLACEMENT_3D('',#4072,#3276,#3277);
#2677=AXIS2_PLACEMENT_3D('',#4076,#3279,#3280);
#2678=AXIS2_PLACEMENT_3D('',#4080,#3282,#3283);
#2679=AXIS2_PLACEMENT_3D('',#4084,#3285,#3286);
#2680=AXIS2_PLACEMENT_3D('',#4088,#3288,#3289);
#2681=AXIS2_PLACEMENT_3D('',#4092,#3291,#3292);
#2682=AXIS2_PLACEMENT_3D('',#4094,#3294,#3295);
#2683=AXIS2_PLACEMENT_3D('',#4097,#3298,#3299);
#2684=AXIS2_PLACEMENT_3D('',#4099,#3301,#3302);
#2685=AXIS2_PLACEMENT_3D('',#4100,#3303,#3304);
#2686=AXIS2_PLACEMENT_3D('',#4101,#3305,#3306);
#2687=AXIS2_PLACEMENT_3D('',#4103,#3308,#3309);
#2688=AXIS2_PLACEMENT_3D('',#4105,#3311,#3312);
#2689=AXIS2_PLACEMENT_3D('',#4106,#3313,#3314);
#2690=AXIS2_PLACEMENT_3D('',#4109,#3317,#3318);
#2691=AXIS2_PLACEMENT_3D('',#4111,#3320,#3321);
#2692=AXIS2_PLACEMENT_3D('',#4113,#3323,#3324);
#2693=AXIS2_PLACEMENT_3D('',#4115,#3326,#3327);
#2694=AXIS2_PLACEMENT_3D('',#4117,#3329,#3330);
#2695=AXIS2_PLACEMENT_3D('',#4119,#3332,#3333);
#2696=AXIS2_PLACEMENT_3D('',#4121,#3335,#3336);
#2697=AXIS2_PLACEMENT_3D('',#4122,#3337,#3338);
#2698=AXIS2_PLACEMENT_3D('',#4125,#3341,#3342);
#2699=AXIS2_PLACEMENT_3D('',#4127,#3344,#3345);
#2700=AXIS2_PLACEMENT_3D('',#4129,#3347,#3348);
#2701=AXIS2_PLACEMENT_3D('',#4131,#3350,#3351);
#2702=AXIS2_PLACEMENT_3D('',#4133,#3353,#3354);
#2703=AXIS2_PLACEMENT_3D('',#4135,#3356,#3357);
#2704=AXIS2_PLACEMENT_3D('',#4137,#3359,#3360);
#2705=AXIS2_PLACEMENT_3D('',#4138,#3361,#3362);
#2706=AXIS2_PLACEMENT_3D('',#4141,#3365,#3366);
#2707=AXIS2_PLACEMENT_3D('',#4143,#3368,#3369);
#2708=AXIS2_PLACEMENT_3D('',#4145,#3371,#3372);
#2709=AXIS2_PLACEMENT_3D('',#4147,#3374,#3375);
#2710=AXIS2_PLACEMENT_3D('',#4149,#3377,#3378);
#2711=AXIS2_PLACEMENT_3D('',#4151,#3380,#3381);
#2712=AXIS2_PLACEMENT_3D('',#4153,#3383,#3384);
#2713=AXIS2_PLACEMENT_3D('',#4154,#3385,#3386);
#2714=AXIS2_PLACEMENT_3D('',#4157,#3389,#3390);
#2715=AXIS2_PLACEMENT_3D('',#4159,#3392,#3393);
#2716=AXIS2_PLACEMENT_3D('',#4161,#3395,#3396);
#2717=AXIS2_PLACEMENT_3D('',#4163,#3398,#3399);
#2718=AXIS2_PLACEMENT_3D('',#4165,#3401,#3402);
#2719=AXIS2_PLACEMENT_3D('',#4167,#3404,#3405);
#2720=AXIS2_PLACEMENT_3D('',#4169,#3407,#3408);
#2721=AXIS2_PLACEMENT_3D('',#4170,#3409,#3410);
#2722=AXIS2_PLACEMENT_3D('',#4173,#3413,#3414);
#2723=AXIS2_PLACEMENT_3D('',#4175,#3416,#3417);
#2724=AXIS2_PLACEMENT_3D('',#4177,#3419,#3420);
#2725=AXIS2_PLACEMENT_3D('',#4179,#3422,#3423);
#2726=AXIS2_PLACEMENT_3D('',#4181,#3425,#3426);
#2727=AXIS2_PLACEMENT_3D('',#4183,#3428,#3429);
#2728=AXIS2_PLACEMENT_3D('',#4185,#3431,#3432);
#2729=AXIS2_PLACEMENT_3D('',#4186,#3433,#3434);
#2730=AXIS2_PLACEMENT_3D('',#4189,#3437,#3438);
#2731=AXIS2_PLACEMENT_3D('',#4191,#3440,#3441);
#2732=AXIS2_PLACEMENT_3D('',#4193,#3443,#3444);
#2733=AXIS2_PLACEMENT_3D('',#4195,#3446,#3447);
#2734=AXIS2_PLACEMENT_3D('',#4197,#3449,#3450);
#2735=AXIS2_PLACEMENT_3D('',#4199,#3452,#3453);
#2736=AXIS2_PLACEMENT_3D('',#4201,#3455,#3456);
#2737=AXIS2_PLACEMENT_3D('',#4202,#3457,#3458);
#2738=AXIS2_PLACEMENT_3D('',#4205,#3461,#3462);
#2739=AXIS2_PLACEMENT_3D('',#4207,#3464,#3465);
#2740=AXIS2_PLACEMENT_3D('',#4209,#3467,#3468);
#2741=AXIS2_PLACEMENT_3D('',#4211,#3470,#3471);
#2742=AXIS2_PLACEMENT_3D('',#4213,#3473,#3474);
#2743=AXIS2_PLACEMENT_3D('',#4215,#3476,#3477);
#2744=AXIS2_PLACEMENT_3D('',#4217,#3479,#3480);
#2745=AXIS2_PLACEMENT_3D('',#4218,#3481,#3482);
#2746=AXIS2_PLACEMENT_3D('',#4221,#3485,#3486);
#2747=AXIS2_PLACEMENT_3D('',#4223,#3488,#3489);
#2748=AXIS2_PLACEMENT_3D('',#4225,#3491,#3492);
#2749=AXIS2_PLACEMENT_3D('',#4227,#3494,#3495);
#2750=AXIS2_PLACEMENT_3D('',#4229,#3497,#3498);
#2751=AXIS2_PLACEMENT_3D('',#4231,#3500,#3501);
#2752=AXIS2_PLACEMENT_3D('',#4233,#3503,#3504);
#2753=AXIS2_PLACEMENT_3D('',#4234,#3505,#3506);
#2754=AXIS2_PLACEMENT_3D('',#4237,#3509,#3510);
#2755=AXIS2_PLACEMENT_3D('',#4239,#3512,#3513);
#2756=AXIS2_PLACEMENT_3D('',#4241,#3515,#3516);
#2757=AXIS2_PLACEMENT_3D('',#4243,#3518,#3519);
#2758=AXIS2_PLACEMENT_3D('',#4245,#3521,#3522);
#2759=AXIS2_PLACEMENT_3D('',#4247,#3524,#3525);
#2760=AXIS2_PLACEMENT_3D('',#4249,#3527,#3528);
#2761=AXIS2_PLACEMENT_3D('',#4250,#3529,#3530);
#2762=AXIS2_PLACEMENT_3D('',#4251,#3531,#3532);
#2763=AXIS2_PLACEMENT_3D('',#4252,#3533,#3534);
#2764=AXIS2_PLACEMENT_3D('',#4253,#3535,#3536);
#2765=AXIS2_PLACEMENT_3D('',#4254,#3537,#3538);
#2766=AXIS2_PLACEMENT_3D('',#4255,#3539,#3540);
#2767=AXIS2_PLACEMENT_3D('',#4256,#3541,#3542);
#2768=AXIS2_PLACEMENT_3D('',#4257,#3543,#3544);
#2769=AXIS2_PLACEMENT_3D('',#4258,#3545,#3546);
#2770=AXIS2_PLACEMENT_3D('',#4259,#3547,#3548);
#2771=AXIS2_PLACEMENT_3D('',#4260,#3549,#3550);
#2772=AXIS2_PLACEMENT_3D('',#4261,#3551,#3552);
#2773=AXIS2_PLACEMENT_3D('',#4262,#3553,#3554);
#2774=AXIS2_PLACEMENT_3D('',#4263,#3555,#3556);
#2775=AXIS2_PLACEMENT_3D('',#4264,#3557,#3558);
#2776=AXIS2_PLACEMENT_3D('',#4265,#3559,#3560);
#2777=AXIS2_PLACEMENT_3D('',#4266,#3561,#3562);
#2778=AXIS2_PLACEMENT_3D('',#4267,#3563,#3564);
#2779=AXIS2_PLACEMENT_3D('',#4268,#3565,#3566);
#2780=AXIS2_PLACEMENT_3D('',#4269,#3567,#3568);
#2781=AXIS2_PLACEMENT_3D('',#4270,#3569,#3570);
#2782=DIRECTION('axis',(0.,0.,1.));
#2783=DIRECTION('refdir',(1.,0.,0.));
#2784=DIRECTION('axis',(0.,0.,1.));
#2785=DIRECTION('refdir',(1.,0.,0.));
#2786=DIRECTION('axis',(0.,0.,1.));
#2787=DIRECTION('refdir',(1.,0.,0.));
#2788=DIRECTION('axis',(0.,0.,1.));
#2789=DIRECTION('refdir',(1.,0.,0.));
#2790=DIRECTION('axis',(0.,0.,1.));
#2791=DIRECTION('refdir',(1.,0.,0.));
#2792=DIRECTION('axis',(0.,0.,1.));
#2793=DIRECTION('refdir',(1.,0.,0.));
#2794=DIRECTION('axis',(0.,0.,1.));
#2795=DIRECTION('refdir',(1.,0.,0.));
#2796=DIRECTION('axis',(0.,0.,1.));
#2797=DIRECTION('refdir',(1.,0.,0.));
#2798=DIRECTION('axis',(0.,0.,1.));
#2799=DIRECTION('refdir',(1.,0.,0.));
#2800=DIRECTION('axis',(0.,0.,1.));
#2801=DIRECTION('refdir',(1.,0.,0.));
#2802=DIRECTION('axis',(0.,0.,1.));
#2803=DIRECTION('refdir',(1.,0.,0.));
#2804=DIRECTION('axis',(0.,0.,1.));
#2805=DIRECTION('refdir',(1.,0.,0.));
#2806=DIRECTION('axis',(0.,0.,1.));
#2807=DIRECTION('refdir',(1.,0.,0.));
#2808=DIRECTION('axis',(0.,0.,1.));
#2809=DIRECTION('refdir',(1.,0.,0.));
#2810=DIRECTION('axis',(0.,0.,1.));
#2811=DIRECTION('refdir',(1.,0.,0.));
#2812=DIRECTION('axis',(0.,0.,1.));
#2813=DIRECTION('refdir',(1.,0.,0.));
#2814=DIRECTION('axis',(0.,0.,1.));
#2815=DIRECTION('refdir',(1.,0.,0.));
#2816=DIRECTION('axis',(0.,0.,1.));
#2817=DIRECTION('refdir',(1.,0.,0.));
#2818=DIRECTION('',(-2.73691106313441E-48,0.,1.));
#2819=DIRECTION('',(1.,1.23259516440783E-32,0.));
#2820=DIRECTION('',(-2.73691106313441E-48,0.,1.));
#2821=DIRECTION('',(1.,1.23259516440783E-32,0.));
#2822=DIRECTION('',(-1.,-1.23259516440783E-32,0.));
#2823=DIRECTION('',(8.48327766310746E-61,1.,0.));
#2824=DIRECTION('',(1.,1.23259516440783E-32,0.));
#2825=DIRECTION('',(-8.48327766310746E-61,-1.,0.));
#2826=DIRECTION('',(-2.73691106313441E-48,0.,1.));
#2827=DIRECTION('',(1.,1.23259516440783E-32,0.));
#2828=DIRECTION('',(8.48327766310746E-61,1.,0.));
#2829=DIRECTION('',(1.,1.23259516440783E-32,0.));
#2830=DIRECTION('',(-2.46519032881566E-32,2.73691106313441E-48,1.));
#2831=DIRECTION('',(1.,-1.23259516440783E-32,0.));
#2832=DIRECTION('',(-2.46519032881566E-32,2.73691106313441E-48,1.));
#2833=DIRECTION('',(1.,-1.23259516440783E-32,0.));
#2834=DIRECTION('',(-1.,1.23259516440783E-32,0.));
#2835=DIRECTION('',(8.48338240527536E-61,1.,8.55284707204611E-50));
#2836=DIRECTION('',(1.,-1.23259516440783E-32,0.));
#2837=DIRECTION('',(-8.48338240527536E-61,-1.,-8.55284707204611E-50));
#2838=DIRECTION('',(-2.46519032881566E-32,2.73691106313441E-48,1.));
#2839=DIRECTION('',(1.,-1.23259516440783E-32,0.));
#2840=DIRECTION('',(8.48338240527536E-61,1.,8.55284707204611E-50));
#2841=DIRECTION('',(1.,-1.23259516440783E-32,0.));
#2842=DIRECTION('',(2.73691106313441E-48,0.,1.));
#2843=DIRECTION('',(1.,1.23259516440783E-32,0.));
#2844=DIRECTION('',(2.73691106313441E-48,0.,1.));
#2845=DIRECTION('',(1.,1.23259516440783E-32,0.));
#2846=DIRECTION('',(-1.,-1.23259516440783E-32,0.));
#2847=DIRECTION('',(8.48327766310746E-61,1.,0.));
#2848=DIRECTION('',(1.,1.23259516440783E-32,0.));
#2849=DIRECTION('',(-8.48327766310746E-61,-1.,0.));
#2850=DIRECTION('',(2.73691106313441E-48,0.,1.));
#2851=DIRECTION('',(1.,1.23259516440783E-32,0.));
#2852=DIRECTION('',(8.48327766310746E-61,1.,0.));
#2853=DIRECTION('',(1.,1.23259516440783E-32,0.));
#2854=DIRECTION('',(-2.73691106313441E-48,0.,1.));
#2855=DIRECTION('',(1.,1.23259516440783E-32,0.));
#2856=DIRECTION('',(-2.73691106313441E-48,0.,1.));
#2857=DIRECTION('',(1.,1.23259516440783E-32,0.));
#2858=DIRECTION('',(-1.,-1.23259516440783E-32,0.));
#2859=DIRECTION('',(8.48327766310746E-61,1.,0.));
#2860=DIRECTION('',(1.,1.23259516440783E-32,0.));
#2861=DIRECTION('',(-8.48327766310746E-61,-1.,0.));
#2862=DIRECTION('',(-2.73691106313441E-48,0.,1.));
#2863=DIRECTION('',(1.,1.23259516440783E-32,0.));
#2864=DIRECTION('',(8.48327766310746E-61,1.,0.));
#2865=DIRECTION('',(1.,1.23259516440783E-32,0.));
#2866=DIRECTION('',(-2.73691106313441E-48,0.,1.));
#2867=DIRECTION('',(1.,1.23259516440783E-32,0.));
#2868=DIRECTION('',(-2.73691106313441E-48,0.,1.));
#2869=DIRECTION('',(1.,1.23259516440783E-32,0.));
#2870=DIRECTION('',(-1.,-1.23259516440783E-32,0.));
#2871=DIRECTION('',(8.48327766310746E-61,1.,0.));
#2872=DIRECTION('',(1.,1.23259516440783E-32,0.));
#2873=DIRECTION('',(-8.48327766310746E-61,-1.,0.));
#2874=DIRECTION('',(-2.73691106313441E-48,0.,1.));
#2875=DIRECTION('',(1.,1.23259516440783E-32,0.));
#2876=DIRECTION('',(8.48327766310746E-61,1.,0.));
#2877=DIRECTION('',(1.,1.23259516440783E-32,0.));
#2878=DIRECTION('',(-2.73691106313441E-48,0.,1.));
#2879=DIRECTION('',(1.,1.23259516440783E-32,0.));
#2880=DIRECTION('',(-2.73691106313441E-48,0.,1.));
#2881=DIRECTION('',(1.,1.23259516440783E-32,0.));
#2882=DIRECTION('',(-1.,-1.23259516440783E-32,0.));
#2883=DIRECTION('',(8.48327766310746E-61,1.,0.));
#2884=DIRECTION('',(1.,1.23259516440783E-32,0.));
#2885=DIRECTION('',(-8.48327766310746E-61,-1.,0.));
#2886=DIRECTION('',(-2.73691106313441E-48,0.,1.));
#2887=DIRECTION('',(1.,1.23259516440783E-32,0.));
#2888=DIRECTION('',(8.48327766310746E-61,1.,0.));
#2889=DIRECTION('',(1.,1.23259516440783E-32,0.));
#2890=DIRECTION('',(-2.73691106313441E-48,0.,1.));
#2891=DIRECTION('',(1.,1.23259516440783E-32,0.));
#2892=DIRECTION('',(-2.73691106313441E-48,0.,1.));
#2893=DIRECTION('',(1.,1.23259516440783E-32,0.));
#2894=DIRECTION('',(-1.,-1.23259516440783E-32,0.));
#2895=DIRECTION('',(8.48327766310746E-61,1.,0.));
#2896=DIRECTION('',(1.,1.23259516440783E-32,0.));
#2897=DIRECTION('',(-8.48327766310746E-61,-1.,0.));
#2898=DIRECTION('',(-2.73691106313441E-48,0.,1.));
#2899=DIRECTION('',(1.,1.23259516440783E-32,0.));
#2900=DIRECTION('',(8.48327766310746E-61,1.,0.));
#2901=DIRECTION('',(1.,1.23259516440783E-32,0.));
#2902=DIRECTION('',(-2.73691106313441E-48,0.,1.));
#2903=DIRECTION('',(1.,1.23259516440783E-32,0.));
#2904=DIRECTION('',(-2.73691106313441E-48,0.,1.));
#2905=DIRECTION('',(1.,1.23259516440783E-32,0.));
#2906=DIRECTION('',(-1.,-1.23259516440783E-32,0.));
#2907=DIRECTION('',(8.48327766310746E-61,1.,0.));
#2908=DIRECTION('',(1.,1.23259516440783E-32,0.));
#2909=DIRECTION('',(-8.48327766310746E-61,-1.,0.));
#2910=DIRECTION('',(-2.73691106313441E-48,0.,1.));
#2911=DIRECTION('',(1.,1.23259516440783E-32,0.));
#2912=DIRECTION('',(8.48327766310746E-61,1.,0.));
#2913=DIRECTION('',(1.,1.23259516440783E-32,0.));
#2914=DIRECTION('',(2.73691106313441E-48,0.,1.));
#2915=DIRECTION('',(1.,1.23259516440783E-32,0.));
#2916=DIRECTION('',(2.73691106313441E-48,0.,1.));
#2917=DIRECTION('',(1.,1.23259516440783E-32,0.));
#2918=DIRECTION('',(-1.,-1.23259516440783E-32,0.));
#2919=DIRECTION('',(8.48327766310746E-61,1.,0.));
#2920=DIRECTION('',(1.,1.23259516440783E-32,0.));
#2921=DIRECTION('',(-8.48327766310746E-61,-1.,0.));
#2922=DIRECTION('',(2.73691106313441E-48,0.,1.));
#2923=DIRECTION('',(1.,1.23259516440783E-32,0.));
#2924=DIRECTION('',(8.48327766310746E-61,1.,0.));
#2925=DIRECTION('',(1.,1.23259516440783E-32,0.));
#2926=DIRECTION('axis',(0.,0.,1.));
#2927=DIRECTION('refdir',(1.,0.,0.));
#2928=DIRECTION('center_axis',(0.,0.,1.));
#2929=DIRECTION('ref_axis',(-1.,0.,0.));
#2930=DIRECTION('center_axis',(0.,0.,1.));
#2931=DIRECTION('ref_axis',(-1.,0.,0.));
#2932=DIRECTION('',(0.,0.,1.));
#2933=DIRECTION('center_axis',(0.,0.,1.));
#2934=DIRECTION('ref_axis',(-1.,0.,0.));
#2935=DIRECTION('center_axis',(0.,0.,1.));
#2936=DIRECTION('ref_axis',(-1.,0.,0.));
#2937=DIRECTION('center_axis',(0.,0.,1.));
#2938=DIRECTION('ref_axis',(-1.,0.,0.));
#2939=DIRECTION('center_axis',(0.,0.,1.));
#2940=DIRECTION('ref_axis',(-1.,0.,0.));
#2941=DIRECTION('',(0.,0.,1.));
#2942=DIRECTION('center_axis',(0.,0.,1.));
#2943=DIRECTION('ref_axis',(-1.,0.,0.));
#2944=DIRECTION('center_axis',(0.,0.,1.));
#2945=DIRECTION('ref_axis',(-1.,0.,0.));
#2946=DIRECTION('center_axis',(0.,0.,1.));
#2947=DIRECTION('ref_axis',(-1.,0.,0.));
#2948=DIRECTION('center_axis',(0.,0.,1.));
#2949=DIRECTION('ref_axis',(-1.,0.,0.));
#2950=DIRECTION('',(0.,0.,1.));
#2951=DIRECTION('center_axis',(0.,0.,1.));
#2952=DIRECTION('ref_axis',(-1.,0.,0.));
#2953=DIRECTION('center_axis',(0.,0.,1.));
#2954=DIRECTION('ref_axis',(-1.,0.,0.));
#2955=DIRECTION('center_axis',(0.,0.,1.));
#2956=DIRECTION('ref_axis',(-1.,0.,0.));
#2957=DIRECTION('center_axis',(0.,0.,1.));
#2958=DIRECTION('ref_axis',(-1.,0.,0.));
#2959=DIRECTION('',(0.,0.,1.));
#2960=DIRECTION('center_axis',(0.,0.,1.));
#2961=DIRECTION('ref_axis',(-1.,0.,0.));
#2962=DIRECTION('center_axis',(0.,0.,1.));
#2963=DIRECTION('ref_axis',(-1.,0.,0.));
#2964=DIRECTION('center_axis',(0.,-1.,0.));
#2965=DIRECTION('ref_axis',(0.,0.,-1.));
#2966=DIRECTION('',(1.,0.,0.));
#2967=DIRECTION('',(0.,0.,-1.));
#2968=DIRECTION('',(-1.,0.,0.));
#2969=DIRECTION('',(0.,0.,1.));
#2970=DIRECTION('center_axis',(0.,0.,1.));
#2971=DIRECTION('ref_axis',(1.,0.,0.));
#2972=DIRECTION('center_axis',(0.,0.,-1.));
#2973=DIRECTION('ref_axis',(0.707106781186546,0.707106781186549,0.));
#2974=DIRECTION('',(-1.,0.,0.));
#2975=DIRECTION('center_axis',(0.,0.,-1.));
#2976=DIRECTION('ref_axis',(-0.707106781186549,0.707106781186546,0.));
#2977=DIRECTION('',(0.,-1.,0.));
#2978=DIRECTION('center_axis',(0.,0.,-1.));
#2979=DIRECTION('ref_axis',(-0.707106781186548,-0.707106781186548,0.));
#2980=DIRECTION('',(1.,0.,0.));
#2981=DIRECTION('center_axis',(0.,0.,-1.));
#2982=DIRECTION('ref_axis',(0.707106781186548,-0.707106781186548,0.));
#2983=DIRECTION('',(0.,1.,0.));
#2984=DIRECTION('',(0.,-1.,0.));
#2985=DIRECTION('',(0.,1.,0.));
#2986=DIRECTION('',(-1.,0.,0.));
#2987=DIRECTION('center_axis',(-1.,0.,0.));
#2988=DIRECTION('ref_axis',(0.,0.,-1.));
#2989=DIRECTION('',(0.,0.,-1.));
#2990=DIRECTION('',(0.,1.,0.));
#2991=DIRECTION('',(0.,0.,-1.));
#2992=DIRECTION('',(0.,-1.,0.));
#2993=DIRECTION('center_axis',(0.,-1.,0.));
#2994=DIRECTION('ref_axis',(0.,0.,-1.));
#2995=DIRECTION('',(1.,0.,0.));
#2996=DIRECTION('',(-1.,0.,0.));
#2997=DIRECTION('',(0.,0.,-1.));
#2998=DIRECTION('',(0.,0.,1.));
#2999=DIRECTION('',(-1.,0.,0.));
#3000=DIRECTION('',(0.,0.,1.));
#3001=DIRECTION('center_axis',(-1.,0.,0.));
#3002=DIRECTION('ref_axis',(0.,-1.,0.));
#3003=DIRECTION('',(0.,1.,0.));
#3004=DIRECTION('center_axis',(0.,0.,1.));
#3005=DIRECTION('ref_axis',(1.,0.,0.));
#3006=DIRECTION('',(0.,1.,0.));
#3007=DIRECTION('',(1.,0.,0.));
#3008=DIRECTION('',(0.,1.,0.));
#3009=DIRECTION('',(1.,0.,0.));
#3010=DIRECTION('',(0.,-1.,0.));
#3011=DIRECTION('',(0.,-1.,0.));
#3012=DIRECTION('center_axis',(0.,0.,-1.));
#3013=DIRECTION('ref_axis',(0.,1.,0.));
#3014=DIRECTION('',(1.,0.,0.));
#3015=DIRECTION('center_axis',(0.,0.,-1.));
#3016=DIRECTION('ref_axis',(1.,0.,0.));
#3017=DIRECTION('',(0.,-1.,0.));
#3018=DIRECTION('center_axis',(0.,0.,-1.));
#3019=DIRECTION('ref_axis',(0.,-1.,0.));
#3020=DIRECTION('',(-1.,0.,0.));
#3021=DIRECTION('center_axis',(0.,0.,-1.));
#3022=DIRECTION('ref_axis',(-1.,0.,0.));
#3023=DIRECTION('',(0.,1.,0.));
#3024=DIRECTION('center_axis',(0.,0.,-1.));
#3025=DIRECTION('ref_axis',(0.,1.,0.));
#3026=DIRECTION('',(1.,0.,0.));
#3027=DIRECTION('center_axis',(0.,0.,-1.));
#3028=DIRECTION('ref_axis',(1.,0.,0.));
#3029=DIRECTION('',(0.,-1.,0.));
#3030=DIRECTION('center_axis',(0.,0.,-1.));
#3031=DIRECTION('ref_axis',(0.,-1.,0.));
#3032=DIRECTION('',(-1.,0.,0.));
#3033=DIRECTION('center_axis',(0.,0.,-1.));
#3034=DIRECTION('ref_axis',(-1.,0.,0.));
#3035=DIRECTION('',(0.,1.,0.));
#3036=DIRECTION('center_axis',(0.,0.,-1.));
#3037=DIRECTION('ref_axis',(0.,1.,0.));
#3038=DIRECTION('',(1.,0.,0.));
#3039=DIRECTION('center_axis',(0.,0.,-1.));
#3040=DIRECTION('ref_axis',(1.,0.,0.));
#3041=DIRECTION('',(0.,-1.,0.));
#3042=DIRECTION('center_axis',(0.,0.,-1.));
#3043=DIRECTION('ref_axis',(0.,-1.,0.));
#3044=DIRECTION('',(-1.,0.,0.));
#3045=DIRECTION('center_axis',(0.,0.,-1.));
#3046=DIRECTION('ref_axis',(-1.,0.,0.));
#3047=DIRECTION('',(0.,1.,0.));
#3048=DIRECTION('center_axis',(0.,0.,-1.));
#3049=DIRECTION('ref_axis',(0.,1.,0.));
#3050=DIRECTION('',(1.,0.,0.));
#3051=DIRECTION('center_axis',(0.,0.,-1.));
#3052=DIRECTION('ref_axis',(1.,0.,0.));
#3053=DIRECTION('',(0.,-1.,0.));
#3054=DIRECTION('center_axis',(0.,0.,-1.));
#3055=DIRECTION('ref_axis',(0.,-1.,0.));
#3056=DIRECTION('',(-1.,0.,0.));
#3057=DIRECTION('center_axis',(0.,0.,-1.));
#3058=DIRECTION('ref_axis',(-1.,0.,0.));
#3059=DIRECTION('',(0.,1.,0.));
#3060=DIRECTION('center_axis',(0.,0.,-1.));
#3061=DIRECTION('ref_axis',(0.,1.,0.));
#3062=DIRECTION('',(1.,0.,0.));
#3063=DIRECTION('center_axis',(0.,0.,-1.));
#3064=DIRECTION('ref_axis',(1.,0.,0.));
#3065=DIRECTION('',(0.,-1.,0.));
#3066=DIRECTION('center_axis',(0.,0.,-1.));
#3067=DIRECTION('ref_axis',(0.,-1.,0.));
#3068=DIRECTION('',(-1.,0.,0.));
#3069=DIRECTION('center_axis',(0.,0.,-1.));
#3070=DIRECTION('ref_axis',(-1.,0.,0.));
#3071=DIRECTION('',(0.,1.,0.));
#3072=DIRECTION('center_axis',(0.,0.,-1.));
#3073=DIRECTION('ref_axis',(0.,1.,0.));
#3074=DIRECTION('',(1.,0.,0.));
#3075=DIRECTION('center_axis',(0.,0.,-1.));
#3076=DIRECTION('ref_axis',(1.,0.,0.));
#3077=DIRECTION('',(0.,-1.,0.));
#3078=DIRECTION('center_axis',(0.,0.,-1.));
#3079=DIRECTION('ref_axis',(0.,-1.,0.));
#3080=DIRECTION('',(-1.,0.,0.));
#3081=DIRECTION('center_axis',(0.,0.,-1.));
#3082=DIRECTION('ref_axis',(-1.,0.,0.));
#3083=DIRECTION('',(0.,1.,0.));
#3084=DIRECTION('center_axis',(0.,0.,-1.));
#3085=DIRECTION('ref_axis',(0.,1.,0.));
#3086=DIRECTION('',(1.,0.,0.));
#3087=DIRECTION('center_axis',(0.,0.,-1.));
#3088=DIRECTION('ref_axis',(1.,0.,0.));
#3089=DIRECTION('',(0.,-1.,0.));
#3090=DIRECTION('center_axis',(0.,0.,-1.));
#3091=DIRECTION('ref_axis',(0.,-1.,0.));
#3092=DIRECTION('',(-1.,0.,0.));
#3093=DIRECTION('center_axis',(0.,0.,-1.));
#3094=DIRECTION('ref_axis',(-1.,0.,0.));
#3095=DIRECTION('',(0.,1.,0.));
#3096=DIRECTION('center_axis',(0.,0.,-1.));
#3097=DIRECTION('ref_axis',(0.,1.,0.));
#3098=DIRECTION('',(1.,0.,0.));
#3099=DIRECTION('center_axis',(0.,0.,-1.));
#3100=DIRECTION('ref_axis',(1.,0.,0.));
#3101=DIRECTION('',(0.,-1.,0.));
#3102=DIRECTION('center_axis',(0.,0.,-1.));
#3103=DIRECTION('ref_axis',(0.,-1.,0.));
#3104=DIRECTION('',(-1.,0.,0.));
#3105=DIRECTION('center_axis',(0.,0.,-1.));
#3106=DIRECTION('ref_axis',(-1.,0.,0.));
#3107=DIRECTION('',(0.,1.,0.));
#3108=DIRECTION('center_axis',(0.,0.,-1.));
#3109=DIRECTION('ref_axis',(0.,1.,0.));
#3110=DIRECTION('',(1.,0.,0.));
#3111=DIRECTION('center_axis',(0.,0.,-1.));
#3112=DIRECTION('ref_axis',(1.,0.,0.));
#3113=DIRECTION('',(0.,-1.,0.));
#3114=DIRECTION('center_axis',(0.,0.,-1.));
#3115=DIRECTION('ref_axis',(0.,-1.,0.));
#3116=DIRECTION('',(-1.,0.,0.));
#3117=DIRECTION('center_axis',(0.,0.,-1.));
#3118=DIRECTION('ref_axis',(-1.,0.,0.));
#3119=DIRECTION('',(0.,1.,0.));
#3120=DIRECTION('center_axis',(-1.,0.,0.));
#3121=DIRECTION('ref_axis',(0.,0.,1.));
#3122=DIRECTION('',(0.,0.,-1.));
#3123=DIRECTION('',(0.,1.,0.));
#3124=DIRECTION('center_axis',(0.,1.,0.));
#3125=DIRECTION('ref_axis',(0.,0.,1.));
#3126=DIRECTION('',(-1.,0.,0.));
#3127=DIRECTION('',(0.,0.,-1.));
#3128=DIRECTION('',(-1.,0.,0.));
#3129=DIRECTION('',(0.,0.,-1.));
#3130=DIRECTION('',(0.,0.,-1.));
#3131=DIRECTION('',(0.,0.,1.));
#3132=DIRECTION('',(0.,0.,1.));
#3133=DIRECTION('',(-1.,0.,0.));
#3134=DIRECTION('',(0.,0.,-1.));
#3135=DIRECTION('',(0.,0.,1.));
#3136=DIRECTION('center_axis',(1.,0.,0.));
#3137=DIRECTION('ref_axis',(0.,1.,0.));
#3138=DIRECTION('center_axis',(0.,0.,1.));
#3139=DIRECTION('ref_axis',(-1.,0.,0.));
#3140=DIRECTION('',(0.,-1.,0.));
#3141=DIRECTION('center_axis',(0.,0.,1.));
#3142=DIRECTION('ref_axis',(0.707106781186546,0.707106781186549,0.));
#3143=DIRECTION('',(0.,0.,-1.));
#3144=DIRECTION('center_axis',(0.,0.,-1.));
#3145=DIRECTION('ref_axis',(0.707106781186546,0.707106781186549,0.));
#3146=DIRECTION('center_axis',(0.,0.,1.));
#3147=DIRECTION('ref_axis',(0.707106781186548,-0.707106781186548,0.));
#3148=DIRECTION('',(0.,0.,-1.));
#3149=DIRECTION('center_axis',(0.,0.,-1.));
#3150=DIRECTION('ref_axis',(0.707106781186548,-0.707106781186548,0.));
#3151=DIRECTION('',(0.,0.,1.));
#3152=DIRECTION('center_axis',(0.,0.,1.));
#3153=DIRECTION('ref_axis',(-0.707106781186549,0.707106781186546,0.));
#3154=DIRECTION('center_axis',(0.,0.,-1.));
#3155=DIRECTION('ref_axis',(-0.707106781186549,0.707106781186546,0.));
#3156=DIRECTION('',(0.,0.,1.));
#3157=DIRECTION('center_axis',(0.,0.,1.));
#3158=DIRECTION('ref_axis',(-0.707106781186548,-0.707106781186548,0.));
#3159=DIRECTION('',(0.,0.,-1.));
#3160=DIRECTION('center_axis',(0.,0.,-1.));
#3161=DIRECTION('ref_axis',(-0.707106781186551,-0.707106781186544,0.));
#3162=DIRECTION('',(0.,0.,1.));
#3163=DIRECTION('center_axis',(0.,0.,-1.));
#3164=DIRECTION('ref_axis',(0.707106781186548,-0.707106781186548,0.));
#3165=DIRECTION('center_axis',(0.,0.,1.));
#3166=DIRECTION('ref_axis',(0.707106781186548,-0.707106781186548,0.));
#3167=DIRECTION('',(0.,0.,1.));
#3168=DIRECTION('',(0.,0.,-1.));
#3169=DIRECTION('center_axis',(1.,0.,0.));
#3170=DIRECTION('ref_axis',(0.,0.,-1.));
#3171=DIRECTION('',(0.,1.,0.));
#3172=DIRECTION('',(0.,0.,-1.));
#3173=DIRECTION('center_axis',(0.,0.,1.));
#3174=DIRECTION('ref_axis',(1.,0.,0.));
#3175=DIRECTION('',(-1.,0.,0.));
#3176=DIRECTION('center_axis',(0.,0.,1.));
#3177=DIRECTION('ref_axis',(-0.707106781186551,-0.707106781186544,0.));
#3178=DIRECTION('',(0.,1.,0.));
#3179=DIRECTION('center_axis',(0.,0.,1.));
#3180=DIRECTION('ref_axis',(-0.707106781186549,0.707106781186546,0.));
#3181=DIRECTION('',(0.,-1.,0.));
#3182=DIRECTION('',(1.,0.,0.));
#3183=DIRECTION('',(0.,-1.,0.));
#3184=DIRECTION('center_axis',(0.,0.,1.));
#3185=DIRECTION('ref_axis',(0.707106781186546,0.707106781186549,0.));
#3186=DIRECTION('center_axis',(0.,0.,-1.));
#3187=DIRECTION('ref_axis',(0.,1.,0.));
#3188=DIRECTION('',(0.,1.,0.));
#3189=DIRECTION('center_axis',(0.,0.,-1.));
#3190=DIRECTION('ref_axis',(-1.,0.,0.));
#3191=DIRECTION('',(-1.,0.,0.));
#3192=DIRECTION('center_axis',(0.,0.,-1.));
#3193=DIRECTION('ref_axis',(0.,-1.,0.));
#3194=DIRECTION('',(0.,-1.,0.));
#3195=DIRECTION('center_axis',(0.,0.,-1.));
#3196=DIRECTION('ref_axis',(1.,0.,0.));
#3197=DIRECTION('',(1.,0.,0.));
#3198=DIRECTION('center_axis',(0.,0.,-1.));
#3199=DIRECTION('ref_axis',(0.,1.,0.));
#3200=DIRECTION('',(0.,1.,0.));
#3201=DIRECTION('center_axis',(0.,0.,-1.));
#3202=DIRECTION('ref_axis',(-1.,0.,0.));
#3203=DIRECTION('',(-1.,0.,0.));
#3204=DIRECTION('center_axis',(0.,0.,-1.));
#3205=DIRECTION('ref_axis',(0.,-1.,0.));
#3206=DIRECTION('',(0.,-1.,0.));
#3207=DIRECTION('center_axis',(0.,0.,-1.));
#3208=DIRECTION('ref_axis',(1.,0.,0.));
#3209=DIRECTION('',(1.,0.,0.));
#3210=DIRECTION('center_axis',(0.,0.,-1.));
#3211=DIRECTION('ref_axis',(0.,1.,0.));
#3212=DIRECTION('',(0.,1.,0.));
#3213=DIRECTION('center_axis',(0.,0.,-1.));
#3214=DIRECTION('ref_axis',(-1.,0.,0.));
#3215=DIRECTION('',(-1.,0.,0.));
#3216=DIRECTION('center_axis',(0.,0.,-1.));
#3217=DIRECTION('ref_axis',(0.,-1.,0.));
#3218=DIRECTION('',(0.,-1.,0.));
#3219=DIRECTION('center_axis',(0.,0.,-1.));
#3220=DIRECTION('ref_axis',(1.,0.,0.));
#3221=DIRECTION('',(1.,0.,0.));
#3222=DIRECTION('center_axis',(0.,0.,-1.));
#3223=DIRECTION('ref_axis',(0.,1.,0.));
#3224=DIRECTION('',(0.,1.,0.));
#3225=DIRECTION('center_axis',(0.,0.,-1.));
#3226=DIRECTION('ref_axis',(-1.,0.,0.));
#3227=DIRECTION('',(-1.,0.,0.));
#3228=DIRECTION('center_axis',(0.,0.,-1.));
#3229=DIRECTION('ref_axis',(0.,-1.,0.));
#3230=DIRECTION('',(0.,-1.,0.));
#3231=DIRECTION('center_axis',(0.,0.,-1.));
#3232=DIRECTION('ref_axis',(1.,0.,0.));
#3233=DIRECTION('',(1.,0.,0.));
#3234=DIRECTION('center_axis',(0.,0.,-1.));
#3235=DIRECTION('ref_axis',(0.,1.,0.));
#3236=DIRECTION('',(0.,1.,0.));
#3237=DIRECTION('center_axis',(0.,0.,-1.));
#3238=DIRECTION('ref_axis',(-1.,0.,0.));
#3239=DIRECTION('',(-1.,0.,0.));
#3240=DIRECTION('center_axis',(0.,0.,-1.));
#3241=DIRECTION('ref_axis',(0.,-1.,0.));
#3242=DIRECTION('',(0.,-1.,0.));
#3243=DIRECTION('center_axis',(0.,0.,-1.));
#3244=DIRECTION('ref_axis',(1.,0.,0.));
#3245=DIRECTION('',(1.,0.,0.));
#3246=DIRECTION('center_axis',(0.,0.,-1.));
#3247=DIRECTION('ref_axis',(0.,1.,0.));
#3248=DIRECTION('',(0.,1.,0.));
#3249=DIRECTION('center_axis',(0.,0.,-1.));
#3250=DIRECTION('ref_axis',(-1.,0.,0.));
#3251=DIRECTION('',(-1.,0.,0.));
#3252=DIRECTION('center_axis',(0.,0.,-1.));
#3253=DIRECTION('ref_axis',(0.,-1.,0.));
#3254=DIRECTION('',(0.,-1.,0.));
#3255=DIRECTION('center_axis',(0.,0.,-1.));
#3256=DIRECTION('ref_axis',(1.,0.,0.));
#3257=DIRECTION('',(1.,0.,0.));
#3258=DIRECTION('center_axis',(0.,0.,-1.));
#3259=DIRECTION('ref_axis',(0.,1.,0.));
#3260=DIRECTION('',(0.,1.,0.));
#3261=DIRECTION('center_axis',(0.,0.,-1.));
#3262=DIRECTION('ref_axis',(-1.,0.,0.));
#3263=DIRECTION('',(-1.,0.,0.));
#3264=DIRECTION('center_axis',(0.,0.,-1.));
#3265=DIRECTION('ref_axis',(0.,-1.,0.));
#3266=DIRECTION('',(0.,-1.,0.));
#3267=DIRECTION('center_axis',(0.,0.,-1.));
#3268=DIRECTION('ref_axis',(1.,0.,0.));
#3269=DIRECTION('',(1.,0.,0.));
#3270=DIRECTION('center_axis',(0.,0.,-1.));
#3271=DIRECTION('ref_axis',(0.,1.,0.));
#3272=DIRECTION('',(0.,1.,0.));
#3273=DIRECTION('center_axis',(0.,0.,-1.));
#3274=DIRECTION('ref_axis',(-1.,0.,0.));
#3275=DIRECTION('',(-1.,0.,0.));
#3276=DIRECTION('center_axis',(0.,0.,-1.));
#3277=DIRECTION('ref_axis',(0.,-1.,0.));
#3278=DIRECTION('',(0.,-1.,0.));
#3279=DIRECTION('center_axis',(0.,0.,-1.));
#3280=DIRECTION('ref_axis',(1.,0.,0.));
#3281=DIRECTION('',(1.,0.,0.));
#3282=DIRECTION('center_axis',(0.,0.,-1.));
#3283=DIRECTION('ref_axis',(0.,1.,0.));
#3284=DIRECTION('',(0.,1.,0.));
#3285=DIRECTION('center_axis',(0.,0.,-1.));
#3286=DIRECTION('ref_axis',(-1.,0.,0.));
#3287=DIRECTION('',(-1.,0.,0.));
#3288=DIRECTION('center_axis',(0.,0.,-1.));
#3289=DIRECTION('ref_axis',(0.,-1.,0.));
#3290=DIRECTION('',(0.,-1.,0.));
#3291=DIRECTION('center_axis',(0.,0.,-1.));
#3292=DIRECTION('ref_axis',(1.,0.,0.));
#3293=DIRECTION('',(1.,0.,0.));
#3294=DIRECTION('center_axis',(0.,0.,1.));
#3295=DIRECTION('ref_axis',(-0.707106781186551,-0.707106781186544,0.));
#3296=DIRECTION('',(0.,0.,-1.));
#3297=DIRECTION('',(0.,0.,1.));
#3298=DIRECTION('center_axis',(-1.,0.,0.));
#3299=DIRECTION('ref_axis',(0.,0.,1.));
#3300=DIRECTION('',(0.,0.,1.));
#3301=DIRECTION('center_axis',(0.,0.,1.));
#3302=DIRECTION('ref_axis',(-0.707106781186549,0.707106781186546,0.));
#3303=DIRECTION('center_axis',(0.,0.,-1.));
#3304=DIRECTION('ref_axis',(0.707106781186546,0.707106781186549,0.));
#3305=DIRECTION('center_axis',(-1.,0.,0.));
#3306=DIRECTION('ref_axis',(0.,0.,1.));
#3307=DIRECTION('',(0.,0.,-1.));
#3308=DIRECTION('center_axis',(0.,1.,0.));
#3309=DIRECTION('ref_axis',(-1.,0.,0.));
#3310=DIRECTION('',(0.,0.,1.));
#3311=DIRECTION('center_axis',(-1.,0.,0.));
#3312=DIRECTION('ref_axis',(0.,0.,1.));
#3313=DIRECTION('center_axis',(1.,0.,0.));
#3314=DIRECTION('ref_axis',(0.,1.,0.));
#3315=DIRECTION('',(0.,0.,1.));
#3316=DIRECTION('',(0.,0.,1.));
#3317=DIRECTION('center_axis',(0.,0.,1.));
#3318=DIRECTION('ref_axis',(-1.,0.,0.));
#3319=DIRECTION('',(0.,0.,1.));
#3320=DIRECTION('center_axis',(0.,1.,0.));
#3321=DIRECTION('ref_axis',(-1.,0.,0.));
#3322=DIRECTION('',(0.,0.,1.));
#3323=DIRECTION('center_axis',(0.,0.,1.));
#3324=DIRECTION('ref_axis',(0.,-1.,0.));
#3325=DIRECTION('',(0.,0.,1.));
#3326=DIRECTION('center_axis',(-1.,0.,0.));
#3327=DIRECTION('ref_axis',(0.,-1.,0.));
#3328=DIRECTION('',(0.,0.,1.));
#3329=DIRECTION('center_axis',(0.,0.,1.));
#3330=DIRECTION('ref_axis',(1.,0.,0.));
#3331=DIRECTION('',(0.,0.,1.));
#3332=DIRECTION('center_axis',(0.,-1.,0.));
#3333=DIRECTION('ref_axis',(1.,0.,0.));
#3334=DIRECTION('',(0.,0.,1.));
#3335=DIRECTION('center_axis',(0.,0.,1.));
#3336=DIRECTION('ref_axis',(0.,1.,0.));
#3337=DIRECTION('center_axis',(1.,0.,0.));
#3338=DIRECTION('ref_axis',(0.,1.,0.));
#3339=DIRECTION('',(0.,0.,1.));
#3340=DIRECTION('',(0.,0.,1.));
#3341=DIRECTION('center_axis',(0.,0.,1.));
#3342=DIRECTION('ref_axis',(-1.,0.,0.));
#3343=DIRECTION('',(0.,0.,1.));
#3344=DIRECTION('center_axis',(0.,1.,0.));
#3345=DIRECTION('ref_axis',(-1.,0.,0.));
#3346=DIRECTION('',(0.,0.,1.));
#3347=DIRECTION('center_axis',(0.,0.,1.));
#3348=DIRECTION('ref_axis',(0.,-1.,0.));
#3349=DIRECTION('',(0.,0.,1.));
#3350=DIRECTION('center_axis',(-1.,0.,0.));
#3351=DIRECTION('ref_axis',(0.,-1.,0.));
#3352=DIRECTION('',(0.,0.,1.));
#3353=DIRECTION('center_axis',(0.,0.,1.));
#3354=DIRECTION('ref_axis',(1.,0.,0.));
#3355=DIRECTION('',(0.,0.,1.));
#3356=DIRECTION('center_axis',(0.,-1.,0.));
#3357=DIRECTION('ref_axis',(1.,0.,0.));
#3358=DIRECTION('',(0.,0.,1.));
#3359=DIRECTION('center_axis',(0.,0.,1.));
#3360=DIRECTION('ref_axis',(0.,1.,0.));
#3361=DIRECTION('center_axis',(1.,0.,0.));
#3362=DIRECTION('ref_axis',(0.,1.,0.));
#3363=DIRECTION('',(0.,0.,1.));
#3364=DIRECTION('',(0.,0.,1.));
#3365=DIRECTION('center_axis',(0.,0.,1.));
#3366=DIRECTION('ref_axis',(-1.,0.,0.));
#3367=DIRECTION('',(0.,0.,1.));
#3368=DIRECTION('center_axis',(0.,1.,0.));
#3369=DIRECTION('ref_axis',(-1.,0.,0.));
#3370=DIRECTION('',(0.,0.,1.));
#3371=DIRECTION('center_axis',(0.,0.,1.));
#3372=DIRECTION('ref_axis',(0.,-1.,0.));
#3373=DIRECTION('',(0.,0.,1.));
#3374=DIRECTION('center_axis',(-1.,0.,0.));
#3375=DIRECTION('ref_axis',(0.,-1.,0.));
#3376=DIRECTION('',(0.,0.,1.));
#3377=DIRECTION('center_axis',(0.,0.,1.));
#3378=DIRECTION('ref_axis',(1.,0.,0.));
#3379=DIRECTION('',(0.,0.,1.));
#3380=DIRECTION('center_axis',(0.,-1.,0.));
#3381=DIRECTION('ref_axis',(1.,0.,0.));
#3382=DIRECTION('',(0.,0.,1.));
#3383=DIRECTION('center_axis',(0.,0.,1.));
#3384=DIRECTION('ref_axis',(0.,1.,0.));
#3385=DIRECTION('center_axis',(1.,0.,0.));
#3386=DIRECTION('ref_axis',(0.,1.,0.));
#3387=DIRECTION('',(0.,0.,1.));
#3388=DIRECTION('',(0.,0.,1.));
#3389=DIRECTION('center_axis',(0.,0.,1.));
#3390=DIRECTION('ref_axis',(-1.,0.,0.));
#3391=DIRECTION('',(0.,0.,1.));
#3392=DIRECTION('center_axis',(0.,1.,0.));
#3393=DIRECTION('ref_axis',(-1.,0.,0.));
#3394=DIRECTION('',(0.,0.,1.));
#3395=DIRECTION('center_axis',(0.,0.,1.));
#3396=DIRECTION('ref_axis',(0.,-1.,0.));
#3397=DIRECTION('',(0.,0.,1.));
#3398=DIRECTION('center_axis',(-1.,0.,0.));
#3399=DIRECTION('ref_axis',(0.,-1.,0.));
#3400=DIRECTION('',(0.,0.,1.));
#3401=DIRECTION('center_axis',(0.,0.,1.));
#3402=DIRECTION('ref_axis',(1.,0.,0.));
#3403=DIRECTION('',(0.,0.,1.));
#3404=DIRECTION('center_axis',(0.,-1.,0.));
#3405=DIRECTION('ref_axis',(1.,0.,0.));
#3406=DIRECTION('',(0.,0.,1.));
#3407=DIRECTION('center_axis',(0.,0.,1.));
#3408=DIRECTION('ref_axis',(0.,1.,0.));
#3409=DIRECTION('center_axis',(1.,0.,0.));
#3410=DIRECTION('ref_axis',(0.,1.,0.));
#3411=DIRECTION('',(0.,0.,1.));
#3412=DIRECTION('',(0.,0.,1.));
#3413=DIRECTION('center_axis',(0.,0.,1.));
#3414=DIRECTION('ref_axis',(-1.,0.,0.));
#3415=DIRECTION('',(0.,0.,1.));
#3416=DIRECTION('center_axis',(0.,1.,0.));
#3417=DIRECTION('ref_axis',(-1.,0.,0.));
#3418=DIRECTION('',(0.,0.,1.));
#3419=DIRECTION('center_axis',(0.,0.,1.));
#3420=DIRECTION('ref_axis',(0.,-1.,0.));
#3421=DIRECTION('',(0.,0.,1.));
#3422=DIRECTION('center_axis',(-1.,0.,0.));
#3423=DIRECTION('ref_axis',(0.,-1.,0.));
#3424=DIRECTION('',(0.,0.,1.));
#3425=DIRECTION('center_axis',(0.,0.,1.));
#3426=DIRECTION('ref_axis',(1.,0.,0.));
#3427=DIRECTION('',(0.,0.,1.));
#3428=DIRECTION('center_axis',(0.,-1.,0.));
#3429=DIRECTION('ref_axis',(1.,0.,0.));
#3430=DIRECTION('',(0.,0.,1.));
#3431=DIRECTION('center_axis',(0.,0.,1.));
#3432=DIRECTION('ref_axis',(0.,1.,0.));
#3433=DIRECTION('center_axis',(1.,0.,0.));
#3434=DIRECTION('ref_axis',(0.,1.,0.));
#3435=DIRECTION('',(0.,0.,1.));
#3436=DIRECTION('',(0.,0.,1.));
#3437=DIRECTION('center_axis',(0.,0.,1.));
#3438=DIRECTION('ref_axis',(-1.,0.,0.));
#3439=DIRECTION('',(0.,0.,1.));
#3440=DIRECTION('center_axis',(0.,1.,0.));
#3441=DIRECTION('ref_axis',(-1.,0.,0.));
#3442=DIRECTION('',(0.,0.,1.));
#3443=DIRECTION('center_axis',(0.,0.,1.));
#3444=DIRECTION('ref_axis',(0.,-1.,0.));
#3445=DIRECTION('',(0.,0.,1.));
#3446=DIRECTION('center_axis',(-1.,0.,0.));
#3447=DIRECTION('ref_axis',(0.,-1.,0.));
#3448=DIRECTION('',(0.,0.,1.));
#3449=DIRECTION('center_axis',(0.,0.,1.));
#3450=DIRECTION('ref_axis',(1.,0.,0.));
#3451=DIRECTION('',(0.,0.,1.));
#3452=DIRECTION('center_axis',(0.,-1.,0.));
#3453=DIRECTION('ref_axis',(1.,0.,0.));
#3454=DIRECTION('',(0.,0.,1.));
#3455=DIRECTION('center_axis',(0.,0.,1.));
#3456=DIRECTION('ref_axis',(0.,1.,0.));
#3457=DIRECTION('center_axis',(1.,0.,0.));
#3458=DIRECTION('ref_axis',(0.,1.,0.));
#3459=DIRECTION('',(0.,0.,1.));
#3460=DIRECTION('',(0.,0.,1.));
#3461=DIRECTION('center_axis',(0.,0.,1.));
#3462=DIRECTION('ref_axis',(-1.,0.,0.));
#3463=DIRECTION('',(0.,0.,1.));
#3464=DIRECTION('center_axis',(0.,1.,0.));
#3465=DIRECTION('ref_axis',(-1.,0.,0.));
#3466=DIRECTION('',(0.,0.,1.));
#3467=DIRECTION('center_axis',(0.,0.,1.));
#3468=DIRECTION('ref_axis',(0.,-1.,0.));
#3469=DIRECTION('',(0.,0.,1.));
#3470=DIRECTION('center_axis',(-1.,0.,0.));
#3471=DIRECTION('ref_axis',(0.,-1.,0.));
#3472=DIRECTION('',(0.,0.,1.));
#3473=DIRECTION('center_axis',(0.,0.,1.));
#3474=DIRECTION('ref_axis',(1.,0.,0.));
#3475=DIRECTION('',(0.,0.,1.));
#3476=DIRECTION('center_axis',(0.,-1.,0.));
#3477=DIRECTION('ref_axis',(1.,0.,0.));
#3478=DIRECTION('',(0.,0.,1.));
#3479=DIRECTION('center_axis',(0.,0.,1.));
#3480=DIRECTION('ref_axis',(0.,1.,0.));
#3481=DIRECTION('center_axis',(1.,0.,0.));
#3482=DIRECTION('ref_axis',(0.,1.,0.));
#3483=DIRECTION('',(0.,0.,1.));
#3484=DIRECTION('',(0.,0.,1.));
#3485=DIRECTION('center_axis',(0.,0.,1.));
#3486=DIRECTION('ref_axis',(-1.,0.,0.));
#3487=DIRECTION('',(0.,0.,1.));
#3488=DIRECTION('center_axis',(0.,1.,0.));
#3489=DIRECTION('ref_axis',(-1.,0.,0.));
#3490=DIRECTION('',(0.,0.,1.));
#3491=DIRECTION('center_axis',(0.,0.,1.));
#3492=DIRECTION('ref_axis',(0.,-1.,0.));
#3493=DIRECTION('',(0.,0.,1.));
#3494=DIRECTION('center_axis',(-1.,0.,0.));
#3495=DIRECTION('ref_axis',(0.,-1.,0.));
#3496=DIRECTION('',(0.,0.,1.));
#3497=DIRECTION('center_axis',(0.,0.,1.));
#3498=DIRECTION('ref_axis',(1.,0.,0.));
#3499=DIRECTION('',(0.,0.,1.));
#3500=DIRECTION('center_axis',(0.,-1.,0.));
#3501=DIRECTION('ref_axis',(1.,0.,0.));
#3502=DIRECTION('',(0.,0.,1.));
#3503=DIRECTION('center_axis',(0.,0.,1.));
#3504=DIRECTION('ref_axis',(0.,1.,0.));
#3505=DIRECTION('center_axis',(1.,0.,0.));
#3506=DIRECTION('ref_axis',(0.,1.,0.));
#3507=DIRECTION('',(0.,0.,1.));
#3508=DIRECTION('',(0.,0.,1.));
#3509=DIRECTION('center_axis',(0.,0.,1.));
#3510=DIRECTION('ref_axis',(-1.,0.,0.));
#3511=DIRECTION('',(0.,0.,1.));
#3512=DIRECTION('center_axis',(0.,1.,0.));
#3513=DIRECTION('ref_axis',(-1.,0.,0.));
#3514=DIRECTION('',(0.,0.,1.));
#3515=DIRECTION('center_axis',(0.,0.,1.));
#3516=DIRECTION('ref_axis',(0.,-1.,0.));
#3517=DIRECTION('',(0.,0.,1.));
#3518=DIRECTION('center_axis',(-1.,0.,0.));
#3519=DIRECTION('ref_axis',(0.,-1.,0.));
#3520=DIRECTION('',(0.,0.,1.));
#3521=DIRECTION('center_axis',(0.,0.,1.));
#3522=DIRECTION('ref_axis',(1.,0.,0.));
#3523=DIRECTION('',(0.,0.,1.));
#3524=DIRECTION('center_axis',(0.,-1.,0.));
#3525=DIRECTION('ref_axis',(1.,0.,0.));
#3526=DIRECTION('',(0.,0.,1.));
#3527=DIRECTION('center_axis',(0.,0.,1.));
#3528=DIRECTION('ref_axis',(0.,1.,0.));
#3529=DIRECTION('center_axis',(0.,-1.,0.));
#3530=DIRECTION('ref_axis',(1.,0.,0.));
#3531=DIRECTION('',(1.224646799147E-16,1.359631073447E-32,-1.));
#3532=DIRECTION('',(1.110223024625E-16,-1.,7.7037197774104E-34));
#3533=DIRECTION('',(-8.55284707229382E-50,-3.42113882891801E-49,1.));
#3534=DIRECTION('',(1.110223024625E-16,1.,-7.70371977747967E-34));
#3535=DIRECTION('',(-8.55284707229382E-50,-3.42113882891801E-49,1.));
#3536=DIRECTION('',(1.,0.,-7.69065022864469E-61));
#3537=DIRECTION('',(-8.55284707229382E-50,-3.42113882891801E-49,1.));
#3538=DIRECTION('',(1.,0.,-7.69065022864469E-61));
#3539=DIRECTION('',(1.359631073447E-32,1.224646799147E-16,-1.));
#3540=DIRECTION('',(-1.110223024625E-16,-1.,-1.224646799147E-16));
#3541=DIRECTION('',(-1.224646799147E-16,-1.359631073447E-32,-1.));
#3542=DIRECTION('',(1.110223024625E-16,-1.,7.70371977754895E-34));
#3543=DIRECTION('',(1.224646799147E-16,1.359631073447E-32,-1.));
#3544=DIRECTION('',(1.110223024625E-16,-1.,7.7037197774104E-34));
#3545=DIRECTION('',(-8.55284707229382E-50,-3.42113882891801E-49,1.));
#3546=DIRECTION('',(1.110223024625E-16,1.,-7.70371977747967E-34));
#3547=DIRECTION('',(1.224646799147E-16,1.359631073447E-32,-1.));
#3548=DIRECTION('',(1.110223024625E-16,-1.,7.7037197774104E-34));
#3549=DIRECTION('',(-8.55284707229382E-50,-3.42113882891801E-49,1.));
#3550=DIRECTION('',(1.110223024625E-16,1.,-7.70371977747967E-34));
#3551=DIRECTION('',(1.224646799147E-16,1.359631073447E-32,-1.));
#3552=DIRECTION('',(1.110223024625E-16,-1.,7.7037197774104E-34));
#3553=DIRECTION('',(-8.55284707229382E-50,-3.42113882891801E-49,1.));
#3554=DIRECTION('',(1.110223024625E-16,1.,-7.70371977747967E-34));
#3555=DIRECTION('',(1.224646799147E-16,1.359631073447E-32,-1.));
#3556=DIRECTION('',(1.110223024625E-16,-1.,7.7037197774104E-34));
#3557=DIRECTION('',(-8.55284707229382E-50,-3.42113882891801E-49,1.));
#3558=DIRECTION('',(1.110223024625E-16,1.,-7.70371977747967E-34));
#3559=DIRECTION('',(-8.55284707229382E-50,-3.42113882891801E-49,1.));
#3560=DIRECTION('',(1.110223024625E-16,1.,-7.70371977747967E-34));
#3561=DIRECTION('',(-8.55284707229382E-50,-3.42113882891801E-49,1.));
#3562=DIRECTION('',(1.110223024625E-16,1.,-7.70371977747967E-34));
#3563=DIRECTION('',(-8.55284707229382E-50,-3.42113882891801E-49,1.));
#3564=DIRECTION('',(1.110223024625E-16,1.,-7.70371977747967E-34));
#3565=DIRECTION('',(1.224646799147E-16,1.359631073447E-32,-1.));
#3566=DIRECTION('',(1.110223024625E-16,-1.,7.7037197774104E-34));
#3567=DIRECTION('',(-1.224646799147E-16,-1.359631073447E-32,-1.));
#3568=DIRECTION('',(1.110223024625E-16,-1.,7.70371977754895E-34));
#3569=DIRECTION('',(-8.55284707229382E-50,-3.42113882891801E-49,1.));
#3570=DIRECTION('',(1.110223024625E-16,1.,-7.70371977747967E-34));
#3571=CARTESIAN_POINT('',(0.,0.,0.));
#3572=CARTESIAN_POINT('',(0.,0.,0.));
#3573=CARTESIAN_POINT('',(0.,0.,0.));
#3574=CARTESIAN_POINT('',(0.,0.,0.));
#3575=CARTESIAN_POINT('',(0.,0.,0.));
#3576=CARTESIAN_POINT('',(0.,0.,0.));
#3577=CARTESIAN_POINT('',(0.,0.,0.));
#3578=CARTESIAN_POINT('',(0.,0.,0.));
#3579=CARTESIAN_POINT('',(0.,0.,0.));
#3580=CARTESIAN_POINT('',(0.,0.,0.));
#3581=CARTESIAN_POINT('',(0.,0.,0.));
#3582=CARTESIAN_POINT('',(0.,0.,0.));
#3583=CARTESIAN_POINT('',(0.,0.,0.));
#3584=CARTESIAN_POINT('',(0.,0.,0.));
#3585=CARTESIAN_POINT('',(0.,0.,0.));
#3586=CARTESIAN_POINT('',(0.,0.,0.));
#3587=CARTESIAN_POINT('',(0.,0.,0.));
#3588=CARTESIAN_POINT('',(0.,0.,0.));
#3589=CARTESIAN_POINT('',(0.307086614173002,0.307086614173002,-0.342519685039));
#3590=CARTESIAN_POINT('',(0.307086614173002,0.307086614173002,-5.742519685039));
#3591=CARTESIAN_POINT('',(3.157086614173,0.307086614173002,0.457480314961));
#3592=CARTESIAN_POINT('',(-2.59291338582699,4.00708661417299,8.457480314961));
#3593=CARTESIAN_POINT('',(0.307086614173002,0.307086614173002,6.757480314961));
#3594=CARTESIAN_POINT('',(-2.146190518877,-4.142913385827,2.152260232391));
#3595=CARTESIAN_POINT('',(0.307086614173002,0.30708661417302,-0.342519685039));
#3596=CARTESIAN_POINT('',(0.307086614173002,0.30708661417302,-5.742519685039));
#3597=CARTESIAN_POINT('',(3.157086614173,0.30708661417302,0.457480314961001));
#3598=CARTESIAN_POINT('',(-2.592913385827,4.00708661417301,8.457480314961));
#3599=CARTESIAN_POINT('',(0.307086614173002,0.30708661417302,6.757480314961));
#3600=CARTESIAN_POINT('',(-2.146190518877,-4.14291338582698,2.152260232391));
#3601=CARTESIAN_POINT('',(0.307086614173002,0.30708661417302,-0.342519685039));
#3602=CARTESIAN_POINT('',(0.307086614173002,0.30708661417302,-5.742519685039));
#3603=CARTESIAN_POINT('',(3.157086614173,0.30708661417302,0.457480314961));
#3604=CARTESIAN_POINT('',(-2.592913385827,4.00708661417301,8.457480314961));
#3605=CARTESIAN_POINT('',(0.307086614173002,0.30708661417302,6.757480314961));
#3606=CARTESIAN_POINT('',(-2.146190518877,-4.14291338582697,2.152260232391));
#3607=CARTESIAN_POINT('',(0.307086614173002,0.30708661417302,-0.342519685039));
#3608=CARTESIAN_POINT('',(0.307086614173002,0.30708661417302,-5.742519685039));
#3609=CARTESIAN_POINT('',(3.157086614173,0.30708661417302,0.457480314961));
#3610=CARTESIAN_POINT('',(-2.59291338582701,4.00708661417301,8.457480314961));
#3611=CARTESIAN_POINT('',(0.307086614173002,0.30708661417302,6.757480314961));
#3612=CARTESIAN_POINT('',(-2.146190518877,-4.14291338582698,2.152260232391));
#3613=CARTESIAN_POINT('',(0.307086614173002,0.30708661417302,-0.342519685039));
#3614=CARTESIAN_POINT('',(0.307086614173002,0.30708661417302,-5.742519685039));
#3615=CARTESIAN_POINT('',(3.157086614173,0.30708661417302,0.457480314961));
#3616=CARTESIAN_POINT('',(-2.59291338582701,4.00708661417301,8.457480314961));
#3617=CARTESIAN_POINT('',(0.307086614173002,0.30708661417302,6.757480314961));
#3618=CARTESIAN_POINT('',(-2.146190518877,-4.14291338582698,2.152260232391));
#3619=CARTESIAN_POINT('',(0.307086614173002,0.307086614173002,-0.342519685039));
#3620=CARTESIAN_POINT('',(0.307086614173002,0.307086614173002,-5.742519685039));
#3621=CARTESIAN_POINT('',(3.157086614173,0.307086614173002,0.457480314961));
#3622=CARTESIAN_POINT('',(-2.592913385827,4.00708661417299,8.457480314961));
#3623=CARTESIAN_POINT('',(0.307086614173002,0.307086614173002,6.757480314961));
#3624=CARTESIAN_POINT('',(-2.14619051887699,-4.142913385827,2.152260232391));
#3625=CARTESIAN_POINT('',(0.307086614173002,0.30708661417302,-0.342519685039));
#3626=CARTESIAN_POINT('',(0.307086614173002,0.30708661417302,-5.742519685039));
#3627=CARTESIAN_POINT('',(3.157086614173,0.30708661417302,0.457480314961));
#3628=CARTESIAN_POINT('',(-2.59291338582699,4.00708661417301,8.457480314961));
#3629=CARTESIAN_POINT('',(0.307086614173002,0.30708661417302,6.757480314961));
#3630=CARTESIAN_POINT('',(-2.146190518877,-4.14291338582698,2.152260232391));
#3631=CARTESIAN_POINT('',(0.307086614173002,0.307086614173002,-0.342519685039));
#3632=CARTESIAN_POINT('',(0.307086614173002,0.307086614173002,-5.742519685039));
#3633=CARTESIAN_POINT('',(3.157086614173,0.307086614173002,0.457480314961));
#3634=CARTESIAN_POINT('',(-2.59291338582701,4.00708661417299,8.457480314961));
#3635=CARTESIAN_POINT('',(0.307086614173002,0.307086614173002,6.757480314961));
#3636=CARTESIAN_POINT('',(-2.146190518877,-4.142913385827,2.152260232391));
#3637=CARTESIAN_POINT('',(0.307086614173002,0.30708661417302,-0.342519685039));
#3638=CARTESIAN_POINT('',(0.307086614173002,0.30708661417302,-5.742519685039));
#3639=CARTESIAN_POINT('',(3.157086614173,0.30708661417302,0.457480314961));
#3640=CARTESIAN_POINT('',(-2.59291338582699,4.00708661417301,8.457480314961));
#3641=CARTESIAN_POINT('',(0.307086614173002,0.30708661417302,6.757480314961));
#3642=CARTESIAN_POINT('',(-2.146190518877,-4.14291338582698,2.152260232391));
#3643=CARTESIAN_POINT('',(0.,0.,0.));
#3644=CARTESIAN_POINT('Origin',(178.27000493356,-121.040001550317,-1.4));
#3645=CARTESIAN_POINT('',(179.72000493356,-121.040001550317,3.6));
#3646=CARTESIAN_POINT('Origin',(178.27000493356,-121.040001550317,3.6));
#3647=CARTESIAN_POINT('',(179.72000493356,-121.040001550317,7.1));
#3648=CARTESIAN_POINT('',(179.72000493356,-121.040001550317,-1.4));
#3649=CARTESIAN_POINT('Origin',(178.27000493356,-121.040001550317,7.1));
#3650=CARTESIAN_POINT('Origin',(178.27000493356,-121.040001550317,7.1));
#3651=CARTESIAN_POINT('Origin',(99.8700049335603,-33.8400015503168,-1.4));
#3652=CARTESIAN_POINT('',(101.32000493356,-33.8400015503168,3.6));
#3653=CARTESIAN_POINT('Origin',(99.8700049335603,-33.8400015503168,3.6));
#3654=CARTESIAN_POINT('',(101.32000493356,-33.8400015503168,7.1));
#3655=CARTESIAN_POINT('',(101.32000493356,-33.8400015503168,-1.4));
#3656=CARTESIAN_POINT('Origin',(99.8700049335603,-33.8400015503168,7.1));
#3657=CARTESIAN_POINT('Origin',(99.8700049335603,-33.8400015503168,7.1));
#3658=CARTESIAN_POINT('Origin',(99.8700049335603,-121.040001550317,-1.4));
#3659=CARTESIAN_POINT('',(101.32000493356,-121.040001550317,3.6));
#3660=CARTESIAN_POINT('Origin',(99.8700049335603,-121.040001550317,3.6));
#3661=CARTESIAN_POINT('',(101.32000493356,-121.040001550317,7.1));
#3662=CARTESIAN_POINT('',(101.32000493356,-121.040001550317,-1.4));
#3663=CARTESIAN_POINT('Origin',(99.8700049335603,-121.040001550317,7.1));
#3664=CARTESIAN_POINT('Origin',(99.8700049335603,-121.040001550317,7.1));
#3665=CARTESIAN_POINT('Origin',(178.27000493356,-33.8400015503168,-1.4));
#3666=CARTESIAN_POINT('',(179.72000493356,-33.8400015503168,3.6));
#3667=CARTESIAN_POINT('Origin',(178.27000493356,-33.8400015503168,3.6));
#3668=CARTESIAN_POINT('',(179.72000493356,-33.8400015503168,7.1));
#3669=CARTESIAN_POINT('',(179.72000493356,-33.8400015503168,-1.4));
#3670=CARTESIAN_POINT('Origin',(178.27000493356,-33.8400015503168,7.1));
#3671=CARTESIAN_POINT('Origin',(178.27000493356,-33.8400015503168,7.1));
#3672=CARTESIAN_POINT('Origin',(174.27000493356,-118.040001550317,5.1));
#3673=CARTESIAN_POINT('',(103.87000493356,-118.040001550317,5.1));
#3674=CARTESIAN_POINT('',(174.27000493356,-118.040001550317,5.1));
#3675=CARTESIAN_POINT('',(156.42250246678,-118.040001550317,5.1));
#3676=CARTESIAN_POINT('',(103.87000493356,-118.040001550317,8.1));
#3677=CARTESIAN_POINT('',(103.87000493356,-118.040001550317,5.1));
#3678=CARTESIAN_POINT('',(174.27000493356,-118.040001550317,8.1));
#3679=CARTESIAN_POINT('',(156.67000493356,-118.040001550317,8.1));
#3680=CARTESIAN_POINT('',(174.27000493356,-118.040001550317,5.1));
#3681=CARTESIAN_POINT('Origin',(139.07000493356,-77.4400015503168,8.1));
#3682=CARTESIAN_POINT('',(178.27000493356,-29.8400015503168,8.1));
#3683=CARTESIAN_POINT('',(182.27000493356,-33.8400015503168,8.1));
#3684=CARTESIAN_POINT('Origin',(178.27000493356,-33.8400015503168,8.1));
#3685=CARTESIAN_POINT('',(99.8700049335603,-29.8400015503168,8.1));
#3686=CARTESIAN_POINT('',(95.8700049335603,-29.8400015503168,8.1));
#3687=CARTESIAN_POINT('',(95.8700049335603,-33.8400015503168,8.1));
#3688=CARTESIAN_POINT('Origin',(99.8700049335603,-33.8400015503168,8.1));
#3689=CARTESIAN_POINT('',(95.8700049335603,-121.040001550317,8.1));
#3690=CARTESIAN_POINT('',(95.8700049335603,-125.040001550317,8.1));
#3691=CARTESIAN_POINT('',(99.8700049335602,-125.040001550317,8.1));
#3692=CARTESIAN_POINT('Origin',(99.8700049335602,-121.040001550317,8.1));
#3693=CARTESIAN_POINT('',(178.27000493356,-125.040001550317,8.1));
#3694=CARTESIAN_POINT('',(182.27000493356,-125.040001550317,8.1));
#3695=CARTESIAN_POINT('',(182.27000493356,-121.040001550317,8.1));
#3696=CARTESIAN_POINT('Origin',(178.27000493356,-121.040001550317,8.1));
#3697=CARTESIAN_POINT('',(182.27000493356,-29.8400015503168,8.1));
#3698=CARTESIAN_POINT('',(174.27000493356,-55.8400015503168,8.1));
#3699=CARTESIAN_POINT('',(174.27000493356,-37.8400015503168,8.1));
#3700=CARTESIAN_POINT('',(103.87000493356,-55.8400015503168,8.1));
#3701=CARTESIAN_POINT('',(103.87000493356,-97.2400015503168,8.1));
#3702=CARTESIAN_POINT('',(103.87000493356,-55.8400015503168,8.1));
#3703=CARTESIAN_POINT('Origin',(148.27001217557,-52.8400015503168,7.00000010430813));
#3704=CARTESIAN_POINT('',(148.27001217557,-52.8400015503168,7.00000010430813));
#3705=CARTESIAN_POINT('',(148.27,-52.8400015503168,5.1));
#3706=CARTESIAN_POINT('',(148.27001217557,-52.8400015503168,3.56258271582739));
#3707=CARTESIAN_POINT('',(148.27,-55.8400015503168,5.1));
#3708=CARTESIAN_POINT('',(148.27,-73.2875,5.1));
#3709=CARTESIAN_POINT('',(148.27001217557,-55.8400015503168,7.00000010430813));
#3710=CARTESIAN_POINT('',(148.27001217557,-55.8400015503168,3.56258271582739));
#3711=CARTESIAN_POINT('',(148.27001217557,-52.8400015503168,7.00000010430813));
#3712=CARTESIAN_POINT('Origin',(103.87000493356,-55.8400015503168,5.1));
#3713=CARTESIAN_POINT('',(129.994929074101,-55.8400015503168,7.00000010430813));
#3714=CARTESIAN_POINT('',(118.214102503831,-55.8400015503168,7.00000010430813));
#3715=CARTESIAN_POINT('',(174.27000493356,-55.8400015503168,5.1));
#3716=CARTESIAN_POINT('',(121.22250246678,-55.8400015503168,5.1));
#3717=CARTESIAN_POINT('',(174.27000493356,-55.8400015503168,5.1));
#3718=CARTESIAN_POINT('',(103.87000493356,-55.8400015503168,5.1));
#3719=CARTESIAN_POINT('',(103.87000493356,-55.8400015503168,5.1));
#3720=CARTESIAN_POINT('',(129.994929074101,-55.8400015503168,5.1));
#3721=CARTESIAN_POINT('',(121.22250246678,-55.8400015503168,5.1));
#3722=CARTESIAN_POINT('',(129.994929074101,-55.8400015503168,6.05000005215406));
#3723=CARTESIAN_POINT('Origin',(174.27000493356,-37.8400015503168,5.1));
#3724=CARTESIAN_POINT('',(174.27000493356,-62.7075007751584,5.1));
#3725=CARTESIAN_POINT('Origin',(138.575,-87.575,5.1));
#3726=CARTESIAN_POINT('',(148.27,-59.,5.1));
#3727=CARTESIAN_POINT('',(148.27,-73.2875,5.1));
#3728=CARTESIAN_POINT('',(129.994978505346,-59.,5.1));
#3729=CARTESIAN_POINT('',(167.15,-59.,5.1));
#3730=CARTESIAN_POINT('',(129.994978505346,-29.84,5.1));
#3731=CARTESIAN_POINT('',(129.994978505346,-73.2875,5.1));
#3732=CARTESIAN_POINT('',(129.994929074101,-29.8400015503168,5.1));
#3733=CARTESIAN_POINT('',(147.414100037051,-29.84,5.1));
#3734=CARTESIAN_POINT('',(129.994929074101,-70.2075007751584,5.1));
#3735=CARTESIAN_POINT('',(103.87000493356,-102.307500775158,5.1));
#3736=CARTESIAN_POINT('',(112.525,-62.025,5.1));
#3737=CARTESIAN_POINT('',(113.025,-61.525,5.1));
#3738=CARTESIAN_POINT('Origin',(113.025,-62.025,5.1));
#3739=CARTESIAN_POINT('',(126.025,-61.525,5.1));
#3740=CARTESIAN_POINT('',(113.025,-61.525,5.1));
#3741=CARTESIAN_POINT('',(126.525,-62.025,5.1));
#3742=CARTESIAN_POINT('Origin',(126.025,-62.025,5.1));
#3743=CARTESIAN_POINT('',(126.525,-75.025,5.1));
#3744=CARTESIAN_POINT('',(126.525,-62.025,5.1));
#3745=CARTESIAN_POINT('',(126.025,-75.525,5.1));
#3746=CARTESIAN_POINT('Origin',(126.025,-75.025,5.1));
#3747=CARTESIAN_POINT('',(113.025,-75.525,5.1));
#3748=CARTESIAN_POINT('',(113.025,-75.525,5.1));
#3749=CARTESIAN_POINT('',(112.525,-75.025,5.1));
#3750=CARTESIAN_POINT('Origin',(113.025,-75.025,5.1));
#3751=CARTESIAN_POINT('',(112.525,-62.025,5.1));
#3752=CARTESIAN_POINT('',(150.625,-100.125,5.1));
#3753=CARTESIAN_POINT('',(151.125,-99.625,5.1));
#3754=CARTESIAN_POINT('Origin',(151.125,-100.125,5.1));
#3755=CARTESIAN_POINT('',(164.125,-99.625,5.1));
#3756=CARTESIAN_POINT('',(151.125,-99.625,5.1));
#3757=CARTESIAN_POINT('',(164.625,-100.125,5.1));
#3758=CARTESIAN_POINT('Origin',(164.125,-100.125,5.1));
#3759=CARTESIAN_POINT('',(164.625,-113.125,5.1));
#3760=CARTESIAN_POINT('',(164.625,-100.125,5.1));
#3761=CARTESIAN_POINT('',(164.125,-113.625,5.1));
#3762=CARTESIAN_POINT('Origin',(164.125,-113.125,5.1));
#3763=CARTESIAN_POINT('',(151.125,-113.625,5.1));
#3764=CARTESIAN_POINT('',(151.125,-113.625,5.1));
#3765=CARTESIAN_POINT('',(150.625,-113.125,5.1));
#3766=CARTESIAN_POINT('Origin',(151.125,-113.125,5.1));
#3767=CARTESIAN_POINT('',(150.625,-100.125,5.1));
#3768=CARTESIAN_POINT('',(131.575,-100.125,5.1));
#3769=CARTESIAN_POINT('',(132.075,-99.625,5.1));
#3770=CARTESIAN_POINT('Origin',(132.075,-100.125,5.1));
#3771=CARTESIAN_POINT('',(145.075,-99.625,5.1));
#3772=CARTESIAN_POINT('',(132.075,-99.625,5.1));
#3773=CARTESIAN_POINT('',(145.575,-100.125,5.1));
#3774=CARTESIAN_POINT('Origin',(145.075,-100.125,5.1));
#3775=CARTESIAN_POINT('',(145.575,-113.125,5.1));
#3776=CARTESIAN_POINT('',(145.575,-100.125,5.1));
#3777=CARTESIAN_POINT('',(145.075,-113.625,5.1));
#3778=CARTESIAN_POINT('Origin',(145.075,-113.125,5.1));
#3779=CARTESIAN_POINT('',(132.075,-113.625,5.1));
#3780=CARTESIAN_POINT('',(132.075,-113.625,5.1));
#3781=CARTESIAN_POINT('',(131.575,-113.125,5.1));
#3782=CARTESIAN_POINT('Origin',(132.075,-113.125,5.1));
#3783=CARTESIAN_POINT('',(131.575,-100.125,5.1));
#3784=CARTESIAN_POINT('',(112.525,-100.125,5.1));
#3785=CARTESIAN_POINT('',(113.025,-99.625,5.1));
#3786=CARTESIAN_POINT('Origin',(113.025,-100.125,5.1));
#3787=CARTESIAN_POINT('',(126.025,-99.625,5.1));
#3788=CARTESIAN_POINT('',(113.025,-99.625,5.1));
#3789=CARTESIAN_POINT('',(126.525,-100.125,5.1));
#3790=CARTESIAN_POINT('Origin',(126.025,-100.125,5.1));
#3791=CARTESIAN_POINT('',(126.525,-113.125,5.1));
#3792=CARTESIAN_POINT('',(126.525,-100.125,5.1));
#3793=CARTESIAN_POINT('',(126.025,-113.625,5.1));
#3794=CARTESIAN_POINT('Origin',(126.025,-113.125,5.1));
#3795=CARTESIAN_POINT('',(113.025,-113.625,5.1));
#3796=CARTESIAN_POINT('',(113.025,-113.625,5.1));
#3797=CARTESIAN_POINT('',(112.525,-113.125,5.1));
#3798=CARTESIAN_POINT('Origin',(113.025,-113.125,5.1));
#3799=CARTESIAN_POINT('',(112.525,-100.125,5.1));
#3800=CARTESIAN_POINT('',(150.625,-81.075,5.1));
#3801=CARTESIAN_POINT('',(151.125,-80.575,5.1));
#3802=CARTESIAN_POINT('Origin',(151.125,-81.075,5.1));
#3803=CARTESIAN_POINT('',(164.125,-80.575,5.1));
#3804=CARTESIAN_POINT('',(151.125,-80.575,5.1));
#3805=CARTESIAN_POINT('',(164.625,-81.075,5.1));
#3806=CARTESIAN_POINT('Origin',(164.125,-81.075,5.1));
#3807=CARTESIAN_POINT('',(164.625,-94.075,5.1));
#3808=CARTESIAN_POINT('',(164.625,-81.075,5.1));
#3809=CARTESIAN_POINT('',(164.125,-94.575,5.1));
#3810=CARTESIAN_POINT('Origin',(164.125,-94.075,5.1));
#3811=CARTESIAN_POINT('',(151.125,-94.575,5.1));
#3812=CARTESIAN_POINT('',(151.125,-94.575,5.1));
#3813=CARTESIAN_POINT('',(150.625,-94.075,5.1));
#3814=CARTESIAN_POINT('Origin',(151.125,-94.075,5.1));
#3815=CARTESIAN_POINT('',(150.625,-81.075,5.1));
#3816=CARTESIAN_POINT('',(150.625,-62.025,5.1));
#3817=CARTESIAN_POINT('',(151.125,-61.525,5.1));
#3818=CARTESIAN_POINT('Origin',(151.125,-62.025,5.1));
#3819=CARTESIAN_POINT('',(164.125,-61.525,5.1));
#3820=CARTESIAN_POINT('',(151.125,-61.525,5.1));
#3821=CARTESIAN_POINT('',(164.625,-62.025,5.1));
#3822=CARTESIAN_POINT('Origin',(164.125,-62.025,5.1));
#3823=CARTESIAN_POINT('',(164.625,-75.025,5.1));
#3824=CARTESIAN_POINT('',(164.625,-62.025,5.1));
#3825=CARTESIAN_POINT('',(164.125,-75.525,5.1));
#3826=CARTESIAN_POINT('Origin',(164.125,-75.025,5.1));
#3827=CARTESIAN_POINT('',(151.125,-75.525,5.1));
#3828=CARTESIAN_POINT('',(151.125,-75.525,5.1));
#3829=CARTESIAN_POINT('',(150.625,-75.025,5.1));
#3830=CARTESIAN_POINT('Origin',(151.125,-75.025,5.1));
#3831=CARTESIAN_POINT('',(150.625,-62.025,5.1));
#3832=CARTESIAN_POINT('',(112.525,-81.075,5.1));
#3833=CARTESIAN_POINT('',(113.025,-80.575,5.1));
#3834=CARTESIAN_POINT('Origin',(113.025,-81.075,5.1));
#3835=CARTESIAN_POINT('',(126.025,-80.575,5.1));
#3836=CARTESIAN_POINT('',(113.025,-80.575,5.1));
#3837=CARTESIAN_POINT('',(126.525,-81.075,5.1));
#3838=CARTESIAN_POINT('Origin',(126.025,-81.075,5.1));
#3839=CARTESIAN_POINT('',(126.525,-94.075,5.1));
#3840=CARTESIAN_POINT('',(126.525,-81.075,5.1));
#3841=CARTESIAN_POINT('',(126.025,-94.575,5.1));
#3842=CARTESIAN_POINT('Origin',(126.025,-94.075,5.1));
#3843=CARTESIAN_POINT('',(113.025,-94.575,5.1));
#3844=CARTESIAN_POINT('',(113.025,-94.575,5.1));
#3845=CARTESIAN_POINT('',(112.525,-94.075,5.1));
#3846=CARTESIAN_POINT('Origin',(113.025,-94.075,5.1));
#3847=CARTESIAN_POINT('',(112.525,-81.075,5.1));
#3848=CARTESIAN_POINT('',(131.575,-81.075,5.1));
#3849=CARTESIAN_POINT('',(132.075,-80.575,5.1));
#3850=CARTESIAN_POINT('Origin',(132.075,-81.075,5.1));
#3851=CARTESIAN_POINT('',(145.075,-80.575,5.1));
#3852=CARTESIAN_POINT('',(132.075,-80.575,5.1));
#3853=CARTESIAN_POINT('',(145.575,-81.075,5.1));
#3854=CARTESIAN_POINT('Origin',(145.075,-81.075,5.1));
#3855=CARTESIAN_POINT('',(145.575,-94.075,5.1));
#3856=CARTESIAN_POINT('',(145.575,-81.075,5.1));
#3857=CARTESIAN_POINT('',(145.075,-94.575,5.1));
#3858=CARTESIAN_POINT('Origin',(145.075,-94.075,5.1));
#3859=CARTESIAN_POINT('',(132.075,-94.575,5.1));
#3860=CARTESIAN_POINT('',(132.075,-94.575,5.1));
#3861=CARTESIAN_POINT('',(131.575,-94.075,5.1));
#3862=CARTESIAN_POINT('Origin',(132.075,-94.075,5.1));
#3863=CARTESIAN_POINT('',(131.575,-81.075,5.1));
#3864=CARTESIAN_POINT('',(131.575,-62.025,5.1));
#3865=CARTESIAN_POINT('',(132.075,-61.525,5.1));
#3866=CARTESIAN_POINT('Origin',(132.075,-62.025,5.1));
#3867=CARTESIAN_POINT('',(145.075,-61.525,5.1));
#3868=CARTESIAN_POINT('',(132.075,-61.525,5.1));
#3869=CARTESIAN_POINT('',(145.575,-62.025,5.1));
#3870=CARTESIAN_POINT('Origin',(145.075,-62.025,5.1));
#3871=CARTESIAN_POINT('',(145.575,-75.025,5.1));
#3872=CARTESIAN_POINT('',(145.575,-62.025,5.1));
#3873=CARTESIAN_POINT('',(145.075,-75.525,5.1));
#3874=CARTESIAN_POINT('Origin',(145.075,-75.025,5.1));
#3875=CARTESIAN_POINT('',(132.075,-75.525,5.1));
#3876=CARTESIAN_POINT('',(132.075,-75.525,5.1));
#3877=CARTESIAN_POINT('',(131.575,-75.025,5.1));
#3878=CARTESIAN_POINT('Origin',(132.075,-75.025,5.1));
#3879=CARTESIAN_POINT('',(131.575,-62.025,5.1));
#3880=CARTESIAN_POINT('Origin',(129.994929074101,0.,7.00000010430813));
#3881=CARTESIAN_POINT('',(129.994929074101,-29.8400015503168,7.00000010430813));
#3882=CARTESIAN_POINT('',(129.994929074101,-29.84,5.67500005215406));
#3883=CARTESIAN_POINT('',(129.994929074101,-37.8400015503168,7.00000010430813));
#3884=CARTESIAN_POINT('Origin',(164.77,-29.84,4.35));
#3885=CARTESIAN_POINT('',(148.27001217557,-29.8400015503168,7.00000010430813));
#3886=CARTESIAN_POINT('',(148.664100037051,-29.84,7.00000010430813));
#3887=CARTESIAN_POINT('',(129.994978505346,-29.84,3.6));
#3888=CARTESIAN_POINT('',(129.994978505346,-29.84,4.725));
#3889=CARTESIAN_POINT('',(99.87,-29.84,3.6));
#3890=CARTESIAN_POINT('',(131.994978505346,-29.84,3.6));
#3891=CARTESIAN_POINT('',(99.87,-29.84,5.1));
#3892=CARTESIAN_POINT('',(99.87,-29.84,3.975));
#3893=CARTESIAN_POINT('',(99.8700049335603,-29.8400015503168,5.1));
#3894=CARTESIAN_POINT('',(178.27,-29.84,5.1));
#3895=CARTESIAN_POINT('',(178.27000493356,-29.8400015503168,5.1));
#3896=CARTESIAN_POINT('',(178.27,-29.84,3.6));
#3897=CARTESIAN_POINT('',(178.27,-29.84,3.975));
#3898=CARTESIAN_POINT('',(148.27,-29.84,3.6));
#3899=CARTESIAN_POINT('',(149.27,-29.84,3.6));
#3900=CARTESIAN_POINT('',(148.27,-29.84,5.1));
#3901=CARTESIAN_POINT('',(148.27,-29.84,3.975));
#3902=CARTESIAN_POINT('',(148.27001217557,-29.84,3.18758271582739));
#3903=CARTESIAN_POINT('Origin',(103.87000493356,-117.040001550317,5.1));
#3904=CARTESIAN_POINT('Origin',(146.00000217557,0.,7.00000010430813));
#3905=CARTESIAN_POINT('',(148.27001217557,-37.8400015503168,7.00000010430813));
#3906=CARTESIAN_POINT('Origin',(178.27000493356,-33.8400015503168,5.1));
#3907=CARTESIAN_POINT('',(182.27,-33.84,5.1));
#3908=CARTESIAN_POINT('',(182.27000493356,-33.8400015503168,5.1));
#3909=CARTESIAN_POINT('Origin',(178.27,-33.84,5.1));
#3910=CARTESIAN_POINT('Origin',(178.27000493356,-121.040001550317,5.1));
#3911=CARTESIAN_POINT('',(178.27,-125.04,5.1));
#3912=CARTESIAN_POINT('',(178.27000493356,-125.040001550317,5.1));
#3913=CARTESIAN_POINT('',(182.27,-121.04,5.1));
#3914=CARTESIAN_POINT('Origin',(178.27,-121.04,5.1));
#3915=CARTESIAN_POINT('',(182.27000493356,-121.040001550317,5.1));
#3916=CARTESIAN_POINT('Origin',(99.8700049335603,-33.8400015503168,5.1));
#3917=CARTESIAN_POINT('',(95.87,-33.84,5.1));
#3918=CARTESIAN_POINT('Origin',(99.87,-33.84,5.1));
#3919=CARTESIAN_POINT('',(95.8700049335603,-33.8400015503168,5.1));
#3920=CARTESIAN_POINT('Origin',(99.8700049335602,-121.040001550317,5.1));
#3921=CARTESIAN_POINT('',(95.87,-121.04,5.1));
#3922=CARTESIAN_POINT('',(95.8700049335603,-121.040001550317,5.1));
#3923=CARTESIAN_POINT('',(99.87,-125.04,5.1));
#3924=CARTESIAN_POINT('Origin',(99.87,-121.04,5.1));
#3925=CARTESIAN_POINT('',(99.8700049335602,-125.040001550317,5.1));
#3926=CARTESIAN_POINT('Origin',(178.27,-121.04,3.6));
#3927=CARTESIAN_POINT('',(178.27,-125.04,3.6));
#3928=CARTESIAN_POINT('',(182.27,-121.04,3.6));
#3929=CARTESIAN_POINT('Origin',(178.27,-121.04,3.6));
#3930=CARTESIAN_POINT('',(182.27,-121.04,3.6));
#3931=CARTESIAN_POINT('',(178.27,-125.04,3.6));
#3932=CARTESIAN_POINT('Origin',(182.27,-116.15,3.6));
#3933=CARTESIAN_POINT('',(182.27,-33.84,3.6));
#3934=CARTESIAN_POINT('',(182.27,-116.15,3.6));
#3935=CARTESIAN_POINT('',(182.27,-33.84,3.975));
#3936=CARTESIAN_POINT('Origin',(138.575,-87.575,3.6));
#3937=CARTESIAN_POINT('',(99.87,-125.04,3.6));
#3938=CARTESIAN_POINT('',(124.2875,-125.04,3.6));
#3939=CARTESIAN_POINT('',(95.87,-121.04,3.6));
#3940=CARTESIAN_POINT('Origin',(99.87,-121.04,3.6));
#3941=CARTESIAN_POINT('',(95.87,-33.84,3.6));
#3942=CARTESIAN_POINT('',(95.87,-59.,3.6));
#3943=CARTESIAN_POINT('Origin',(99.87,-33.84,3.6));
#3944=CARTESIAN_POINT('',(129.994978505346,-59.,3.6));
#3945=CARTESIAN_POINT('',(129.994978505346,-73.2875,3.6));
#3946=CARTESIAN_POINT('',(148.27,-59.,3.6));
#3947=CARTESIAN_POINT('',(142.9225,-59.,3.6));
#3948=CARTESIAN_POINT('',(148.27,-73.2875,3.6));
#3949=CARTESIAN_POINT('Origin',(178.27,-33.84,3.6));
#3950=CARTESIAN_POINT('',(112.525,-62.025,3.6));
#3951=CARTESIAN_POINT('',(113.025,-61.525,3.6));
#3952=CARTESIAN_POINT('Origin',(113.025,-62.025,3.6));
#3953=CARTESIAN_POINT('',(112.525,-75.025,3.6));
#3954=CARTESIAN_POINT('',(112.525,-62.025,3.6));
#3955=CARTESIAN_POINT('',(113.025,-75.525,3.6));
#3956=CARTESIAN_POINT('Origin',(113.025,-75.025,3.6));
#3957=CARTESIAN_POINT('',(126.025,-75.525,3.6));
#3958=CARTESIAN_POINT('',(113.025,-75.525,3.6));
#3959=CARTESIAN_POINT('',(126.525,-75.025,3.6));
#3960=CARTESIAN_POINT('Origin',(126.025,-75.025,3.6));
#3961=CARTESIAN_POINT('',(126.525,-62.025,3.6));
#3962=CARTESIAN_POINT('',(126.525,-62.025,3.6));
#3963=CARTESIAN_POINT('',(126.025,-61.525,3.6));
#3964=CARTESIAN_POINT('Origin',(126.025,-62.025,3.6));
#3965=CARTESIAN_POINT('',(113.025,-61.525,3.6));
#3966=CARTESIAN_POINT('',(150.625,-100.125,3.6));
#3967=CARTESIAN_POINT('',(151.125,-99.625,3.6));
#3968=CARTESIAN_POINT('Origin',(151.125,-100.125,3.6));
#3969=CARTESIAN_POINT('',(150.625,-113.125,3.6));
#3970=CARTESIAN_POINT('',(150.625,-100.125,3.6));
#3971=CARTESIAN_POINT('',(151.125,-113.625,3.6));
#3972=CARTESIAN_POINT('Origin',(151.125,-113.125,3.6));
#3973=CARTESIAN_POINT('',(164.125,-113.625,3.6));
#3974=CARTESIAN_POINT('',(151.125,-113.625,3.6));
#3975=CARTESIAN_POINT('',(164.625,-113.125,3.6));
#3976=CARTESIAN_POINT('Origin',(164.125,-113.125,3.6));
#3977=CARTESIAN_POINT('',(164.625,-100.125,3.6));
#3978=CARTESIAN_POINT('',(164.625,-100.125,3.6));
#3979=CARTESIAN_POINT('',(164.125,-99.625,3.6));
#3980=CARTESIAN_POINT('Origin',(164.125,-100.125,3.6));
#3981=CARTESIAN_POINT('',(151.125,-99.625,3.6));
#3982=CARTESIAN_POINT('',(131.575,-100.125,3.6));
#3983=CARTESIAN_POINT('',(132.075,-99.625,3.6));
#3984=CARTESIAN_POINT('Origin',(132.075,-100.125,3.6));
#3985=CARTESIAN_POINT('',(131.575,-113.125,3.6));
#3986=CARTESIAN_POINT('',(131.575,-100.125,3.6));
#3987=CARTESIAN_POINT('',(132.075,-113.625,3.6));
#3988=CARTESIAN_POINT('Origin',(132.075,-113.125,3.6));
#3989=CARTESIAN_POINT('',(145.075,-113.625,3.6));
#3990=CARTESIAN_POINT('',(132.075,-113.625,3.6));
#3991=CARTESIAN_POINT('',(145.575,-113.125,3.6));
#3992=CARTESIAN_POINT('Origin',(145.075,-113.125,3.6));
#3993=CARTESIAN_POINT('',(145.575,-100.125,3.6));
#3994=CARTESIAN_POINT('',(145.575,-100.125,3.6));
#3995=CARTESIAN_POINT('',(145.075,-99.625,3.6));
#3996=CARTESIAN_POINT('Origin',(145.075,-100.125,3.6));
#3997=CARTESIAN_POINT('',(132.075,-99.625,3.6));
#3998=CARTESIAN_POINT('',(112.525,-100.125,3.6));
#3999=CARTESIAN_POINT('',(113.025,-99.625,3.6));
#4000=CARTESIAN_POINT('Origin',(113.025,-100.125,3.6));
#4001=CARTESIAN_POINT('',(112.525,-113.125,3.6));
#4002=CARTESIAN_POINT('',(112.525,-100.125,3.6));
#4003=CARTESIAN_POINT('',(113.025,-113.625,3.6));
#4004=CARTESIAN_POINT('Origin',(113.025,-113.125,3.6));
#4005=CARTESIAN_POINT('',(126.025,-113.625,3.6));
#4006=CARTESIAN_POINT('',(113.025,-113.625,3.6));
#4007=CARTESIAN_POINT('',(126.525,-113.125,3.6));
#4008=CARTESIAN_POINT('Origin',(126.025,-113.125,3.6));
#4009=CARTESIAN_POINT('',(126.525,-100.125,3.6));
#4010=CARTESIAN_POINT('',(126.525,-100.125,3.6));
#4011=CARTESIAN_POINT('',(126.025,-99.625,3.6));
#4012=CARTESIAN_POINT('Origin',(126.025,-100.125,3.6));
#4013=CARTESIAN_POINT('',(113.025,-99.625,3.6));
#4014=CARTESIAN_POINT('',(150.625,-81.075,3.6));
#4015=CARTESIAN_POINT('',(151.125,-80.575,3.6));
#4016=CARTESIAN_POINT('Origin',(151.125,-81.075,3.6));
#4017=CARTESIAN_POINT('',(150.625,-94.075,3.6));
#4018=CARTESIAN_POINT('',(150.625,-81.075,3.6));
#4019=CARTESIAN_POINT('',(151.125,-94.575,3.6));
#4020=CARTESIAN_POINT('Origin',(151.125,-94.075,3.6));
#4021=CARTESIAN_POINT('',(164.125,-94.575,3.6));
#4022=CARTESIAN_POINT('',(151.125,-94.575,3.6));
#4023=CARTESIAN_POINT('',(164.625,-94.075,3.6));
#4024=CARTESIAN_POINT('Origin',(164.125,-94.075,3.6));
#4025=CARTESIAN_POINT('',(164.625,-81.075,3.6));
#4026=CARTESIAN_POINT('',(164.625,-81.075,3.6));
#4027=CARTESIAN_POINT('',(164.125,-80.575,3.6));
#4028=CARTESIAN_POINT('Origin',(164.125,-81.075,3.6));
#4029=CARTESIAN_POINT('',(151.125,-80.575,3.6));
#4030=CARTESIAN_POINT('',(150.625,-62.025,3.6));
#4031=CARTESIAN_POINT('',(151.125,-61.525,3.6));
#4032=CARTESIAN_POINT('Origin',(151.125,-62.025,3.6));
#4033=CARTESIAN_POINT('',(150.625,-75.025,3.6));
#4034=CARTESIAN_POINT('',(150.625,-62.025,3.6));
#4035=CARTESIAN_POINT('',(151.125,-75.525,3.6));
#4036=CARTESIAN_POINT('Origin',(151.125,-75.025,3.6));
#4037=CARTESIAN_POINT('',(164.125,-75.525,3.6));
#4038=CARTESIAN_POINT('',(151.125,-75.525,3.6));
#4039=CARTESIAN_POINT('',(164.625,-75.025,3.6));
#4040=CARTESIAN_POINT('Origin',(164.125,-75.025,3.6));
#4041=CARTESIAN_POINT('',(164.625,-62.025,3.6));
#4042=CARTESIAN_POINT('',(164.625,-62.025,3.6));
#4043=CARTESIAN_POINT('',(164.125,-61.525,3.6));
#4044=CARTESIAN_POINT('Origin',(164.125,-62.025,3.6));
#4045=CARTESIAN_POINT('',(151.125,-61.525,3.6));
#4046=CARTESIAN_POINT('',(112.525,-81.075,3.6));
#4047=CARTESIAN_POINT('',(113.025,-80.575,3.6));
#4048=CARTESIAN_POINT('Origin',(113.025,-81.075,3.6));
#4049=CARTESIAN_POINT('',(112.525,-94.075,3.6));
#4050=CARTESIAN_POINT('',(112.525,-81.075,3.6));
#4051=CARTESIAN_POINT('',(113.025,-94.575,3.6));
#4052=CARTESIAN_POINT('Origin',(113.025,-94.075,3.6));
#4053=CARTESIAN_POINT('',(126.025,-94.575,3.6));
#4054=CARTESIAN_POINT('',(113.025,-94.575,3.6));
#4055=CARTESIAN_POINT('',(126.525,-94.075,3.6));
#4056=CARTESIAN_POINT('Origin',(126.025,-94.075,3.6));
#4057=CARTESIAN_POINT('',(126.525,-81.075,3.6));
#4058=CARTESIAN_POINT('',(126.525,-81.075,3.6));
#4059=CARTESIAN_POINT('',(126.025,-80.575,3.6));
#4060=CARTESIAN_POINT('Origin',(126.025,-81.075,3.6));
#4061=CARTESIAN_POINT('',(113.025,-80.575,3.6));
#4062=CARTESIAN_POINT('',(131.575,-81.075,3.6));
#4063=CARTESIAN_POINT('',(132.075,-80.575,3.6));
#4064=CARTESIAN_POINT('Origin',(132.075,-81.075,3.6));
#4065=CARTESIAN_POINT('',(131.575,-94.075,3.6));
#4066=CARTESIAN_POINT('',(131.575,-81.075,3.6));
#4067=CARTESIAN_POINT('',(132.075,-94.575,3.6));
#4068=CARTESIAN_POINT('Origin',(132.075,-94.075,3.6));
#4069=CARTESIAN_POINT('',(145.075,-94.575,3.6));
#4070=CARTESIAN_POINT('',(132.075,-94.575,3.6));
#4071=CARTESIAN_POINT('',(145.575,-94.075,3.6));
#4072=CARTESIAN_POINT('Origin',(145.075,-94.075,3.6));
#4073=CARTESIAN_POINT('',(145.575,-81.075,3.6));
#4074=CARTESIAN_POINT('',(145.575,-81.075,3.6));
#4075=CARTESIAN_POINT('',(145.075,-80.575,3.6));
#4076=CARTESIAN_POINT('Origin',(145.075,-81.075,3.6));
#4077=CARTESIAN_POINT('',(132.075,-80.575,3.6));
#4078=CARTESIAN_POINT('',(131.575,-62.025,3.6));
#4079=CARTESIAN_POINT('',(132.075,-61.525,3.6));
#4080=CARTESIAN_POINT('Origin',(132.075,-62.025,3.6));
#4081=CARTESIAN_POINT('',(131.575,-75.025,3.6));
#4082=CARTESIAN_POINT('',(131.575,-62.025,3.6));
#4083=CARTESIAN_POINT('',(132.075,-75.525,3.6));
#4084=CARTESIAN_POINT('Origin',(132.075,-75.025,3.6));
#4085=CARTESIAN_POINT('',(145.075,-75.525,3.6));
#4086=CARTESIAN_POINT('',(132.075,-75.525,3.6));
#4087=CARTESIAN_POINT('',(145.575,-75.025,3.6));
#4088=CARTESIAN_POINT('Origin',(145.075,-75.025,3.6));
#4089=CARTESIAN_POINT('',(145.575,-62.025,3.6));
#4090=CARTESIAN_POINT('',(145.575,-62.025,3.6));
#4091=CARTESIAN_POINT('',(145.075,-61.525,3.6));
#4092=CARTESIAN_POINT('Origin',(145.075,-62.025,3.6));
#4093=CARTESIAN_POINT('',(132.075,-61.525,3.6));
#4094=CARTESIAN_POINT('Origin',(99.87,-121.04,3.6));
#4095=CARTESIAN_POINT('',(95.87,-121.04,3.6));
#4096=CARTESIAN_POINT('',(99.87,-125.04,3.6));
#4097=CARTESIAN_POINT('Origin',(95.87,-59.,3.6));
#4098=CARTESIAN_POINT('',(95.87,-33.84,3.975));
#4099=CARTESIAN_POINT('Origin',(99.87,-33.84,3.975));
#4100=CARTESIAN_POINT('Origin',(178.27,-33.84,3.975));
#4101=CARTESIAN_POINT('Origin',(148.27,-59.,3.6));
#4102=CARTESIAN_POINT('',(148.27,-59.,3.6));
#4103=CARTESIAN_POINT('Origin',(167.15,-59.,3.6));
#4104=CARTESIAN_POINT('',(129.994978505346,-59.,4.35));
#4105=CARTESIAN_POINT('Origin',(129.994978505346,-59.,5.1));
#4106=CARTESIAN_POINT('Origin',(112.525,-75.025,3.6));
#4107=CARTESIAN_POINT('',(112.525,-62.025,3.6));
#4108=CARTESIAN_POINT('',(112.525,-75.025,3.6));
#4109=CARTESIAN_POINT('Origin',(113.025,-75.025,3.6));
#4110=CARTESIAN_POINT('',(113.025,-75.525,3.6));
#4111=CARTESIAN_POINT('Origin',(126.025,-75.525,3.6));
#4112=CARTESIAN_POINT('',(126.025,-75.525,3.6));
#4113=CARTESIAN_POINT('Origin',(126.025,-75.025,3.6));
#4114=CARTESIAN_POINT('',(126.525,-75.025,3.6));
#4115=CARTESIAN_POINT('Origin',(126.525,-62.025,3.6));
#4116=CARTESIAN_POINT('',(126.525,-62.025,3.6));
#4117=CARTESIAN_POINT('Origin',(126.025,-62.025,3.6));
#4118=CARTESIAN_POINT('',(126.025,-61.525,3.6));
#4119=CARTESIAN_POINT('Origin',(113.025,-61.525,3.6));
#4120=CARTESIAN_POINT('',(113.025,-61.525,3.6));
#4121=CARTESIAN_POINT('Origin',(113.025,-62.025,3.6));
#4122=CARTESIAN_POINT('Origin',(150.625,-113.125,3.6));
#4123=CARTESIAN_POINT('',(150.625,-100.125,3.6));
#4124=CARTESIAN_POINT('',(150.625,-113.125,3.6));
#4125=CARTESIAN_POINT('Origin',(151.125,-113.125,3.6));
#4126=CARTESIAN_POINT('',(151.125,-113.625,3.6));
#4127=CARTESIAN_POINT('Origin',(164.125,-113.625,3.6));
#4128=CARTESIAN_POINT('',(164.125,-113.625,3.6));
#4129=CARTESIAN_POINT('Origin',(164.125,-113.125,3.6));
#4130=CARTESIAN_POINT('',(164.625,-113.125,3.6));
#4131=CARTESIAN_POINT('Origin',(164.625,-100.125,3.6));
#4132=CARTESIAN_POINT('',(164.625,-100.125,3.6));
#4133=CARTESIAN_POINT('Origin',(164.125,-100.125,3.6));
#4134=CARTESIAN_POINT('',(164.125,-99.625,3.6));
#4135=CARTESIAN_POINT('Origin',(151.125,-99.625,3.6));
#4136=CARTESIAN_POINT('',(151.125,-99.625,3.6));
#4137=CARTESIAN_POINT('Origin',(151.125,-100.125,3.6));
#4138=CARTESIAN_POINT('Origin',(131.575,-113.125,3.6));
#4139=CARTESIAN_POINT('',(131.575,-100.125,3.6));
#4140=CARTESIAN_POINT('',(131.575,-113.125,3.6));
#4141=CARTESIAN_POINT('Origin',(132.075,-113.125,3.6));
#4142=CARTESIAN_POINT('',(132.075,-113.625,3.6));
#4143=CARTESIAN_POINT('Origin',(145.075,-113.625,3.6));
#4144=CARTESIAN_POINT('',(145.075,-113.625,3.6));
#4145=CARTESIAN_POINT('Origin',(145.075,-113.125,3.6));
#4146=CARTESIAN_POINT('',(145.575,-113.125,3.6));
#4147=CARTESIAN_POINT('Origin',(145.575,-100.125,3.6));
#4148=CARTESIAN_POINT('',(145.575,-100.125,3.6));
#4149=CARTESIAN_POINT('Origin',(145.075,-100.125,3.6));
#4150=CARTESIAN_POINT('',(145.075,-99.625,3.6));
#4151=CARTESIAN_POINT('Origin',(132.075,-99.625,3.6));
#4152=CARTESIAN_POINT('',(132.075,-99.625,3.6));
#4153=CARTESIAN_POINT('Origin',(132.075,-100.125,3.6));
#4154=CARTESIAN_POINT('Origin',(112.525,-113.125,3.6));
#4155=CARTESIAN_POINT('',(112.525,-100.125,3.6));
#4156=CARTESIAN_POINT('',(112.525,-113.125,3.6));
#4157=CARTESIAN_POINT('Origin',(113.025,-113.125,3.6));
#4158=CARTESIAN_POINT('',(113.025,-113.625,3.6));
#4159=CARTESIAN_POINT('Origin',(126.025,-113.625,3.6));
#4160=CARTESIAN_POINT('',(126.025,-113.625,3.6));
#4161=CARTESIAN_POINT('Origin',(126.025,-113.125,3.6));
#4162=CARTESIAN_POINT('',(126.525,-113.125,3.6));
#4163=CARTESIAN_POINT('Origin',(126.525,-100.125,3.6));
#4164=CARTESIAN_POINT('',(126.525,-100.125,3.6));
#4165=CARTESIAN_POINT('Origin',(126.025,-100.125,3.6));
#4166=CARTESIAN_POINT('',(126.025,-99.625,3.6));
#4167=CARTESIAN_POINT('Origin',(113.025,-99.625,3.6));
#4168=CARTESIAN_POINT('',(113.025,-99.625,3.6));
#4169=CARTESIAN_POINT('Origin',(113.025,-100.125,3.6));
#4170=CARTESIAN_POINT('Origin',(150.625,-94.075,3.6));
#4171=CARTESIAN_POINT('',(150.625,-81.075,3.6));
#4172=CARTESIAN_POINT('',(150.625,-94.075,3.6));
#4173=CARTESIAN_POINT('Origin',(151.125,-94.075,3.6));
#4174=CARTESIAN_POINT('',(151.125,-94.575,3.6));
#4175=CARTESIAN_POINT('Origin',(164.125,-94.575,3.6));
#4176=CARTESIAN_POINT('',(164.125,-94.575,3.6));
#4177=CARTESIAN_POINT('Origin',(164.125,-94.075,3.6));
#4178=CARTESIAN_POINT('',(164.625,-94.075,3.6));
#4179=CARTESIAN_POINT('Origin',(164.625,-81.075,3.6));
#4180=CARTESIAN_POINT('',(164.625,-81.075,3.6));
#4181=CARTESIAN_POINT('Origin',(164.125,-81.075,3.6));
#4182=CARTESIAN_POINT('',(164.125,-80.575,3.6));
#4183=CARTESIAN_POINT('Origin',(151.125,-80.575,3.6));
#4184=CARTESIAN_POINT('',(151.125,-80.575,3.6));
#4185=CARTESIAN_POINT('Origin',(151.125,-81.075,3.6));
#4186=CARTESIAN_POINT('Origin',(150.625,-75.025,3.6));
#4187=CARTESIAN_POINT('',(150.625,-62.025,3.6));
#4188=CARTESIAN_POINT('',(150.625,-75.025,3.6));
#4189=CARTESIAN_POINT('Origin',(151.125,-75.025,3.6));
#4190=CARTESIAN_POINT('',(151.125,-75.525,3.6));
#4191=CARTESIAN_POINT('Origin',(164.125,-75.525,3.6));
#4192=CARTESIAN_POINT('',(164.125,-75.525,3.6));
#4193=CARTESIAN_POINT('Origin',(164.125,-75.025,3.6));
#4194=CARTESIAN_POINT('',(164.625,-75.025,3.6));
#4195=CARTESIAN_POINT('Origin',(164.625,-62.025,3.6));
#4196=CARTESIAN_POINT('',(164.625,-62.025,3.6));
#4197=CARTESIAN_POINT('Origin',(164.125,-62.025,3.6));
#4198=CARTESIAN_POINT('',(164.125,-61.525,3.6));
#4199=CARTESIAN_POINT('Origin',(151.125,-61.525,3.6));
#4200=CARTESIAN_POINT('',(151.125,-61.525,3.6));
#4201=CARTESIAN_POINT('Origin',(151.125,-62.025,3.6));
#4202=CARTESIAN_POINT('Origin',(112.525,-94.075,3.6));
#4203=CARTESIAN_POINT('',(112.525,-81.075,3.6));
#4204=CARTESIAN_POINT('',(112.525,-94.075,3.6));
#4205=CARTESIAN_POINT('Origin',(113.025,-94.075,3.6));
#4206=CARTESIAN_POINT('',(113.025,-94.575,3.6));
#4207=CARTESIAN_POINT('Origin',(126.025,-94.575,3.6));
#4208=CARTESIAN_POINT('',(126.025,-94.575,3.6));
#4209=CARTESIAN_POINT('Origin',(126.025,-94.075,3.6));
#4210=CARTESIAN_POINT('',(126.525,-94.075,3.6));
#4211=CARTESIAN_POINT('Origin',(126.525,-81.075,3.6));
#4212=CARTESIAN_POINT('',(126.525,-81.075,3.6));
#4213=CARTESIAN_POINT('Origin',(126.025,-81.075,3.6));
#4214=CARTESIAN_POINT('',(126.025,-80.575,3.6));
#4215=CARTESIAN_POINT('Origin',(113.025,-80.575,3.6));
#4216=CARTESIAN_POINT('',(113.025,-80.575,3.6));
#4217=CARTESIAN_POINT('Origin',(113.025,-81.075,3.6));
#4218=CARTESIAN_POINT('Origin',(131.575,-94.075,3.6));
#4219=CARTESIAN_POINT('',(131.575,-81.075,3.6));
#4220=CARTESIAN_POINT('',(131.575,-94.075,3.6));
#4221=CARTESIAN_POINT('Origin',(132.075,-94.075,3.6));
#4222=CARTESIAN_POINT('',(132.075,-94.575,3.6));
#4223=CARTESIAN_POINT('Origin',(145.075,-94.575,3.6));
#4224=CARTESIAN_POINT('',(145.075,-94.575,3.6));
#4225=CARTESIAN_POINT('Origin',(145.075,-94.075,3.6));
#4226=CARTESIAN_POINT('',(145.575,-94.075,3.6));
#4227=CARTESIAN_POINT('Origin',(145.575,-81.075,3.6));
#4228=CARTESIAN_POINT('',(145.575,-81.075,3.6));
#4229=CARTESIAN_POINT('Origin',(145.075,-81.075,3.6));
#4230=CARTESIAN_POINT('',(145.075,-80.575,3.6));
#4231=CARTESIAN_POINT('Origin',(132.075,-80.575,3.6));
#4232=CARTESIAN_POINT('',(132.075,-80.575,3.6));
#4233=CARTESIAN_POINT('Origin',(132.075,-81.075,3.6));
#4234=CARTESIAN_POINT('Origin',(131.575,-75.025,3.6));
#4235=CARTESIAN_POINT('',(131.575,-62.025,3.6));
#4236=CARTESIAN_POINT('',(131.575,-75.025,3.6));
#4237=CARTESIAN_POINT('Origin',(132.075,-75.025,3.6));
#4238=CARTESIAN_POINT('',(132.075,-75.525,3.6));
#4239=CARTESIAN_POINT('Origin',(145.075,-75.525,3.6));
#4240=CARTESIAN_POINT('',(145.075,-75.525,3.6));
#4241=CARTESIAN_POINT('Origin',(145.075,-75.025,3.6));
#4242=CARTESIAN_POINT('',(145.575,-75.025,3.6));
#4243=CARTESIAN_POINT('Origin',(145.575,-62.025,3.6));
#4244=CARTESIAN_POINT('',(145.575,-62.025,3.6));
#4245=CARTESIAN_POINT('Origin',(145.075,-62.025,3.6));
#4246=CARTESIAN_POINT('',(145.075,-61.525,3.6));
#4247=CARTESIAN_POINT('Origin',(132.075,-61.525,3.6));
#4248=CARTESIAN_POINT('',(132.075,-61.525,3.6));
#4249=CARTESIAN_POINT('Origin',(132.075,-62.025,3.6));
#4250=CARTESIAN_POINT('Origin',(110.,-125.04,3.6));
#4251=CARTESIAN_POINT('',(119.62,-87.27,5.595));
#4252=CARTESIAN_POINT('',(129.032,-73.834,1.595));
#4253=CARTESIAN_POINT('',(139.3275,-48.130015,1.595));
#4254=CARTESIAN_POINT('',(6.16297582203915E-32,-5.,-6.33785026093253E-32));
#4255=CARTESIAN_POINT('',(138.707,-68.153,5.595));
#4256=CARTESIAN_POINT('',(157.847,-68.153,5.595));
#4257=CARTESIAN_POINT('',(138.707,-106.32,5.595));
#4258=CARTESIAN_POINT('',(148.082,-110.41,1.595));
#4259=CARTESIAN_POINT('',(157.974,-106.32,5.595));
#4260=CARTESIAN_POINT('',(148.209,-91.36,1.595));
#4261=CARTESIAN_POINT('',(119.62,-68.053,6.595));
#4262=CARTESIAN_POINT('',(129.032,-91.36,1.595));
#4263=CARTESIAN_POINT('',(157.847,-87.27,5.595));
#4264=CARTESIAN_POINT('',(167.005,-72.818,1.595));
#4265=CARTESIAN_POINT('',(167.132,-91.995,1.595));
#4266=CARTESIAN_POINT('',(148.209,-73.453,1.595));
#4267=CARTESIAN_POINT('',(167.259,-107.87,1.595));
#4268=CARTESIAN_POINT('',(119.62,-106.32,5.595));
#4269=CARTESIAN_POINT('',(138.797,-87.27,5.595));
#4270=CARTESIAN_POINT('',(129.032,-110.156,1.595));
#4271=UNCERTAINTY_MEASURE_WITH_UNIT(LENGTH_MEASURE(0.01),#4311,
'DISTANCE_ACCURACY_VALUE',
'Maximum model space distance between geometric entities at asserted c
onnectivities');
#4272=UNCERTAINTY_MEASURE_WITH_UNIT(LENGTH_MEASURE(0.01),#4311,
'DISTANCE_ACCURACY_VALUE',
'Maximum model space distance between geometric entities at asserted c
onnectivities');
#4273=UNCERTAINTY_MEASURE_WITH_UNIT(LENGTH_MEASURE(0.01),#4311,
'DISTANCE_ACCURACY_VALUE',
'Maximum model space distance between geometric entities at asserted c
onnectivities');
#4274=UNCERTAINTY_MEASURE_WITH_UNIT(LENGTH_MEASURE(0.01),#4311,
'DISTANCE_ACCURACY_VALUE',
'Maximum model space distance between geometric entities at asserted c
onnectivities');
#4275=UNCERTAINTY_MEASURE_WITH_UNIT(LENGTH_MEASURE(0.01),#4311,
'DISTANCE_ACCURACY_VALUE',
'Maximum model space distance between geometric entities at asserted c
onnectivities');
#4276=UNCERTAINTY_MEASURE_WITH_UNIT(LENGTH_MEASURE(0.01),#4311,
'DISTANCE_ACCURACY_VALUE',
'Maximum model space distance between geometric entities at asserted c
onnectivities');
#4277=UNCERTAINTY_MEASURE_WITH_UNIT(LENGTH_MEASURE(0.01),#4311,
'DISTANCE_ACCURACY_VALUE',
'Maximum model space distance between geometric entities at asserted c
onnectivities');
#4278=UNCERTAINTY_MEASURE_WITH_UNIT(LENGTH_MEASURE(0.01),#4311,
'DISTANCE_ACCURACY_VALUE',
'Maximum model space distance between geometric entities at asserted c
onnectivities');
#4279=UNCERTAINTY_MEASURE_WITH_UNIT(LENGTH_MEASURE(0.01),#4311,
'DISTANCE_ACCURACY_VALUE',
'Maximum model space distance between geometric entities at asserted c
onnectivities');
#4280=UNCERTAINTY_MEASURE_WITH_UNIT(LENGTH_MEASURE(0.01),#4311,
'DISTANCE_ACCURACY_VALUE',
'Maximum model space distance between geometric entities at asserted c
onnectivities');
#4281=UNCERTAINTY_MEASURE_WITH_UNIT(LENGTH_MEASURE(0.01),#4311,
'DISTANCE_ACCURACY_VALUE',
'Maximum model space distance between geometric entities at asserted c
onnectivities');
#4282=UNCERTAINTY_MEASURE_WITH_UNIT(LENGTH_MEASURE(0.01),#4311,
'DISTANCE_ACCURACY_VALUE',
'Maximum model space distance between geometric entities at asserted c
onnectivities');
#4283=UNCERTAINTY_MEASURE_WITH_UNIT(LENGTH_MEASURE(0.01),#4311,
'DISTANCE_ACCURACY_VALUE',
'Maximum model space distance between geometric entities at asserted c
onnectivities');
#4284=UNCERTAINTY_MEASURE_WITH_UNIT(LENGTH_MEASURE(0.01),#4311,
'DISTANCE_ACCURACY_VALUE',
'Maximum model space distance between geometric entities at asserted c
onnectivities');
#4285=UNCERTAINTY_MEASURE_WITH_UNIT(LENGTH_MEASURE(0.01),#4311,
'DISTANCE_ACCURACY_VALUE',
'Maximum model space distance between geometric entities at asserted c
onnectivities');
#4286=UNCERTAINTY_MEASURE_WITH_UNIT(LENGTH_MEASURE(0.01),#4311,
'DISTANCE_ACCURACY_VALUE',
'Maximum model space distance between geometric entities at asserted c
onnectivities');
#4287=UNCERTAINTY_MEASURE_WITH_UNIT(LENGTH_MEASURE(0.01),#4311,
'DISTANCE_ACCURACY_VALUE',
'Maximum model space distance between geometric entities at asserted c
onnectivities');
#4288=UNCERTAINTY_MEASURE_WITH_UNIT(LENGTH_MEASURE(0.01),#4311,
'DISTANCE_ACCURACY_VALUE',
'Maximum model space distance between geometric entities at asserted c
onnectivities');
#4289=UNCERTAINTY_MEASURE_WITH_UNIT(LENGTH_MEASURE(0.01),#4311,
'DISTANCE_ACCURACY_VALUE',
'Maximum model space distance between geometric entities at asserted c
onnectivities');
#4290=UNCERTAINTY_MEASURE_WITH_UNIT(LENGTH_MEASURE(0.01),#4311,
'DISTANCE_ACCURACY_VALUE',
'Maximum model space distance between geometric entities at asserted c
onnectivities');
#4291=(
GEOMETRIC_REPRESENTATION_CONTEXT(3)
GLOBAL_UNCERTAINTY_ASSIGNED_CONTEXT((#4271))
GLOBAL_UNIT_ASSIGNED_CONTEXT((#4311,#4313,#4314))
REPRESENTATION_CONTEXT('','3D')
);
#4292=(
GEOMETRIC_REPRESENTATION_CONTEXT(3)
GLOBAL_UNCERTAINTY_ASSIGNED_CONTEXT((#4272))
GLOBAL_UNIT_ASSIGNED_CONTEXT((#4311,#4313,#4314))
REPRESENTATION_CONTEXT('','3D')
);
#4293=(
GEOMETRIC_REPRESENTATION_CONTEXT(3)
GLOBAL_UNCERTAINTY_ASSIGNED_CONTEXT((#4273))
GLOBAL_UNIT_ASSIGNED_CONTEXT((#4311,#4313,#4314))
REPRESENTATION_CONTEXT('','3D')
);
#4294=(
GEOMETRIC_REPRESENTATION_CONTEXT(3)
GLOBAL_UNCERTAINTY_ASSIGNED_CONTEXT((#4274))
GLOBAL_UNIT_ASSIGNED_CONTEXT((#4311,#4313,#4314))
REPRESENTATION_CONTEXT('','3D')
);
#4295=(
GEOMETRIC_REPRESENTATION_CONTEXT(3)
GLOBAL_UNCERTAINTY_ASSIGNED_CONTEXT((#4275))
GLOBAL_UNIT_ASSIGNED_CONTEXT((#4311,#4313,#4314))
REPRESENTATION_CONTEXT('','3D')
);
#4296=(
GEOMETRIC_REPRESENTATION_CONTEXT(3)
GLOBAL_UNCERTAINTY_ASSIGNED_CONTEXT((#4276))
GLOBAL_UNIT_ASSIGNED_CONTEXT((#4311,#4313,#4314))
REPRESENTATION_CONTEXT('','3D')
);
#4297=(
GEOMETRIC_REPRESENTATION_CONTEXT(3)
GLOBAL_UNCERTAINTY_ASSIGNED_CONTEXT((#4277))
GLOBAL_UNIT_ASSIGNED_CONTEXT((#4311,#4313,#4314))
REPRESENTATION_CONTEXT('','3D')
);
#4298=(
GEOMETRIC_REPRESENTATION_CONTEXT(3)
GLOBAL_UNCERTAINTY_ASSIGNED_CONTEXT((#4278))
GLOBAL_UNIT_ASSIGNED_CONTEXT((#4311,#4313,#4314))
REPRESENTATION_CONTEXT('','3D')
);
#4299=(
GEOMETRIC_REPRESENTATION_CONTEXT(3)
GLOBAL_UNCERTAINTY_ASSIGNED_CONTEXT((#4279))
GLOBAL_UNIT_ASSIGNED_CONTEXT((#4311,#4313,#4314))
REPRESENTATION_CONTEXT('','3D')
);
#4300=(
GEOMETRIC_REPRESENTATION_CONTEXT(3)
GLOBAL_UNCERTAINTY_ASSIGNED_CONTEXT((#4280))
GLOBAL_UNIT_ASSIGNED_CONTEXT((#4311,#4313,#4314))
REPRESENTATION_CONTEXT('','3D')
);
#4301=(
GEOMETRIC_REPRESENTATION_CONTEXT(3)
GLOBAL_UNCERTAINTY_ASSIGNED_CONTEXT((#4281))
GLOBAL_UNIT_ASSIGNED_CONTEXT((#4311,#4313,#4314))
REPRESENTATION_CONTEXT('','3D')
);
#4302=(
GEOMETRIC_REPRESENTATION_CONTEXT(3)
GLOBAL_UNCERTAINTY_ASSIGNED_CONTEXT((#4282))
GLOBAL_UNIT_ASSIGNED_CONTEXT((#4311,#4313,#4314))
REPRESENTATION_CONTEXT('','3D')
);
#4303=(
GEOMETRIC_REPRESENTATION_CONTEXT(3)
GLOBAL_UNCERTAINTY_ASSIGNED_CONTEXT((#4283))
GLOBAL_UNIT_ASSIGNED_CONTEXT((#4311,#4313,#4314))
REPRESENTATION_CONTEXT('','3D')
);
#4304=(
GEOMETRIC_REPRESENTATION_CONTEXT(3)
GLOBAL_UNCERTAINTY_ASSIGNED_CONTEXT((#4284))
GLOBAL_UNIT_ASSIGNED_CONTEXT((#4311,#4313,#4314))
REPRESENTATION_CONTEXT('','3D')
);
#4305=(
GEOMETRIC_REPRESENTATION_CONTEXT(3)
GLOBAL_UNCERTAINTY_ASSIGNED_CONTEXT((#4285))
GLOBAL_UNIT_ASSIGNED_CONTEXT((#4311,#4313,#4314))
REPRESENTATION_CONTEXT('','3D')
);
#4306=(
GEOMETRIC_REPRESENTATION_CONTEXT(3)
GLOBAL_UNCERTAINTY_ASSIGNED_CONTEXT((#4286))
GLOBAL_UNIT_ASSIGNED_CONTEXT((#4311,#4313,#4314))
REPRESENTATION_CONTEXT('','3D')
);
#4307=(
GEOMETRIC_REPRESENTATION_CONTEXT(3)
GLOBAL_UNCERTAINTY_ASSIGNED_CONTEXT((#4287))
GLOBAL_UNIT_ASSIGNED_CONTEXT((#4311,#4313,#4314))
REPRESENTATION_CONTEXT('','3D')
);
#4308=(
GEOMETRIC_REPRESENTATION_CONTEXT(3)
GLOBAL_UNCERTAINTY_ASSIGNED_CONTEXT((#4288))
GLOBAL_UNIT_ASSIGNED_CONTEXT((#4311,#4313,#4314))
REPRESENTATION_CONTEXT('','3D')
);
#4309=(
GEOMETRIC_REPRESENTATION_CONTEXT(3)
GLOBAL_UNCERTAINTY_ASSIGNED_CONTEXT((#4289))
GLOBAL_UNIT_ASSIGNED_CONTEXT((#4311,#4313,#4314))
REPRESENTATION_CONTEXT('','3D')
);
#4310=(
GEOMETRIC_REPRESENTATION_CONTEXT(3)
GLOBAL_UNCERTAINTY_ASSIGNED_CONTEXT((#4290))
GLOBAL_UNIT_ASSIGNED_CONTEXT((#4311,#4313,#4314))
REPRESENTATION_CONTEXT('','3D')
);
#4311=(
LENGTH_UNIT()
NAMED_UNIT(*)
SI_UNIT(.MILLI.,.METRE.)
);
#4312=(
LENGTH_UNIT()
NAMED_UNIT(*)
SI_UNIT($,.METRE.)
);
#4313=(
NAMED_UNIT(*)
PLANE_ANGLE_UNIT()
SI_UNIT($,.RADIAN.)
);
#4314=(
NAMED_UNIT(*)
SI_UNIT($,.STERADIAN.)
SOLID_ANGLE_UNIT()
);
#4315=SHAPE_DEFINITION_REPRESENTATION(#4334,#4427);
#4316=SHAPE_DEFINITION_REPRESENTATION(#4335,#4428);
#4317=SHAPE_DEFINITION_REPRESENTATION(#4336,#4429);
#4318=SHAPE_DEFINITION_REPRESENTATION(#4337,#4430);
#4319=SHAPE_DEFINITION_REPRESENTATION(#4338,#4431);
#4320=SHAPE_DEFINITION_REPRESENTATION(#4339,#4432);
#4321=SHAPE_DEFINITION_REPRESENTATION(#4340,#4433);
#4322=SHAPE_DEFINITION_REPRESENTATION(#4341,#4434);
#4323=SHAPE_DEFINITION_REPRESENTATION(#4342,#4435);
#4324=SHAPE_DEFINITION_REPRESENTATION(#4343,#4436);
#4325=SHAPE_DEFINITION_REPRESENTATION(#4344,#4437);
#4326=SHAPE_DEFINITION_REPRESENTATION(#4345,#4438);
#4327=SHAPE_DEFINITION_REPRESENTATION(#4346,#4439);
#4328=SHAPE_DEFINITION_REPRESENTATION(#4347,#4440);
#4329=SHAPE_DEFINITION_REPRESENTATION(#4348,#4441);
#4330=SHAPE_DEFINITION_REPRESENTATION(#4349,#4442);
#4331=SHAPE_DEFINITION_REPRESENTATION(#4350,#4443);
#4332=SHAPE_DEFINITION_REPRESENTATION(#4351,#4444);
#4333=SHAPE_DEFINITION_REPRESENTATION(#4406,#4445);
#4334=PRODUCT_DEFINITION_SHAPE('',$,#4447);
#4335=PRODUCT_DEFINITION_SHAPE('',$,#4448);
#4336=PRODUCT_DEFINITION_SHAPE('',$,#4449);
#4337=PRODUCT_DEFINITION_SHAPE('',$,#4450);
#4338=PRODUCT_DEFINITION_SHAPE('',$,#4451);
#4339=PRODUCT_DEFINITION_SHAPE('',$,#4452);
#4340=PRODUCT_DEFINITION_SHAPE('',$,#4453);
#4341=PRODUCT_DEFINITION_SHAPE('',$,#4454);
#4342=PRODUCT_DEFINITION_SHAPE('',$,#4455);
#4343=PRODUCT_DEFINITION_SHAPE('',$,#4456);
#4344=PRODUCT_DEFINITION_SHAPE('',$,#4457);
#4345=PRODUCT_DEFINITION_SHAPE('',$,#4458);
#4346=PRODUCT_DEFINITION_SHAPE('',$,#4459);
#4347=PRODUCT_DEFINITION_SHAPE('',$,#4460);
#4348=PRODUCT_DEFINITION_SHAPE('',$,#4461);
#4349=PRODUCT_DEFINITION_SHAPE('',$,#4462);
#4350=PRODUCT_DEFINITION_SHAPE('',$,#4463);
#4351=PRODUCT_DEFINITION_SHAPE('',$,#4464);
#4352=PRODUCT_DEFINITION_SHAPE($,$,#2318);
#4353=PRODUCT_DEFINITION_SHAPE($,$,#2319);
#4354=PRODUCT_DEFINITION_SHAPE($,$,#2320);
#4355=PRODUCT_DEFINITION_SHAPE($,$,#2321);
#4356=PRODUCT_DEFINITION_SHAPE($,$,#2322);
#4357=PRODUCT_DEFINITION_SHAPE($,$,#2323);
#4358=PRODUCT_DEFINITION_SHAPE($,$,#2324);
#4359=PRODUCT_DEFINITION_SHAPE($,$,#2325);
#4360=PRODUCT_DEFINITION_SHAPE($,$,#2326);
#4361=PRODUCT_DEFINITION_SHAPE($,$,#2327);
#4362=PRODUCT_DEFINITION_SHAPE($,$,#2328);
#4363=PRODUCT_DEFINITION_SHAPE($,$,#2329);
#4364=PRODUCT_DEFINITION_SHAPE($,$,#2330);
#4365=PRODUCT_DEFINITION_SHAPE($,$,#2331);
#4366=PRODUCT_DEFINITION_SHAPE($,$,#2332);
#4367=PRODUCT_DEFINITION_SHAPE($,$,#2333);
#4368=PRODUCT_DEFINITION_SHAPE($,$,#2334);
#4369=PRODUCT_DEFINITION_SHAPE($,$,#2335);
#4370=PRODUCT_DEFINITION_SHAPE($,$,#2336);
#4371=PRODUCT_DEFINITION_SHAPE($,$,#2337);
#4372=PRODUCT_DEFINITION_SHAPE($,$,#2338);
#4373=PRODUCT_DEFINITION_SHAPE($,$,#2339);
#4374=PRODUCT_DEFINITION_SHAPE($,$,#2340);
#4375=PRODUCT_DEFINITION_SHAPE($,$,#2341);
#4376=PRODUCT_DEFINITION_SHAPE($,$,#2342);
#4377=PRODUCT_DEFINITION_SHAPE($,$,#2343);
#4378=PRODUCT_DEFINITION_SHAPE($,$,#2344);
#4379=PRODUCT_DEFINITION_SHAPE($,$,#2345);
#4380=PRODUCT_DEFINITION_SHAPE($,$,#2346);
#4381=PRODUCT_DEFINITION_SHAPE($,$,#2347);
#4382=PRODUCT_DEFINITION_SHAPE($,$,#2348);
#4383=PRODUCT_DEFINITION_SHAPE($,$,#2349);
#4384=PRODUCT_DEFINITION_SHAPE($,$,#2350);
#4385=PRODUCT_DEFINITION_SHAPE($,$,#2351);
#4386=PRODUCT_DEFINITION_SHAPE($,$,#2352);
#4387=PRODUCT_DEFINITION_SHAPE($,$,#2353);
#4388=PRODUCT_DEFINITION_SHAPE($,$,#2354);
#4389=PRODUCT_DEFINITION_SHAPE($,$,#2355);
#4390=PRODUCT_DEFINITION_SHAPE($,$,#2356);
#4391=PRODUCT_DEFINITION_SHAPE($,$,#2357);
#4392=PRODUCT_DEFINITION_SHAPE($,$,#2358);
#4393=PRODUCT_DEFINITION_SHAPE($,$,#2359);
#4394=PRODUCT_DEFINITION_SHAPE($,$,#2360);
#4395=PRODUCT_DEFINITION_SHAPE($,$,#2361);
#4396=PRODUCT_DEFINITION_SHAPE($,$,#2362);
#4397=PRODUCT_DEFINITION_SHAPE($,$,#2363);
#4398=PRODUCT_DEFINITION_SHAPE($,$,#2364);
#4399=PRODUCT_DEFINITION_SHAPE($,$,#2365);
#4400=PRODUCT_DEFINITION_SHAPE($,$,#2366);
#4401=PRODUCT_DEFINITION_SHAPE($,$,#2367);
#4402=PRODUCT_DEFINITION_SHAPE($,$,#2368);
#4403=PRODUCT_DEFINITION_SHAPE($,$,#2369);
#4404=PRODUCT_DEFINITION_SHAPE($,$,#2370);
#4405=PRODUCT_DEFINITION_SHAPE($,$,#2371);
#4406=PRODUCT_DEFINITION_SHAPE('',$,#4465);
#4407=PRODUCT_DEFINITION_SHAPE($,$,#2372);
#4408=PRODUCT_DEFINITION_SHAPE($,$,#2373);
#4409=PRODUCT_DEFINITION_SHAPE($,$,#2374);
#4410=PRODUCT_DEFINITION_SHAPE($,$,#2375);
#4411=PRODUCT_DEFINITION_SHAPE($,$,#2376);
#4412=PRODUCT_DEFINITION_SHAPE($,$,#2377);
#4413=PRODUCT_DEFINITION_SHAPE($,$,#2378);
#4414=PRODUCT_DEFINITION_SHAPE($,$,#2379);
#4415=PRODUCT_DEFINITION_SHAPE($,$,#2380);
#4416=PRODUCT_DEFINITION_SHAPE($,$,#2381);
#4417=PRODUCT_DEFINITION_SHAPE($,$,#2382);
#4418=PRODUCT_DEFINITION_SHAPE($,$,#2383);
#4419=PRODUCT_DEFINITION_SHAPE($,$,#2384);
#4420=PRODUCT_DEFINITION_SHAPE($,$,#2385);
#4421=PRODUCT_DEFINITION_SHAPE($,$,#2386);
#4422=PRODUCT_DEFINITION_SHAPE($,$,#2387);
#4423=PRODUCT_DEFINITION_SHAPE($,$,#2388);
#4424=PRODUCT_DEFINITION_SHAPE($,$,#2389);
#4425=PRODUCT_DEFINITION_SHAPE($,$,#2390);
#4426=PRODUCT_DEFINITION_SHAPE($,$,#2391);
#4427=SHAPE_REPRESENTATION('',(#2492,#2762,#2763,#2764,#2765,#2766,#2767,
#2768,#2769,#2770,#2771,#2772,#2773,#2774,#2775,#2776,#2777,#2778,#2779,
#2780,#2781),#4291);
#4428=SHAPE_REPRESENTATION('',(#2493,#2510,#2511,#2512,#2513,#2514,#2515),
#4292);
#4429=SHAPE_REPRESENTATION('',(#2494),#4293);
#4430=SHAPE_REPRESENTATION('',(#2495),#4294);
#4431=SHAPE_REPRESENTATION('',(#2496,#2516,#2517,#2518,#2519,#2520,#2521),
#4295);
#4432=SHAPE_REPRESENTATION('',(#2497,#2522,#2523,#2524,#2525,#2526,#2527),
#4296);
#4433=SHAPE_REPRESENTATION('',(#2498,#2528,#2529,#2530,#2531,#2532,#2533),
#4297);
#4434=SHAPE_REPRESENTATION('',(#2499,#2534,#2535,#2536,#2537,#2538,#2539),
#4298);
#4435=SHAPE_REPRESENTATION('',(#2500,#2540,#2541,#2542,#2543,#2544,#2545),
#4299);
#4436=SHAPE_REPRESENTATION('',(#2501,#2546,#2547,#2548,#2549,#2550,#2551),
#4300);
#4437=SHAPE_REPRESENTATION('',(#2502,#2552,#2553,#2554,#2555,#2556,#2557),
#4301);
#4438=SHAPE_REPRESENTATION('',(#2503,#2558,#2559,#2560,#2561,#2562,#2563),
#4302);
#4439=SHAPE_REPRESENTATION('',(#2504),#4303);
#4440=SHAPE_REPRESENTATION('',(#2505),#4304);
#4441=SHAPE_REPRESENTATION('',(#2506),#4305);
#4442=SHAPE_REPRESENTATION('',(#2507),#4306);
#4443=SHAPE_REPRESENTATION('',(#2508),#4307);
#4444=SHAPE_REPRESENTATION('',(#2509),#4308);
#4445=SHAPE_REPRESENTATION('',(#2564),#4309);
#4446=PRODUCT_DEFINITION_CONTEXT('part definition',#4505,'design');
#4447=PRODUCT_DEFINITION('2026-05-26-15-08-04-988','blandpad',#4466,#4446);
#4448=PRODUCT_DEFINITION('2026-05-26-15-08-04-989',
'SW_Cherry_MX_1.00u_PCB',#4467,#4446);
#4449=PRODUCT_DEFINITION('2026-05-26-15-08-04-997',
'Seeed Studio XIAO RP2040 v26',#4468,#4446);
#4450=PRODUCT_DEFINITION('2026-05-26-15-08-04-998','Blandpad_PCB',#4469,
#4446);
#4451=PRODUCT_DEFINITION('2026-05-26-15-08-04-989_1',
'SW_Cherry_MX_1.00u_PCB',#4470,#4446);
#4452=PRODUCT_DEFINITION('2026-05-26-15-08-04-989_2',
'SW_Cherry_MX_1.00u_PCB',#4471,#4446);
#4453=PRODUCT_DEFINITION('2026-05-26-15-08-04-989_3',
'SW_Cherry_MX_1.00u_PCB',#4472,#4446);
#4454=PRODUCT_DEFINITION('2026-05-26-15-08-04-989_4',
'SW_Cherry_MX_1.00u_PCB',#4473,#4446);
#4455=PRODUCT_DEFINITION('2026-05-26-15-08-04-989_5',
'SW_Cherry_MX_1.00u_PCB',#4474,#4446);
#4456=PRODUCT_DEFINITION('2026-05-26-15-08-04-989_6',
'SW_Cherry_MX_1.00u_PCB',#4475,#4446);
#4457=PRODUCT_DEFINITION('2026-05-26-15-08-04-989_7',
'SW_Cherry_MX_1.00u_PCB',#4476,#4446);
#4458=PRODUCT_DEFINITION('2026-05-26-15-08-04-989_8',
'SW_Cherry_MX_1.00u_PCB',#4477,#4446);
#4459=PRODUCT_DEFINITION('2026-05-26-15-08-04-990','MX_DOWN',#4478,#4446);
#4460=PRODUCT_DEFINITION('2026-05-26-15-08-04-991','MX_UP',#4479,#4446);
#4461=PRODUCT_DEFINITION('2026-05-26-15-08-04-992','UP_MX',#4480,#4446);
#4462=PRODUCT_DEFINITION('2026-05-26-15-08-04-993','MX_PIN',#4481,#4446);
#4463=PRODUCT_DEFINITION('2026-05-26-15-08-04-994','MX_SPRING',#4482,#4446);
#4464=PRODUCT_DEFINITION('2026-05-26-15-08-04-995','MX_CLICK',#4483,#4446);
#4465=PRODUCT_DEFINITION('2026-05-26-15-08-04-996',
'D_DO-35_SOD27_P7.62mm_Horizontal',#4484,#4446);
#4466=PRODUCT_DEFINITION_FORMATION('',$,#4507);
#4467=PRODUCT_DEFINITION_FORMATION('',$,#4508);
#4468=PRODUCT_DEFINITION_FORMATION('',$,#4509);
#4469=PRODUCT_DEFINITION_FORMATION('',$,#4510);
#4470=PRODUCT_DEFINITION_FORMATION('',$,#4511);
#4471=PRODUCT_DEFINITION_FORMATION('',$,#4512);
#4472=PRODUCT_DEFINITION_FORMATION('',$,#4513);
#4473=PRODUCT_DEFINITION_FORMATION('',$,#4514);
#4474=PRODUCT_DEFINITION_FORMATION('',$,#4515);
#4475=PRODUCT_DEFINITION_FORMATION('',$,#4516);
#4476=PRODUCT_DEFINITION_FORMATION('',$,#4517);
#4477=PRODUCT_DEFINITION_FORMATION('',$,#4518);
#4478=PRODUCT_DEFINITION_FORMATION('',$,#4519);
#4479=PRODUCT_DEFINITION_FORMATION('',$,#4520);
#4480=PRODUCT_DEFINITION_FORMATION('',$,#4521);
#4481=PRODUCT_DEFINITION_FORMATION('',$,#4522);
#4482=PRODUCT_DEFINITION_FORMATION('',$,#4523);
#4483=PRODUCT_DEFINITION_FORMATION('',$,#4524);
#4484=PRODUCT_DEFINITION_FORMATION('',$,#4525);
#4485=PRODUCT_RELATED_PRODUCT_CATEGORY('blandpad','blandpad',(#4507));
#4486=PRODUCT_RELATED_PRODUCT_CATEGORY('SW_Cherry_MX_1.00u_PCB',
'SW_Cherry_MX_1.00u_PCB',(#4508));
#4487=PRODUCT_RELATED_PRODUCT_CATEGORY('Seeed Studio XIAO RP2040 v26',
'Seeed Studio XIAO RP2040 v26',(#4509));
#4488=PRODUCT_RELATED_PRODUCT_CATEGORY('Blandpad_PCB','Blandpad_PCB',(#4510));
#4489=PRODUCT_RELATED_PRODUCT_CATEGORY('SW_Cherry_MX_1.00u_PCB',
'SW_Cherry_MX_1.00u_PCB',(#4511));
#4490=PRODUCT_RELATED_PRODUCT_CATEGORY('SW_Cherry_MX_1.00u_PCB',
'SW_Cherry_MX_1.00u_PCB',(#4512));
#4491=PRODUCT_RELATED_PRODUCT_CATEGORY('SW_Cherry_MX_1.00u_PCB',
'SW_Cherry_MX_1.00u_PCB',(#4513));
#4492=PRODUCT_RELATED_PRODUCT_CATEGORY('SW_Cherry_MX_1.00u_PCB',
'SW_Cherry_MX_1.00u_PCB',(#4514));
#4493=PRODUCT_RELATED_PRODUCT_CATEGORY('SW_Cherry_MX_1.00u_PCB',
'SW_Cherry_MX_1.00u_PCB',(#4515));
#4494=PRODUCT_RELATED_PRODUCT_CATEGORY('SW_Cherry_MX_1.00u_PCB',
'SW_Cherry_MX_1.00u_PCB',(#4516));
#4495=PRODUCT_RELATED_PRODUCT_CATEGORY('SW_Cherry_MX_1.00u_PCB',
'SW_Cherry_MX_1.00u_PCB',(#4517));
#4496=PRODUCT_RELATED_PRODUCT_CATEGORY('SW_Cherry_MX_1.00u_PCB',
'SW_Cherry_MX_1.00u_PCB',(#4518));
#4497=PRODUCT_RELATED_PRODUCT_CATEGORY('MX_DOWN','MX_DOWN',(#4519));
#4498=PRODUCT_RELATED_PRODUCT_CATEGORY('MX_UP','MX_UP',(#4520));
#4499=PRODUCT_RELATED_PRODUCT_CATEGORY('UP_MX','UP_MX',(#4521));
#4500=PRODUCT_RELATED_PRODUCT_CATEGORY('MX_PIN','MX_PIN',(#4522));
#4501=PRODUCT_RELATED_PRODUCT_CATEGORY('MX_SPRING','MX_SPRING',(#4523));
#4502=PRODUCT_RELATED_PRODUCT_CATEGORY('MX_CLICK','MX_CLICK',(#4524));
#4503=PRODUCT_RELATED_PRODUCT_CATEGORY(
'D_DO-35_SOD27_P7.62mm_Horizontal','D_DO-35_SOD27_P7.62mm_Horizontal',(#4525));
#4504=APPLICATION_PROTOCOL_DEFINITION('international standard',
'automotive_design',2009,#4505);
#4505=APPLICATION_CONTEXT(
'Core Data for Automotive Mechanical Design Process');
#4506=PRODUCT_CONTEXT('part definition',#4505,'mechanical');
#4507=PRODUCT('2026-05-26-15-08-04-988','blandpad',
'KiCad electronic assembly',(#4506));
#4508=PRODUCT('2026-05-26-15-08-04-989','SW_Cherry_MX_1.00u_PCB',$,(#4506));
#4509=PRODUCT('2026-05-26-15-08-04-997','Seeed Studio XIAO RP2040 v26',
$,(#4506));
#4510=PRODUCT('2026-05-26-15-08-04-998','Blandpad_PCB',$,(#4506));
#4511=PRODUCT('2026-05-26-15-08-04-989_1','SW_Cherry_MX_1.00u_PCB',$,(#4506));
#4512=PRODUCT('2026-05-26-15-08-04-989_2','SW_Cherry_MX_1.00u_PCB',$,(#4506));
#4513=PRODUCT('2026-05-26-15-08-04-989_3','SW_Cherry_MX_1.00u_PCB',$,(#4506));
#4514=PRODUCT('2026-05-26-15-08-04-989_4','SW_Cherry_MX_1.00u_PCB',$,(#4506));
#4515=PRODUCT('2026-05-26-15-08-04-989_5','SW_Cherry_MX_1.00u_PCB',$,(#4506));
#4516=PRODUCT('2026-05-26-15-08-04-989_6','SW_Cherry_MX_1.00u_PCB',$,(#4506));
#4517=PRODUCT('2026-05-26-15-08-04-989_7','SW_Cherry_MX_1.00u_PCB',$,(#4506));
#4518=PRODUCT('2026-05-26-15-08-04-989_8','SW_Cherry_MX_1.00u_PCB',$,(#4506));
#4519=PRODUCT('2026-05-26-15-08-04-990','MX_DOWN',$,(#4506));
#4520=PRODUCT('2026-05-26-15-08-04-991','MX_UP',$,(#4506));
#4521=PRODUCT('2026-05-26-15-08-04-992','UP_MX',$,(#4506));
#4522=PRODUCT('2026-05-26-15-08-04-993','MX_PIN',$,(#4506));
#4523=PRODUCT('2026-05-26-15-08-04-994','MX_SPRING',$,(#4506));
#4524=PRODUCT('2026-05-26-15-08-04-995','MX_CLICK',$,(#4506));
#4525=PRODUCT('2026-05-26-15-08-04-996',
'D_DO-35_SOD27_P7.62mm_Horizontal',$,(#4506));
#4526=PRESENTATION_STYLE_ASSIGNMENT((#4533));
#4527=PRESENTATION_STYLE_ASSIGNMENT((#4534));
#4528=PRESENTATION_STYLE_ASSIGNMENT((#4535));
#4529=PRESENTATION_STYLE_ASSIGNMENT((#4536));
#4530=PRESENTATION_STYLE_ASSIGNMENT((#4537));
#4531=PRESENTATION_STYLE_ASSIGNMENT((#4538));
#4532=PRESENTATION_STYLE_ASSIGNMENT((#4539));
#4533=SURFACE_STYLE_USAGE(.BOTH.,#4540);
#4534=SURFACE_STYLE_USAGE(.BOTH.,#4541);
#4535=SURFACE_STYLE_USAGE(.BOTH.,#4542);
#4536=SURFACE_STYLE_USAGE(.BOTH.,#4543);
#4537=SURFACE_STYLE_USAGE(.BOTH.,#4544);
#4538=SURFACE_STYLE_USAGE(.BOTH.,#4545);
#4539=SURFACE_STYLE_USAGE(.BOTH.,#4546);
#4540=SURFACE_SIDE_STYLE('',(#4547));
#4541=SURFACE_SIDE_STYLE('',(#4548));
#4542=SURFACE_SIDE_STYLE('',(#4549));
#4543=SURFACE_SIDE_STYLE('',(#4550));
#4544=SURFACE_SIDE_STYLE('',(#4551));
#4545=SURFACE_SIDE_STYLE('',(#4552));
#4546=SURFACE_SIDE_STYLE('',(#4553));
#4547=SURFACE_STYLE_FILL_AREA(#4554);
#4548=SURFACE_STYLE_FILL_AREA(#4555);
#4549=SURFACE_STYLE_FILL_AREA(#4556);
#4550=SURFACE_STYLE_FILL_AREA(#4557);
#4551=SURFACE_STYLE_FILL_AREA(#4558);
#4552=SURFACE_STYLE_FILL_AREA(#4559);
#4553=SURFACE_STYLE_FILL_AREA(#4560);
#4554=FILL_AREA_STYLE('Steel - Satin',(#4561));
#4555=FILL_AREA_STYLE('Base material - Transparent',(#4562));
#4556=FILL_AREA_STYLE('Plastic - Matte (Black)',(#4563));
#4557=FILL_AREA_STYLE('Opaque(80,124,105)',(#4564));
#4558=FILL_AREA_STYLE('Opaque(210,209,199)',(#4565));
#4559=FILL_AREA_STYLE('Opaque(178,25,13)',(#4566));
#4560=FILL_AREA_STYLE('Opaque(0,161,191)',(#4567));
#4561=FILL_AREA_STYLE_COLOUR('Steel - Satin',#4568);
#4562=FILL_AREA_STYLE_COLOUR('Base material - Transparent',#4569);
#4563=FILL_AREA_STYLE_COLOUR('Plastic - Matte (Black)',#4570);
#4564=FILL_AREA_STYLE_COLOUR('Opaque(80,124,105)',#4571);
#4565=FILL_AREA_STYLE_COLOUR('Opaque(210,209,199)',#4572);
#4566=FILL_AREA_STYLE_COLOUR('Opaque(178,25,13)',#4573);
#4567=FILL_AREA_STYLE_COLOUR('Opaque(0,161,191)',#4574);
#4568=COLOUR_RGB('Steel - Satin',0.627450980392157,0.627450980392157,0.627450980392157);
#4569=COLOUR_RGB('Base material - Transparent',0.701960784313725,0.701960784313725,
0.701960784313725);
#4570=COLOUR_RGB('Plastic - Matte (Black)',0.0980392156862745,0.0980392156862745,
0.0980392156862745);
#4571=COLOUR_RGB('Opaque(80,124,105)',0.313725490196078,0.486274509803922,
0.411764705882353);
#4572=COLOUR_RGB('Opaque(210,209,199)',0.823529411764706,0.819607843137255,
0.780392156862745);
#4573=COLOUR_RGB('Opaque(178,25,13)',0.698039215686274,0.0980392156862745,
0.0509803921568627);
#4574=COLOUR_RGB('Opaque(0,161,191)',0.,0.631372549019608,0.749019607843137);
ENDSEC;
END-ISO-10303-21;
